Municipio,Año,NDVI,ALLSKY_SFC_LW_DWN,GWETROOT,PRECTOTCORR,PS,RH2M,T2M,WS2M,Código Dane municipio,Área sembrada (ha),Área cosechada (ha),Producción (t),Rendimiento (t/ha)
Aguadas,2007,0.4756375,31.97833333333333,0.7399999999999999,1361.99,81.66083333333333,86.08999999999999,17.62333333333333,0.2325,17013,4626.0,4173.0,4063.0,0.97
Aguadas,2008,0.5346208333333333,31.9375,0.6558333333333334,1236.36,81.65083333333332,82.53,17.843333333333334,0.215,17013,4604.0,4085.0,3458.0,0.85
Aguadas,2009,0.5800583333333333,31.988333333333333,0.915,2151.51,81.63583333333334,88.12,17.746666666666666,0.2141666666666667,17013,4624.0,411.0,4110.0,1.0
Aguadas,2010,0.5557916666666667,32.0175,0.8908333333333333,2778.63,81.65833333333333,88.43416666666667,17.826666666666664,0.2183333333333333,17013,4615.0,38.0,3800.0,1.0
Aguadas,2011,0.6349625,31.83083333333333,0.96,2921.37,81.63833333333334,89.3675,17.225833333333334,0.2241666666666666,17013,4584.0,3939.0,3939.0,1.0
Aguadas,2012,0.5889916666666667,31.824166666666667,0.95,2925.64,81.64916666666666,88.72166666666668,17.435,0.21,17013,4603.0,2650.0,265.0,1.0
Aguadas,2013,0.5374291666666667,31.945000000000004,0.96,2976.77,81.65333333333334,89.20833333333333,17.649166666666666,0.2066666666666666,17013,4654.0,3572.0,2784.0,0.78
Aguadas,2014,0.5032083333333334,31.9275,0.9275,2677.38,81.65916666666666,88.61416666666666,17.731666666666666,0.2091666666666667,17013,4509.0,3723.0,3138.0,0.84
Aguadas,2015,0.5956833333333333,31.936666666666667,0.7816666666666667,1465.53,81.65666666666667,85.45666666666666,18.1325,0.2091666666666666,17013,4476.0,3725.0,4198.0,1.13
Aguadas,2016,0.5690416666666667,32.016666666666666,0.7541666666666668,1906.77,81.69916666666667,85.98833333333333,18.38416666666667,0.205,17013,4415.0,3602.0,4199.0,1.17
Aguadas,2017,0.5596541666666667,31.851666666666663,0.9141666666666666,2357.33,81.69166666666666,88.55333333333334,17.761666666666667,0.2133333333333333,17013,429.0,3379.0,3986.0,1.18
Aguadas,2018,0.5421583333333334,31.7825,0.8958333333333334,2106.68,81.67083333333333,88.42583333333333,17.603333333333335,0.205,17013,4205.0,339.0,4091.0,1.21
Aguadas,2019,0.6324333333333333,31.7975,0.8441666666666667,2124.5,81.68333333333334,87.56333333333333,18.136666666666667,0.2058333333333333,17013,4094.0,3079.0,4068.0,1.32
Aguadas,2020,0.5798458333333333,31.741666666666664,0.785,1701.71,81.69166666666666,86.82333333333332,18.094166666666663,0.2308333333333333,17013,4062.0,3167.0,3869.0,1.22
Aguadas,2021,0.453575,31.83583333333333,0.6583333333333333,1126.36,81.66583333333334,83.28750000000001,18.313333333333333,0.2141666666666667,17013,4021.23,3065.96,3127.28,1.02
Aguadas,2022,0.3653791666666666,31.73583333333333,0.9175,2723.89,81.66583333333334,89.2075,17.550833333333333,0.2108333333333333,17013,4059.6,3177.86,3036.19,0.96
Aguadas,2023,0.6647041666666667,31.58583333333333,0.8658333333333333,2048.06,81.68166666666667,87.69333333333333,18.084166666666665,0.2225,17013,4037.99,3189.87,3514.23,1.1
Aguadas,2024,0.6074208333333333,31.951666666666668,0.8191666666666667,2238.15,81.70583333333333,87.02333333333333,18.743333333333336,0.2125,17013,3994.28,2986.83,4066.56,1.36
Anserma,2007,0.7771125,31.97833333333333,0.7200000000000001,1164.3,78.91333333333334,85.51666666666667,15.911666666666669,0.3033333333333333,17042,7125.0,5485.0,7131.0,1.3
Anserma,2008,0.7690250000000001,31.9375,0.6641666666666667,1268.48,78.90083333333332,84.32416666666667,15.875,0.2975,17042,6967.0,4985.0,5982.0,1.2
Anserma,2009,0.7766958333333333,31.988333333333333,0.8383333333333334,1809.62,78.89,86.99083333333334,16.05666666666667,0.2875,17042,6714.0,4785.0,6359.0,1.33
Anserma,2010,0.7238083333333334,32.0175,0.8433333333333334,2306.36,78.91333333333334,87.40750000000001,16.170833333333334,0.2916666666666667,17042,6838.0,615.0,7995.0,1.3
Anserma,2011,0.7630374999999999,31.83083333333333,0.9225,2576.44,78.885,88.25,15.599166666666669,0.3058333333333333,17042,6781.0,5254.0,5910.0,1.13
Anserma,2012,0.7696958333333334,31.824166666666667,0.9133333333333332,2560.38,78.89999999999999,87.56583333333333,15.755,0.2891666666666666,17042,3256.0,2605.0,2605.0,1.0
Anserma,2013,0.7729625000000001,31.945000000000004,0.9308333333333332,2728.97,78.90666666666667,88.12333333333333,16.006666666666668,0.2825,17042,6612.0,5098.0,4970.0,0.97
Anserma,2014,0.8028375,31.9275,0.8958333333333334,2404.87,78.91166666666666,87.52833333333332,16.063333333333333,0.2858333333333333,17042,6617.0,5276.0,5561.0,1.05
Anserma,2015,0.7733500000000001,31.936666666666667,0.775,1332.92,78.91666666666667,85.04583333333333,16.340833333333332,0.2841666666666667,17042,6594.0,5234.0,6215.0,1.19
Anserma,2016,0.7328583333333333,32.016666666666666,0.7200000000000001,1728.86,78.95833333333333,85.72666666666667,16.599166666666665,0.2733333333333334,17042,651.0,5066.0,6221.0,1.23
Anserma,2017,0.7258041666666667,31.851666666666663,0.8741666666666666,2211.96,78.94083333333333,87.38333333333333,16.140833333333333,0.2875,17042,6345.0,4707.0,5950.0,1.26
Anserma,2018,0.7613625,31.7825,0.8775,1983.61,78.91916666666667,87.29166666666667,15.970833333333331,0.285,17042,6249.0,4804.0,6211.0,1.29
Anserma,2019,0.7278916666666667,31.7975,0.8383333333333334,1998.93,78.93833333333333,86.88416666666667,16.418333333333333,0.2766666666666666,17042,5571.0,4099.0,5427.0,1.32
Anserma,2020,0.7576125,31.741666666666664,0.7908333333333334,1584.91,78.94500000000001,86.1475,16.459166666666665,0.2966666666666667,17042,5473.0,3952.0,4837.0,1.22
Anserma,2021,0.7406208333333333,31.83583333333333,0.7158333333333333,1228.52,78.92,84.85666666666667,16.411666666666665,0.2891666666666666,17042,5401.55,3910.38,3558.45,0.91
Anserma,2022,0.7497083333333333,31.73583333333333,0.89,2527.64,78.91666666666667,88.09166666666665,15.955833333333333,0.2791666666666667,17042,5264.39,4045.6,4757.89,1.18
Anserma,2023,0.7252833333333334,31.58583333333333,0.8483333333333333,1918.92,78.94,86.70083333333334,16.44666666666667,0.2908333333333333,17042,5298.05,4080.67,3673.26,0.9
Anserma,2024,0.76145,31.951666666666668,0.8108333333333334,2077.82,78.97,86.6275,16.99416666666667,0.2783333333333333,17042,5305.04,3937.98,3899.3,0.99
Aranzazu,2007,0.4222791666666667,31.97833333333333,0.7399999999999999,1361.99,81.66083333333333,86.08999999999999,17.62333333333333,0.2325,1705,2597.0,2222.0,2254.0,1.01
Aranzazu,2008,0.4355333333333333,31.9375,0.6558333333333334,1236.36,81.65083333333332,82.53,17.843333333333334,0.215,1705,2409.0,2154.0,2040.0,0.95
Aranzazu,2009,0.40955,31.988333333333333,0.915,2151.51,81.63583333333334,88.12,17.746666666666666,0.2141666666666667,1705,2306.0,2086.0,1825.0,0.87
Aranzazu,2010,0.41185,32.0175,0.8908333333333333,2778.63,81.65833333333333,88.43416666666667,17.826666666666664,0.2183333333333333,1705,2291.0,1999.0,1999.0,1.0
Aranzazu,2011,0.4138,31.83083333333333,0.96,2921.37,81.63833333333334,89.3675,17.225833333333334,0.2241666666666666,1705,2269.0,1891.0,1512.0,0.8
Aranzazu,2012,0.4290125,31.824166666666667,0.95,2925.64,81.64916666666666,88.72166666666668,17.435,0.21,1705,2269.0,1891.0,1891.0,1.0
Aranzazu,2013,0.4533416666666667,31.945000000000004,0.96,2976.77,81.65333333333334,89.20833333333333,17.649166666666666,0.2066666666666666,1705,1954.0,1555.0,1516.0,0.97
Aranzazu,2014,0.4167958333333333,31.9275,0.9275,2677.38,81.65916666666666,88.61416666666666,17.731666666666666,0.2091666666666667,1705,1948.0,1628.0,1716.0,1.05
Aranzazu,2015,0.4524708333333334,31.936666666666667,0.7816666666666667,1465.53,81.65666666666667,85.45666666666666,18.1325,0.2091666666666666,1705,1899.0,1587.0,1749.0,1.1
Aranzazu,2016,0.4633166666666666,32.016666666666666,0.7541666666666668,1906.77,81.69916666666667,85.98833333333333,18.38416666666667,0.205,1705,1909.0,1564.0,1782.0,1.14
Aranzazu,2017,0.4399833333333333,31.851666666666663,0.9141666666666666,2357.33,81.69166666666666,88.55333333333334,17.761666666666667,0.2133333333333333,1705,1909.0,1579.0,2488.0,1.58
Aranzazu,2018,0.4714583333333333,31.7825,0.8958333333333334,2106.68,81.67083333333333,88.42583333333333,17.603333333333335,0.205,1705,1872.0,1517.0,2445.0,1.61
Aranzazu,2019,0.459225,31.7975,0.8441666666666667,2124.5,81.68333333333334,87.56333333333333,18.136666666666667,0.2058333333333333,17050,1758.0,1379.0,1771.0,1.28
Aranzazu,2020,0.4824833333333333,31.741666666666664,0.785,1701.71,81.69166666666666,86.82333333333332,18.094166666666663,0.2308333333333333,17050,1739.0,1404.0,333.6,0.24
Aranzazu,2021,0.4396708333333333,31.83583333333333,0.6583333333333333,1126.36,81.66583333333334,83.28750000000001,18.313333333333333,0.2141666666666667,17050,1593.36,1283.76,1386.46,1.08
Aranzazu,2022,0.4372,31.73583333333333,0.9175,2723.89,81.66583333333334,89.2075,17.550833333333333,0.2108333333333333,17050,1581.8,1289.04,1263.2,0.98
Aranzazu,2023,0.5142208333333333,31.58583333333333,0.8658333333333333,2048.06,81.68166666666667,87.69333333333333,18.084166666666665,0.2225,17050,1535.46,1243.74,1355.6,1.09
Aranzazu,2024,0.4751041666666666,31.951666666666668,0.8191666666666667,2238.15,81.70583333333333,87.02333333333333,18.743333333333336,0.2125,17050,1453.65,1141.33,1539.79,1.35
Belalcazar,2007,0.7148541666666667,31.4625,0.7200000000000001,1164.3,78.91333333333334,85.51666666666667,15.911666666666669,0.3033333333333333,17088,3734.0,3196.0,3835.0,1.2
Belalcazar,2008,0.6322166666666666,31.409166666666668,0.6641666666666667,1268.48,78.90083333333332,84.32416666666667,15.875,0.2975,17088,3754.0,3225.0,4656.0,1.44
Belalcazar,2009,0.5900166666666666,31.438333333333333,0.8383333333333334,1809.62,78.89,86.99083333333334,16.05666666666667,0.2875,17088,3507.0,3464.0,3308.0,0.96
Belalcazar,2010,0.6383666666666666,31.44083333333333,0.8433333333333334,2306.36,78.91333333333334,87.40750000000001,16.170833333333334,0.2916666666666667,17088,3612.0,3246.0,3895.0,1.2
Belalcazar,2011,0.7126333333333333,31.291666666666668,0.9225,2576.44,78.885,88.25,15.599166666666669,0.3058333333333333,17088,3329.0,2453.0,2453.0,1.0
Belalcazar,2012,0.6549875000000001,31.27083333333333,0.9133333333333332,2560.38,78.89999999999999,87.56583333333333,15.755,0.2891666666666666,17088,6785.0,30.0,3000.0,1.0
Belalcazar,2013,0.6598583333333333,31.449166666666667,0.9308333333333332,2728.97,78.90666666666667,88.12333333333333,16.006666666666668,0.2825,17088,3417.0,2505.0,2442.0,0.97
Belalcazar,2014,0.6555583333333334,31.411666666666665,0.8958333333333334,2404.87,78.91166666666666,87.52833333333332,16.063333333333333,0.2858333333333333,17088,3349.0,2709.0,2856.0,1.05
Belalcazar,2015,0.6940333333333334,31.42,0.775,1332.92,78.91666666666667,85.04583333333333,16.340833333333332,0.2841666666666667,17088,3251.0,2687.0,3079.0,1.15
Belalcazar,2016,0.6874416666666666,31.493333333333336,0.7200000000000001,1728.86,78.95833333333333,85.72666666666667,16.599166666666665,0.2733333333333334,17088,31.0,2512.0,2977.0,1.19
Belalcazar,2017,0.71015,31.34166666666667,0.8741666666666666,2211.96,78.94083333333333,87.38333333333333,16.140833333333333,0.2875,17088,3058.0,2189.0,3321.0,1.52
Belalcazar,2018,0.6583416666666667,31.328333333333333,0.8775,1983.61,78.91916666666667,87.29166666666667,15.970833333333331,0.285,17088,2981.0,2073.0,3216.0,1.55
Belalcazar,2019,0.6449625,31.379166666666663,0.8383333333333334,1998.93,78.93833333333333,86.88416666666667,16.418333333333333,0.2766666666666666,17088,2890.0,2085.0,2752.0,1.32
Belalcazar,2020,0.6858541666666667,31.3225,0.7908333333333334,1584.91,78.94500000000001,86.1475,16.459166666666665,0.2966666666666667,17088,2757.0,2034.0,496.4,0.24
Belalcazar,2021,0.6978208333333334,31.42333333333333,0.7158333333333333,1228.52,78.92,84.85666666666667,16.411666666666665,0.2891666666666666,17088,2600.69,1810.62,1973.58,1.09
Belalcazar,2022,0.518225,31.01333333333333,0.89,2527.64,78.91666666666667,88.09166666666665,15.955833333333333,0.2791666666666667,17088,2568.45,1950.93,2272.09,1.16
Belalcazar,2023,0.728425,30.894166666666667,0.8483333333333333,1918.92,78.94,86.70083333333334,16.44666666666667,0.2908333333333333,17088,2555.32,1962.68,2230.35,1.14
Belalcazar,2024,0.6962083333333333,31.203333333333333,0.8108333333333334,2077.82,78.97,86.6275,16.99416666666667,0.2783333333333333,17088,2505.16,1796.41,2534.75,1.41
Chinchina,2007,0.4415208333333333,31.4625,0.7200000000000001,1164.3,78.91333333333334,85.51666666666667,15.911666666666669,0.3033333333333333,17174,5632.0,5631.0,9203.0,1.63
Chinchina,2008,0.428675,31.409166666666668,0.6641666666666667,1268.48,78.90083333333332,84.32416666666667,15.875,0.2975,17174,5177.0,4477.0,7263.0,1.62
Chinchina,2009,0.4702583333333334,31.438333333333333,0.8383333333333334,1809.62,78.89,86.99083333333334,16.05666666666667,0.2875,17174,5052.0,45.0,7200.0,1.6
Chinchina,2010,0.4235458333333333,31.44083333333333,0.8433333333333334,2306.36,78.91333333333334,87.40750000000001,16.170833333333334,0.2916666666666667,17174,4957.0,4229.0,6344.0,1.5
Chinchina,2011,0.4563666666666666,31.291666666666668,0.9225,2576.44,78.885,88.25,15.599166666666669,0.3058333333333333,17174,4906.0,4022.0,5631.0,1.4
Chinchina,2012,0.4593083333333334,31.27083333333333,0.9133333333333332,2560.38,78.89999999999999,87.56583333333333,15.755,0.2891666666666666,17174,4906.0,4022.0,4022.0,1.0
Chinchina,2013,0.4995541666666667,31.449166666666667,0.9308333333333332,2728.97,78.90666666666667,88.12333333333333,16.006666666666668,0.2825,17174,4602.0,3235.0,3154.0,0.97
Chinchina,2014,0.4060833333333333,31.411666666666665,0.8958333333333334,2404.87,78.91166666666666,87.52833333333332,16.063333333333333,0.2858333333333333,17174,4394.0,3079.0,3246.0,1.05
Chinchina,2015,0.3982666666666667,31.42,0.775,1332.92,78.91666666666667,85.04583333333333,16.340833333333332,0.2841666666666667,17174,4283.0,3113.0,4113.0,1.32
Chinchina,2016,0.4272041666666666,31.493333333333336,0.7200000000000001,1728.86,78.95833333333333,85.72666666666667,16.599166666666665,0.2733333333333334,17174,4132.0,2944.0,4022.0,1.37
Chinchina,2017,0.4517541666666667,31.34166666666667,0.8741666666666666,2211.96,78.94083333333333,87.38333333333333,16.140833333333333,0.2875,17174,4218.0,2581.0,3321.0,1.29
Chinchina,2018,0.3902916666666667,31.328333333333333,0.8775,1983.61,78.91916666666667,87.29166666666667,15.970833333333331,0.285,17174,4252.0,2582.0,3397.0,1.32
Chinchina,2019,0.4068208333333333,31.379166666666663,0.8383333333333334,1998.93,78.93833333333333,86.88416666666667,16.418333333333333,0.2766666666666666,17174,3989.0,2696.0,3626.0,1.34
Chinchina,2020,0.4404791666666667,31.3225,0.7908333333333334,1584.91,78.94500000000001,86.1475,16.459166666666665,0.2966666666666667,17174,3941.0,2899.0,3605.0,1.24
Chinchina,2021,0.3702583333333333,31.42333333333333,0.7158333333333333,1228.52,78.92,84.85666666666667,16.411666666666665,0.2891666666666666,17174,3769.41,2571.07,2802.47,1.09
Chinchina,2022,0.3515375,31.01333333333333,0.89,2527.64,78.91666666666667,88.09166666666665,15.955833333333333,0.2791666666666667,17174,3801.83,2487.43,2539.68,1.02
Chinchina,2023,0.4267625,30.894166666666667,0.8483333333333333,1918.92,78.94,86.70083333333334,16.44666666666667,0.2908333333333333,17174,3764.33,2332.1,2219.1,0.95
Chinchina,2024,0.4265874999999999,31.203333333333333,0.8108333333333334,2077.82,78.97,86.6275,16.99416666666667,0.2783333333333333,17174,3666.96,2351.82,2765.36,1.18
Filadelfia,2007,0.7170208333333333,31.97833333333333,0.7399999999999999,1361.99,81.66083333333333,86.08999999999999,17.62333333333333,0.2325,17272,2787.0,2604.0,3162.0,1.21
Filadelfia,2008,0.6920125,31.9375,0.6558333333333334,1236.36,81.65083333333332,82.53,17.843333333333334,0.215,17272,2735.0,2132.0,2959.0,1.39
Filadelfia,2009,0.7193291666666667,31.988333333333333,0.915,2151.51,81.63583333333334,88.12,17.746666666666666,0.2141666666666667,17272,2687.0,24.0,3120.0,1.3
Filadelfia,2010,0.6166874999999999,32.0175,0.8908333333333333,2778.63,81.65833333333333,88.43416666666667,17.826666666666664,0.2183333333333333,17272,2585.0,2265.0,5098.0,2.25
Filadelfia,2011,0.6582916666666666,31.83083333333333,0.96,2921.37,81.63833333333334,89.3675,17.225833333333334,0.2241666666666666,17272,2524.0,2343.0,2025.0,0.86
Filadelfia,2012,0.7398875,31.824166666666667,0.95,2925.64,81.64916666666666,88.72166666666668,17.435,0.21,17272,2524.0,2343.0,2343.0,1.0
Filadelfia,2013,0.7720041666666666,31.945000000000004,0.96,2976.77,81.65333333333334,89.20833333333333,17.649166666666666,0.2066666666666666,17272,2771.0,2182.0,2127.0,0.97
Filadelfia,2014,0.7304291666666667,31.9275,0.9275,2677.38,81.65916666666666,88.61416666666666,17.731666666666666,0.2091666666666667,17272,2586.0,2125.0,2240.0,1.05
Filadelfia,2015,0.7303833333333333,31.936666666666667,0.7816666666666667,1465.53,81.65666666666667,85.45666666666666,18.1325,0.2091666666666666,17272,2388.0,1989.0,2225.0,1.12
Filadelfia,2016,0.6845041666666667,32.016666666666666,0.7541666666666668,1906.77,81.69916666666667,85.98833333333333,18.38416666666667,0.205,17272,2265.0,1849.0,2139.0,1.16
Filadelfia,2017,0.7159833333333333,31.851666666666663,0.9141666666666666,2357.33,81.69166666666666,88.55333333333334,17.761666666666667,0.2133333333333333,17272,2156.0,1684.0,1986.0,1.18
Filadelfia,2018,0.7012333333333333,31.7825,0.8958333333333334,2106.68,81.67083333333333,88.42583333333333,17.603333333333335,0.205,17272,2107.0,1678.0,2025.0,1.21
Filadelfia,2019,0.7204875,31.7975,0.8441666666666667,2124.5,81.68333333333334,87.56333333333333,18.136666666666667,0.2058333333333333,17272,2060.0,1562.0,2045.0,1.31
Filadelfia,2020,0.7016041666666667,31.741666666666664,0.785,1701.71,81.69166666666666,86.82333333333332,18.094166666666663,0.2308333333333333,17272,2023.0,1549.0,1874.0,1.21
Filadelfia,2021,0.7256625,31.83583333333333,0.6583333333333333,1126.36,81.66583333333334,83.28750000000001,18.313333333333333,0.2141666666666667,17272,1946.91,1497.52,1901.85,1.27
Filadelfia,2022,0.7161083333333332,31.73583333333333,0.9175,2723.89,81.66583333333334,89.2075,17.550833333333333,0.2108333333333333,17272,1942.67,1528.17,1763.99,1.15
Filadelfia,2023,0.757475,31.58583333333333,0.8658333333333333,2048.06,81.68166666666667,87.69333333333333,18.084166666666665,0.2225,17272,1896.13,1487.46,1659.2,1.12
Filadelfia,2024,0.7432,31.951666666666668,0.8191666666666667,2238.15,81.70583333333333,87.02333333333333,18.743333333333336,0.2125,17272,1893.21,1444.29,2002.14,1.39
La Merced,2007,0.6795625,31.97833333333333,0.7399999999999999,1361.99,81.66083333333333,86.08999999999999,17.62333333333333,0.2325,17388,1321.0,1219.0,1257.0,1.03
La Merced,2008,0.6476541666666666,31.9375,0.6558333333333334,1236.36,81.65083333333332,82.53,17.843333333333334,0.215,17388,1217.0,9930.0,860.0,0.87
La Merced,2009,0.7255875,31.988333333333333,0.915,2151.51,81.63583333333334,88.12,17.746666666666666,0.2141666666666667,17388,1193.0,109.0,981.0,0.9
La Merced,2010,0.6377708333333333,32.0175,0.8908333333333333,2778.63,81.65833333333333,88.43416666666667,17.826666666666664,0.2183333333333333,17388,1191.0,9910.0,940.0,0.95
La Merced,2011,0.603475,31.83083333333333,0.96,2921.37,81.63833333333334,89.3675,17.225833333333334,0.2241666666666666,17388,1133.0,9420.0,848.0,0.9
La Merced,2012,0.7178125,31.824166666666667,0.95,2925.64,81.64916666666666,88.72166666666668,17.435,0.21,17388,1133.0,9420.0,942.0,1.0
La Merced,2013,0.6618166666666667,31.945000000000004,0.96,2976.77,81.65333333333334,89.20833333333333,17.649166666666666,0.2066666666666666,17388,1106.0,8630.0,841.0,0.97
La Merced,2014,0.7076833333333333,31.9275,0.9275,2677.38,81.65916666666666,88.61416666666666,17.731666666666666,0.2091666666666667,17388,106.0,8830.0,931.0,1.05
La Merced,2015,0.7150916666666666,31.936666666666667,0.7816666666666667,1465.53,81.65666666666667,85.45666666666666,18.1325,0.2091666666666666,17388,1016.0,8700.0,951.0,1.09
La Merced,2016,0.6984833333333333,32.016666666666666,0.7541666666666668,1906.77,81.69916666666667,85.98833333333333,18.38416666666667,0.205,17388,9890.0,8300.0,938.0,1.13
La Merced,2017,0.6991375,31.851666666666663,0.9141666666666666,2357.33,81.69166666666666,88.55333333333334,17.761666666666667,0.2133333333333333,17388,9610.0,7640.0,1082.0,1.42
La Merced,2018,0.6946333333333333,31.7825,0.8958333333333334,2106.68,81.67083333333333,88.42583333333333,17.603333333333335,0.205,17388,9550.0,7620.0,1104.0,1.45
La Merced,2019,0.6272875,31.7975,0.8441666666666667,2124.5,81.68333333333334,87.56333333333333,18.136666666666667,0.2058333333333333,17388,935.0,694.0,909.0,1.31
La Merced,2020,0.7463791666666667,31.741666666666664,0.785,1701.71,81.69166666666666,86.82333333333332,18.094166666666663,0.2308333333333333,17388,917.0,671.0,812.0,1.21
La Merced,2021,0.6774749999999999,31.83583333333333,0.6583333333333333,1126.36,81.66583333333334,83.28750000000001,18.313333333333333,0.2141666666666667,17388,910.5,666.81,700.15,1.05
La Merced,2022,0.6138875,31.73583333333333,0.9175,2723.89,81.66583333333334,89.2075,17.550833333333333,0.2108333333333333,17388,940.02,713.38,687.46,0.96
La Merced,2023,0.7340083333333333,31.58583333333333,0.8658333333333333,2048.06,81.68166666666667,87.69333333333333,18.084166666666665,0.2225,17388,945.69,743.21,796.68,1.07
La Merced,2024,0.6624208333333333,31.951666666666668,0.8191666666666667,2238.15,81.70583333333333,87.02333333333333,18.743333333333336,0.2125,17388,952.46,733.19,971.01,1.32
Manizales,2007,0.196375,31.97833333333333,0.7200000000000001,1164.3,78.91333333333334,85.51666666666667,15.911666666666669,0.3033333333333333,17001,9268.0,6424.0,10848.0,1.69
Manizales,2008,0.1632249999999999,31.9375,0.6641666666666667,1268.48,78.90083333333332,84.32416666666667,15.875,0.2975,17001,8536.0,6379.0,9706.0,1.52
Manizales,2009,0.2089625,31.988333333333333,0.8383333333333334,1809.62,78.89,86.99083333333334,16.05666666666667,0.2875,17001,8084.0,723.0,10411.0,1.44
Manizales,2010,0.1746583333333333,32.0175,0.8433333333333334,2306.36,78.91333333333334,87.40750000000001,16.170833333333334,0.2916666666666667,17001,7616.0,678.0,12713.0,1.87
Manizales,2011,0.1813791666666666,31.83083333333333,0.9225,2576.44,78.885,88.25,15.599166666666669,0.3058333333333333,17001,7592.0,6482.0,12121.0,1.87
Manizales,2012,0.1812583333333333,31.824166666666667,0.9133333333333332,2560.38,78.89999999999999,87.56583333333333,15.755,0.2891666666666666,17001,7592.0,6482.0,6482.0,1.0
Manizales,2013,0.2230124999999999,31.945000000000004,0.9308333333333332,2728.97,78.90666666666667,88.12333333333333,16.006666666666668,0.2825,17001,7147.0,5398.0,5262.0,0.97
Manizales,2014,0.2120416666666666,31.9275,0.8958333333333334,2404.87,78.91166666666666,87.52833333333332,16.063333333333333,0.2858333333333333,17001,6997.0,5417.0,5710.0,1.05
Manizales,2015,0.1877791666666666,31.936666666666667,0.775,1332.92,78.91666666666667,85.04583333333333,16.340833333333332,0.2841666666666667,17001,6842.0,5291.0,6406.0,1.21
Manizales,2016,0.1810333333333333,32.016666666666666,0.7200000000000001,1728.86,78.95833333333333,85.72666666666667,16.599166666666665,0.2733333333333334,17001,6583.0,499.0,6249.0,1.25
Manizales,2017,0.1995791666666666,31.851666666666663,0.8741666666666666,2211.96,78.94083333333333,87.38333333333333,16.140833333333333,0.2875,17001,6407.0,4606.0,7763.0,1.69
Manizales,2018,0.2246291666666666,31.7825,0.8775,1983.61,78.91916666666667,87.29166666666667,15.970833333333331,0.285,17001,6267.0,4586.0,7904.0,1.72
Manizales,2019,0.2380374999999999,31.7975,0.8383333333333334,1998.93,78.93833333333333,86.88416666666667,16.418333333333333,0.2766666666666666,17001,5075.0,3444.0,4597.0,1.33
Manizales,2020,0.2167166666666666,31.741666666666664,0.7908333333333334,1584.91,78.94500000000001,86.1475,16.459166666666665,0.2966666666666667,17001,4920.0,3362.0,4149.0,1.23
Manizales,2021,0.2145166666666666,31.83583333333333,0.7158333333333333,1228.52,78.92,84.85666666666667,16.411666666666665,0.2891666666666666,17001,4781.7,3268.13,4934.88,1.51
Manizales,2022,0.1900208333333333,31.73583333333333,0.89,2527.64,78.91666666666667,88.09166666666665,15.955833333333333,0.2791666666666667,17001,4765.43,3386.54,4076.85,1.2
Manizales,2023,0.212225,31.58583333333333,0.8483333333333333,1918.92,78.94,86.70083333333334,16.44666666666667,0.2908333333333333,17001,4778.52,3466.14,6275.13,1.81
Manizales,2024,0.2357375,31.951666666666668,0.8108333333333334,2077.82,78.97,86.6275,16.99416666666667,0.2783333333333333,17001,4778.01,3416.6,7611.86,2.23
Manzanares,2007,0.5963375,31.97833333333333,0.58,1228.15,87.47250000000001,77.55083333333333,21.71666666666667,0.13,17433,3984.0,3731.0,3743.0,1.0
Manzanares,2008,0.4794458333333333,31.9375,0.5275,790.16,87.45833333333333,70.39916666666666,22.471666666666664,0.0941666666666666,17433,4032.0,3705.0,3577.0,0.97
Manzanares,2009,0.5399333333333333,31.988333333333333,0.5966666666666667,1378.9,87.4475,79.77166666666666,21.71666666666667,0.1275,17433,3905.0,175.0,1575.0,0.9
Manzanares,2010,0.544075,32.0175,0.7324999999999999,2121.46,87.4775,83.49,21.395,0.1116666666666666,17433,3967.0,3686.0,4165.0,1.13
Manzanares,2011,0.5697375,31.83083333333333,0.85,2375.23,87.47416666666668,88.20833333333333,20.329166666666666,0.1108333333333333,17433,3918.0,3218.0,4023.0,1.25
Manzanares,2012,0.557225,31.824166666666667,0.7425,1784.11,87.48333333333333,85.3225,20.756666666666664,0.1158333333333333,17433,393.0,3133.0,3133.0,1.0
Manzanares,2013,0.6074958333333333,31.945000000000004,0.6591666666666667,1898.23,87.47916666666667,84.4875,21.105833333333333,0.1158333333333333,17433,3992.0,3269.0,3320.0,1.02
Manzanares,2014,0.6122,31.9275,0.6658333333333334,1595.36,87.48166666666667,83.27416666666666,21.28333333333333,0.1216666666666666,17433,3907.0,3255.0,3574.0,1.1
Manzanares,2015,0.61965,31.936666666666667,0.5933333333333334,1311.83,87.46666666666665,77.79333333333334,22.209166666666665,0.1266666666666666,17433,3778.0,3142.0,3431.0,1.09
Manzanares,2016,0.6078,32.016666666666666,0.6208333333333333,1715.47,87.51416666666667,81.03333333333333,21.96083333333333,0.1141666666666666,17433,3777.0,3079.0,3477.0,1.13
Manzanares,2017,0.5823333333333333,31.851666666666663,0.7791666666666667,2148.23,87.52333333333333,87.86083333333333,20.716666666666665,0.1158333333333333,17433,3757.0,3004.0,3164.0,1.05
Manzanares,2018,0.5421333333333334,31.7825,0.7541666666666668,1951.43,87.5125,85.96583333333332,20.7175,0.13,17433,3701.0,3055.0,3291.0,1.08
Manzanares,2019,0.6088416666666666,31.7975,0.7200000000000001,1975.08,87.51083333333334,84.62833333333333,21.335,0.1283333333333333,17433,3538.0,2865.0,3644.0,1.27
Manzanares,2020,0.5681999999999999,31.741666666666664,0.6333333333333333,1595.48,87.50666666666666,81.82000000000001,21.57583333333333,0.145,17433,3362.0,2751.0,3235.0,1.18
Manzanares,2021,0.5595875,31.83583333333333,0.5683333333333334,1123.48,87.47833333333334,76.20583333333333,22.126666666666665,0.11,17433,3200.56,2599.16,2833.08,1.09
Manzanares,2022,0.4431291666666666,31.73583333333333,0.8316666666666667,2507.8,87.50666666666666,87.57083333333333,20.508333333333333,0.1358333333333333,17433,3169.85,2547.13,2851.53,1.12
Manzanares,2023,0.5798833333333334,31.58583333333333,0.7491666666666666,1882.98,87.5,84.89916666666666,21.3225,0.1391666666666666,17433,2841.35,2203.84,4070.12,1.85
Manzanares,2024,0.5816416666666667,31.951666666666668,0.7116666666666668,2056.24,87.51083333333332,83.39166666666667,22.05333333333333,0.1391666666666667,17433,2869.74,2241.78,5133.2,2.29
Marmato,2007,0.6555958333333334,31.97833333333333,0.7399999999999999,1361.99,81.66083333333333,86.08999999999999,17.62333333333333,0.2325,17442,8590.0,6990.0,745.0,1.07
Marmato,2008,0.5964958333333333,31.9375,0.6558333333333334,1236.36,81.65083333333332,82.53,17.843333333333334,0.215,17442,8100.0,8080.0,781.0,0.97
Marmato,2009,0.6877375,31.988333333333333,0.915,2151.51,81.63583333333334,88.12,17.746666666666666,0.2141666666666667,17442,7410.0,6000.0,540.0,0.9
Marmato,2010,0.5996875,32.0175,0.8908333333333333,2778.63,81.65833333333333,88.43416666666667,17.826666666666664,0.2183333333333333,17442,7200.0,6940.0,902.0,1.3
Marmato,2011,0.6141541666666667,31.83083333333333,0.96,2921.37,81.63833333333334,89.3675,17.225833333333334,0.2241666666666666,17442,6990.0,6490.0,727.0,1.12
Marmato,2012,0.6346833333333334,31.824166666666667,0.95,2925.64,81.64916666666666,88.72166666666668,17.435,0.21,17442,6460.0,5940.0,594.0,1.0
Marmato,2013,0.6523375,31.945000000000004,0.96,2976.77,81.65333333333334,89.20833333333333,17.649166666666666,0.2066666666666666,17442,6020.0,5350.0,521.0,0.97
Marmato,2014,0.6695083333333334,31.9275,0.9275,2677.38,81.65916666666666,88.61416666666666,17.731666666666666,0.2091666666666667,17442,5040.0,4670.0,492.0,1.05
Marmato,2015,0.6469958333333333,31.936666666666667,0.7816666666666667,1465.53,81.65666666666667,85.45666666666666,18.1325,0.2091666666666666,17442,4840.0,4520.0,413.0,0.92
Marmato,2016,0.6025833333333334,32.016666666666666,0.7541666666666668,1906.77,81.69916666666667,85.98833333333333,18.38416666666667,0.205,17442,4660.0,4270.0,404.0,0.95
Marmato,2017,0.6575708333333333,31.851666666666663,0.9141666666666666,2357.33,81.69166666666666,88.55333333333334,17.761666666666667,0.2133333333333333,17442,4340.0,3780.0,637.0,1.69
Marmato,2018,0.6336,31.7825,0.8958333333333334,2106.68,81.67083333333333,88.42583333333333,17.603333333333335,0.205,17442,4230.0,3660.0,630.0,1.72
Marmato,2019,0.647275,31.7975,0.8441666666666667,2124.5,81.68333333333334,87.56333333333333,18.136666666666667,0.2058333333333333,17442,404.0,338.0,417.0,1.23
Marmato,2020,0.6650916666666666,31.741666666666664,0.785,1701.71,81.69166666666666,86.82333333333332,18.094166666666663,0.2308333333333333,17442,401.0,332.0,379.0,1.14
Marmato,2021,0.6637916666666667,31.83583333333333,0.6583333333333333,1126.36,81.66583333333334,83.28750000000001,18.313333333333333,0.2141666666666667,17442,397.84,334.24,334.24,1.0
Marmato,2022,0.6310083333333333,31.73583333333333,0.9175,2723.89,81.66583333333334,89.2075,17.550833333333333,0.2108333333333333,17442,391.75,342.35,292.83,0.86
Marmato,2023,0.6831625,31.58583333333333,0.8658333333333333,2048.06,81.68166666666667,87.69333333333333,18.084166666666665,0.2225,17442,356.77,299.12,239.51,0.8
Marmato,2024,0.5770875,31.951666666666668,0.8191666666666667,2238.15,81.70583333333333,87.02333333333333,18.743333333333336,0.2125,17442,360.34,283.99,281.2,0.99
Marquetalia,2007,0.6983791666666667,31.97833333333333,0.58,1228.15,87.47250000000001,77.55083333333333,21.71666666666667,0.13,17444,4621.0,4178.0,4471.0,1.07
Marquetalia,2008,0.6836416666666666,31.9375,0.5275,790.16,87.45833333333333,70.39916666666666,22.471666666666664,0.0941666666666666,17444,4451.0,4247.0,4528.0,1.07
Marquetalia,2009,0.7200875,31.988333333333333,0.5966666666666667,1378.9,87.4475,79.77166666666666,21.71666666666667,0.1275,17444,439.0,421.0,4210.0,1.0
Marquetalia,2010,0.7173458333333333,32.0175,0.7324999999999999,2121.46,87.4775,83.49,21.395,0.1116666666666666,17444,438.0,389.0,3890.0,1.0
Marquetalia,2011,0.6834541666666666,31.83083333333333,0.85,2375.23,87.47416666666668,88.20833333333333,20.329166666666666,0.1108333333333333,17444,4283.0,3915.0,3132.0,0.8
Marquetalia,2012,0.7685083333333332,31.824166666666667,0.7425,1784.11,87.48333333333333,85.3225,20.756666666666664,0.1158333333333333,17444,3852.0,3056.0,3056.0,1.0
Marquetalia,2013,0.6973625,31.945000000000004,0.6591666666666667,1898.23,87.47916666666667,84.4875,21.105833333333333,0.1158333333333333,17444,3685.0,2986.0,2426.0,0.81
Marquetalia,2014,0.6901375000000001,31.9275,0.6658333333333334,1595.36,87.48166666666667,83.27416666666666,21.28333333333333,0.1216666666666666,17444,3335.0,275.0,2415.0,0.88
Marquetalia,2015,0.7628958333333333,31.936666666666667,0.5933333333333334,1311.83,87.46666666666665,77.79333333333334,22.209166666666665,0.1266666666666666,17444,3197.0,2656.0,2959.0,1.11
Marquetalia,2016,0.7081291666666667,32.016666666666666,0.6208333333333333,1715.47,87.51416666666667,81.03333333333333,21.96083333333333,0.1141666666666666,17444,3154.0,2569.0,2960.0,1.15
Marquetalia,2017,0.690125,31.851666666666663,0.7791666666666667,2148.23,87.52333333333333,87.86083333333333,20.716666666666665,0.1158333333333333,17444,3061.0,25.0,2705.0,1.08
Marquetalia,2018,0.7172166666666667,31.7825,0.7541666666666668,1951.43,87.5125,85.96583333333332,20.7175,0.13,17444,2924.0,2384.0,2638.0,1.11
Marquetalia,2019,0.7500291666666667,31.7975,0.7200000000000001,1975.08,87.51083333333334,84.62833333333333,21.335,0.1283333333333333,17444,2791.0,2255.0,2926.0,1.3
Marquetalia,2020,0.73175,31.741666666666664,0.6333333333333333,1595.48,87.50666666666666,81.82000000000001,21.57583333333333,0.145,17444,2770.0,2327.0,2791.0,1.2
Marquetalia,2021,0.7372333333333333,31.83583333333333,0.5683333333333334,1123.48,87.47833333333334,76.20583333333333,22.126666666666665,0.11,17444,2756.04,2295.04,2501.59,1.09
Marquetalia,2022,0.6079291666666666,31.73583333333333,0.8316666666666667,2507.8,87.50666666666666,87.57083333333333,20.508333333333333,0.1358333333333333,17444,2789.79,2322.55,2080.92,0.9
Marquetalia,2023,0.7016416666666667,31.58583333333333,0.7491666666666666,1882.98,87.5,84.89916666666666,21.3225,0.1391666666666666,17444,2746.03,2278.91,2168.92,0.95
Marquetalia,2024,0.750575,31.951666666666668,0.7116666666666668,2056.24,87.51083333333332,83.39166666666667,22.05333333333333,0.1391666666666667,17444,2747.15,2199.53,2586.29,1.18
Marulanda,2007,0.5961958333333334,31.97833333333333,0.58,1228.15,87.47250000000001,77.55083333333333,21.71666666666667,0.13,17446,2100.0,2050.0,148.0,0.72
Marulanda,2008,0.5166499999999999,31.9375,0.5275,790.16,87.45833333333333,70.39916666666666,22.471666666666664,0.0941666666666666,17446,2160.0,2090.0,150.0,0.72
Marulanda,2009,0.6178708333333334,31.988333333333333,0.5966666666666667,1378.9,87.4475,79.77166666666666,21.71666666666667,0.1275,17446,2210.0,2100.0,210.0,1.0
Marulanda,2010,0.6144416666666667,32.0175,0.7324999999999999,2121.46,87.4775,83.49,21.395,0.1116666666666666,17446,2180.0,1920.0,204.0,1.06
Marulanda,2011,0.6540291666666667,31.83083333333333,0.85,2375.23,87.47416666666668,88.20833333333333,20.329166666666666,0.1108333333333333,17446,2340.0,2020.0,182.0,0.9
Marulanda,2012,0.6697958333333333,31.824166666666667,0.7425,1784.11,87.48333333333333,85.3225,20.756666666666664,0.1158333333333333,17446,650.0,650.0,65.0,1.0
Marulanda,2013,0.5902166666666666,31.945000000000004,0.6591666666666667,1898.23,87.47916666666667,84.4875,21.105833333333333,0.1158333333333333,17446,2190.0,1740.0,169.0,0.97
Marulanda,2014,0.5622458333333333,31.9275,0.6658333333333334,1595.36,87.48166666666667,83.27416666666666,21.28333333333333,0.1216666666666666,17446,2150.0,1780.0,188.0,1.05
Marulanda,2015,0.6233166666666666,31.936666666666667,0.5933333333333334,1311.83,87.46666666666665,77.79333333333334,22.209166666666665,0.1266666666666666,17446,2250.0,1850.0,204.0,1.1
Marulanda,2016,0.6120458333333333,32.016666666666666,0.6208333333333333,1715.47,87.51416666666667,81.03333333333333,21.96083333333333,0.1141666666666666,17446,2270.0,1830.0,209.0,1.14
Marulanda,2017,0.6081833333333333,31.851666666666663,0.7791666666666667,2148.23,87.52333333333333,87.86083333333333,20.716666666666665,0.1158333333333333,17446,2260.0,1850.0,312.0,1.69
Marulanda,2018,0.64325,31.7825,0.7541666666666668,1951.43,87.5125,85.96583333333332,20.7175,0.13,17446,2270.0,1940.0,335.0,1.72
Marulanda,2019,0.6116458333333333,31.7975,0.7200000000000001,1975.08,87.51083333333334,84.62833333333333,21.335,0.1283333333333333,17446,226.0,187.0,235.0,1.26
Marulanda,2020,0.654375,31.741666666666664,0.6333333333333333,1595.48,87.50666666666666,81.82000000000001,21.57583333333333,0.145,17446,201.0,154.0,180.0,1.17
Marulanda,2021,0.5922625,31.83583333333333,0.5683333333333334,1123.48,87.47833333333334,76.20583333333333,22.126666666666665,0.11,17446,179.92,135.6,123.4,0.91
Marulanda,2022,0.6000666666666666,31.73583333333333,0.8316666666666667,2507.8,87.50666666666666,87.57083333333333,20.508333333333333,0.1358333333333333,17446,173.61,143.56,135.09,0.94
Marulanda,2023,0.6569333333333334,31.58583333333333,0.7491666666666666,1882.98,87.5,84.89916666666666,21.3225,0.1391666666666666,17446,171.71,149.41,118.01,0.79
Marulanda,2024,0.6527375000000001,31.951666666666668,0.7116666666666668,2056.24,87.51083333333332,83.39166666666667,22.05333333333333,0.1391666666666667,17446,166.86,137.12,134.07,0.98
Neira,2007,0.4662874999999999,31.97833333333333,0.7200000000000001,1164.3,78.91333333333334,85.51666666666667,15.911666666666669,0.3033333333333333,17486,4332.0,40.0,4326.0,1.08
Neira,2008,0.4687375,31.9375,0.6641666666666667,1268.48,78.90083333333332,84.32416666666667,15.875,0.2975,17486,4332.0,3217.0,4612.0,1.43
Neira,2009,0.5082041666666667,31.988333333333333,0.8383333333333334,1809.62,78.89,86.99083333333334,16.05666666666667,0.2875,17486,4159.0,3949.0,3949.0,1.0
Neira,2010,0.4772083333333333,32.0175,0.8433333333333334,2306.36,78.91333333333334,87.40750000000001,16.170833333333334,0.2916666666666667,17486,4149.0,3664.0,7171.0,1.96
Neira,2011,0.4990624999999999,31.83083333333333,0.9225,2576.44,78.885,88.25,15.599166666666669,0.3058333333333333,17486,3796.0,2515.0,3270.0,1.3
Neira,2012,0.466925,31.824166666666667,0.9133333333333332,2560.38,78.89999999999999,87.56583333333333,15.755,0.2891666666666666,17486,411.0,26.0,2600.0,1.0
Neira,2013,0.4755583333333333,31.945000000000004,0.9308333333333332,2728.97,78.90666666666667,88.12333333333333,16.006666666666668,0.2825,17486,3868.0,2987.0,2912.0,0.97
Neira,2014,0.547,31.9275,0.8958333333333334,2404.87,78.91166666666666,87.52833333333332,16.063333333333333,0.2858333333333333,17486,3757.0,2983.0,3145.0,1.05
Neira,2015,0.5149458333333333,31.936666666666667,0.775,1332.92,78.91666666666667,85.04583333333333,16.340833333333332,0.2841666666666667,17486,3571.0,2804.0,3305.0,1.18
Neira,2016,0.546925,32.016666666666666,0.7200000000000001,1728.86,78.95833333333333,85.72666666666667,16.599166666666665,0.2733333333333334,17486,3525.0,2713.0,3308.0,1.22
Neira,2017,0.4781208333333333,31.851666666666663,0.8741666666666666,2211.96,78.94083333333333,87.38333333333333,16.140833333333333,0.2875,17486,3455.0,2552.0,3441.0,1.35
Neira,2018,0.5041416666666666,31.7825,0.8775,1983.61,78.91916666666667,87.29166666666667,15.970833333333331,0.285,17486,3367.0,2589.0,3570.0,1.38
Neira,2019,0.4784875,31.7975,0.8383333333333334,1998.93,78.93833333333333,86.88416666666667,16.418333333333333,0.2766666666666666,17486,3201.0,2431.0,3166.0,1.3
Neira,2020,0.5218416666666666,31.741666666666664,0.7908333333333334,1584.91,78.94500000000001,86.1475,16.459166666666665,0.2966666666666667,17486,2544.0,2544.0,4324.8,1.7
Neira,2021,0.4384708333333333,31.83583333333333,0.7158333333333333,1228.52,78.92,84.85666666666667,16.411666666666665,0.2891666666666666,17486,2579.65,1839.0,2464.26,1.34
Neira,2022,0.4079041666666667,31.73583333333333,0.89,2527.64,78.91666666666667,88.09166666666665,15.955833333333333,0.2791666666666667,17486,2625.64,1956.56,2715.21,1.39
Neira,2023,0.5773166666666666,31.58583333333333,0.8483333333333333,1918.92,78.94,86.70083333333334,16.44666666666667,0.2908333333333333,17486,2639.68,1952.67,3153.34,1.61
Neira,2024,0.5572791666666667,31.951666666666668,0.8108333333333334,2077.82,78.97,86.6275,16.99416666666667,0.2783333333333333,17486,2637.09,1879.01,3744.38,1.99
Pacora,2007,0.5251125,31.97833333333333,0.7399999999999999,1361.99,81.66083333333333,86.08999999999999,17.62333333333333,0.2325,17513,401.0,40.0,4182.0,1.05
Pacora,2008,0.5060333333333333,31.9375,0.6558333333333334,1236.36,81.65083333333332,82.53,17.843333333333334,0.215,17513,4064.0,3583.0,3879.0,1.08
Pacora,2009,0.5369875000000001,31.988333333333333,0.915,2151.51,81.63583333333334,88.12,17.746666666666666,0.2141666666666667,17513,4065.0,36.0,3096.0,0.86
Pacora,2010,0.4418291666666666,32.0175,0.8908333333333333,2778.63,81.65833333333333,88.43416666666667,17.826666666666664,0.2183333333333333,17513,41.0,33.0,3630.0,1.1
Pacora,2011,0.5532625,31.83083333333333,0.96,2921.37,81.63833333333334,89.3675,17.225833333333334,0.2241666666666666,17513,4059.0,3419.0,3761.0,1.1
Pacora,2012,0.5099958333333333,31.824166666666667,0.95,2925.64,81.64916666666666,88.72166666666668,17.435,0.21,17513,1541.0,1025.0,1128.0,1.1
Pacora,2013,0.491775,31.945000000000004,0.96,2976.77,81.65333333333334,89.20833333333333,17.649166666666666,0.2066666666666666,17513,4094.0,307.0,2993.0,0.97
Pacora,2014,0.5021125,31.9275,0.9275,2677.38,81.65916666666666,88.61416666666666,17.731666666666666,0.2091666666666667,17513,3906.0,3063.0,3229.0,1.05
Pacora,2015,0.5314041666666667,31.936666666666667,0.7816666666666667,1465.53,81.65666666666667,85.45666666666666,18.1325,0.2091666666666666,17513,3749.0,2949.0,3571.0,1.21
Pacora,2016,0.5118833333333334,32.016666666666666,0.7541666666666668,1906.77,81.69916666666667,85.98833333333333,18.38416666666667,0.205,17513,3723.0,2871.0,3596.0,1.25
Pacora,2017,0.5297416666666667,31.851666666666663,0.9141666666666666,2357.33,81.69166666666666,88.55333333333334,17.761666666666667,0.2133333333333333,17513,3554.0,2625.0,1729.0,0.66
Pacora,2018,0.5177166666666667,31.7825,0.8958333333333334,2106.68,81.67083333333333,88.42583333333333,17.603333333333335,0.205,17513,35.0,2549.0,1585.0,0.62
Pacora,2019,0.4543166666666667,31.7975,0.8441666666666667,2124.5,81.68333333333334,87.56333333333333,18.136666666666667,0.2058333333333333,17513,3424.0,2398.0,3218.0,1.34
Pacora,2020,0.4904333333333333,31.741666666666664,0.785,1701.71,81.69166666666666,86.82333333333332,18.094166666666663,0.2308333333333333,17513,3328.0,2382.0,1477.5,0.62
Pacora,2021,0.4377291666666666,31.83583333333333,0.6583333333333333,1126.36,81.66583333333334,83.28750000000001,18.313333333333333,0.2141666666666667,17513,3198.95,2267.93,1859.7,0.82
Pacora,2022,0.4646125,31.73583333333333,0.9175,2723.89,81.66583333333334,89.2075,17.550833333333333,0.2108333333333333,17513,3180.94,2360.12,2173.81,0.92
Pacora,2023,0.5791666666666667,31.58583333333333,0.8658333333333333,2048.06,81.68166666666667,87.69333333333333,18.084166666666665,0.2225,17513,3117.62,2342.47,2495.67,1.07
Pacora,2024,0.5067583333333333,31.951666666666668,0.8191666666666667,2238.15,81.70583333333333,87.02333333333333,18.743333333333336,0.2125,17513,3068.95,2231.35,2955.12,1.32
Palestina,2007,0.7091124999999999,31.97833333333333,0.7200000000000001,1164.3,78.91333333333334,85.51666666666667,15.911666666666669,0.3033333333333333,17524,4777.0,44.0,6160.0,1.4
Palestina,2008,0.6323541666666667,31.9375,0.6641666666666667,1268.48,78.90083333333332,84.32416666666667,15.875,0.2975,17524,4499.0,4474.0,5596.0,1.25
Palestina,2009,0.6345416666666667,31.988333333333333,0.8383333333333334,1809.62,78.89,86.99083333333334,16.05666666666667,0.2875,17524,4474.0,4474.0,5520.0,1.23
Palestina,2010,0.62385,32.0175,0.8433333333333334,2306.36,78.91333333333334,87.40750000000001,16.170833333333334,0.2916666666666667,17524,4281.0,3642.0,8377.0,2.3
Palestina,2011,0.6057166666666667,31.83083333333333,0.9225,2576.44,78.885,88.25,15.599166666666669,0.3058333333333333,17524,4235.0,2116.0,4232.0,2.0
Palestina,2012,0.588725,31.824166666666667,0.9133333333333332,2560.38,78.89999999999999,87.56583333333333,15.755,0.2891666666666666,17524,4239.0,2118.0,2118.0,1.0
Palestina,2013,0.63605,31.945000000000004,0.9308333333333332,2728.97,78.90666666666667,88.12333333333333,16.006666666666668,0.2825,17524,4008.0,2727.0,2658.0,0.97
Palestina,2014,0.5521916666666667,31.9275,0.8958333333333334,2404.87,78.91166666666666,87.52833333333332,16.063333333333333,0.2858333333333333,17524,3893.0,2539.0,2676.0,1.05
Palestina,2015,0.6293083333333334,31.936666666666667,0.775,1332.92,78.91666666666667,85.04583333333333,16.340833333333332,0.2841666666666667,17524,3721.0,2445.0,3606.0,1.48
Palestina,2016,0.5476375,32.016666666666666,0.7200000000000001,1728.86,78.95833333333333,85.72666666666667,16.599166666666665,0.2733333333333334,17524,3445.0,2219.0,3385.0,1.53
Palestina,2017,0.5895791666666667,31.851666666666663,0.8741666666666666,2211.96,78.94083333333333,87.38333333333333,16.140833333333333,0.2875,17524,3322.0,1973.0,3598.0,1.82
Palestina,2018,0.6179125,31.7825,0.8775,1983.61,78.91916666666667,87.29166666666667,15.970833333333331,0.285,17524,3249.0,1938.0,3614.0,1.87
Palestina,2019,0.5906625,31.7975,0.8383333333333334,1998.93,78.93833333333333,86.88416666666667,16.418333333333333,0.2766666666666666,17524,3013.0,3013.0,3916.9,1.3
Palestina,2020,0.6405,31.741666666666664,0.7908333333333334,1584.91,78.94500000000001,86.1475,16.459166666666665,0.2966666666666667,17524,2777.0,1878.0,2354.0,1.25
Palestina,2021,0.5872,31.83583333333333,0.7158333333333333,1228.52,78.92,84.85666666666667,16.411666666666665,0.2891666666666666,17524,2642.39,1638.46,1867.84,1.14
Palestina,2022,0.5487541666666667,31.73583333333333,0.89,2527.64,78.91666666666667,88.09166666666665,15.955833333333333,0.2791666666666667,17524,2611.9,1527.04,1602.49,1.05
Palestina,2023,0.6884916666666667,31.58583333333333,0.8483333333333333,1918.92,78.94,86.70083333333334,16.44666666666667,0.2908333333333333,17524,2543.33,1474.24,1469.75,1.0
Palestina,2024,0.5703958333333333,31.951666666666668,0.8108333333333334,2077.82,78.97,86.6275,16.99416666666667,0.2783333333333333,17524,2490.93,1497.24,1111.9,0.74
Pensilvania,2007,0.5285041666666667,31.97833333333333,0.58,1228.15,87.47250000000001,77.55083333333333,21.71666666666667,0.13,17541,5931.0,59.0,5908.0,1.0
Pensilvania,2008,0.4037416666666666,31.9375,0.5275,790.16,87.45833333333333,70.39916666666666,22.471666666666664,0.0941666666666666,17541,59.0,59.0,5984.0,1.01
Pensilvania,2009,0.5045458333333334,31.988333333333333,0.5966666666666667,1378.9,87.4475,79.77166666666666,21.71666666666667,0.1275,17541,5775.0,535.0,5900.0,1.1
Pensilvania,2010,0.4433791666666666,32.0175,0.7324999999999999,2121.46,87.4775,83.49,21.395,0.1116666666666666,17541,5731.0,5346.0,4651.0,0.87
Pensilvania,2011,0.4703583333333334,31.83083333333333,0.85,2375.23,87.47416666666668,88.20833333333333,20.329166666666666,0.1108333333333333,17541,5753.0,4933.0,3700.0,0.75
Pensilvania,2012,0.5360416666666666,31.824166666666667,0.7425,1784.11,87.48333333333333,85.3225,20.756666666666664,0.1158333333333333,17541,5753.0,30.0,3000.0,1.0
Pensilvania,2013,0.5355291666666667,31.945000000000004,0.6591666666666667,1898.23,87.47916666666667,84.4875,21.105833333333333,0.1158333333333333,17541,4909.0,4235.0,4128.0,0.97
Pensilvania,2014,0.4845416666666666,31.9275,0.6658333333333334,1595.36,87.48166666666667,83.27416666666666,21.28333333333333,0.1216666666666666,17541,4576.0,4045.0,4264.0,1.05
Pensilvania,2015,0.4981916666666666,31.936666666666667,0.5933333333333334,1311.83,87.46666666666665,77.79333333333334,22.209166666666665,0.1266666666666666,17541,4362.0,3825.0,3859.0,1.01
Pensilvania,2016,0.5789208333333333,32.016666666666666,0.6208333333333333,1715.47,87.51416666666667,81.03333333333333,21.96083333333333,0.1141666666666666,17541,4271.0,3671.0,3830.0,1.04
Pensilvania,2017,0.4839875,31.851666666666663,0.7791666666666667,2148.23,87.52333333333333,87.86083333333333,20.716666666666665,0.1158333333333333,17541,4192.0,3614.0,4264.0,1.18
Pensilvania,2018,0.4743208333333333,31.7825,0.7541666666666668,1951.43,87.5125,85.96583333333332,20.7175,0.13,17541,4097.0,3591.0,4333.0,1.21
Pensilvania,2019,0.510925,31.7975,0.7200000000000001,1975.08,87.51083333333334,84.62833333333333,21.335,0.1283333333333333,17541,3886.0,3346.0,4195.0,1.25
Pensilvania,2020,0.50225,31.741666666666664,0.6333333333333333,1595.48,87.50666666666666,81.82000000000001,21.57583333333333,0.145,17541,3784.0,3300.0,3825.0,1.16
Pensilvania,2021,0.4080958333333333,31.83583333333333,0.5683333333333334,1123.48,87.47833333333334,76.20583333333333,22.126666666666665,0.11,17541,3636.17,3152.58,3058.0,0.97
Pensilvania,2022,0.4458583333333333,31.73583333333333,0.8316666666666667,2507.8,87.50666666666666,87.57083333333333,20.508333333333333,0.1358333333333333,17541,3595.18,3082.05,2730.35,0.89
Pensilvania,2023,0.5697166666666666,31.58583333333333,0.7491666666666666,1882.98,87.5,84.89916666666666,21.3225,0.1391666666666666,17541,3551.98,3042.56,2742.98,0.9
Pensilvania,2024,0.6505083333333334,31.951666666666668,0.7116666666666668,2056.24,87.51083333333332,83.39166666666667,22.05333333333333,0.1391666666666667,17541,3504.11,2951.34,3287.66,1.11
Riosucio,2007,0.3624166666666666,31.97833333333333,0.7399999999999999,1361.99,81.66083333333333,86.08999999999999,17.62333333333333,0.2325,17614,3781.0,3695.0,3111.0,0.84
Riosucio,2008,0.4346833333333333,31.9375,0.6558333333333334,1236.36,81.65083333333332,82.53,17.843333333333334,0.215,17614,3757.0,3757.0,3151.0,0.84
Riosucio,2009,0.4357875,31.988333333333333,0.915,2151.51,81.63583333333334,88.12,17.746666666666666,0.2141666666666667,17614,3757.0,3757.0,3151.0,0.84
Riosucio,2010,0.3513541666666667,32.0175,0.8908333333333333,2778.63,81.65833333333333,88.43416666666667,17.826666666666664,0.2183333333333333,17614,3522.0,3111.0,4262.0,1.37
Riosucio,2011,0.4225791666666667,31.83083333333333,0.96,2921.37,81.63833333333334,89.3675,17.225833333333334,0.2241666666666666,17614,3504.0,3244.0,3893.0,1.2
Riosucio,2012,0.3682583333333333,31.824166666666667,0.95,2925.64,81.64916666666666,88.72166666666668,17.435,0.21,17614,3504.0,3244.0,3893.0,1.2
Riosucio,2013,0.4188333333333333,31.945000000000004,0.96,2976.77,81.65333333333334,89.20833333333333,17.649166666666666,0.2066666666666666,17614,3438.0,29.0,2827.0,0.97
Riosucio,2014,0.3456791666666667,31.9275,0.9275,2677.38,81.65916666666666,88.61416666666666,17.731666666666666,0.2091666666666667,17614,3197.0,2773.0,2923.0,1.05
Riosucio,2015,0.3565958333333333,31.936666666666667,0.7816666666666667,1465.53,81.65666666666667,85.45666666666666,18.1325,0.2091666666666666,17614,3099.0,2681.0,2766.0,1.03
Riosucio,2016,0.3413124999999999,32.016666666666666,0.7541666666666668,1906.77,81.69916666666667,85.98833333333333,18.38416666666667,0.205,17614,3083.0,2614.0,2789.0,1.07
Riosucio,2017,0.3588375,31.851666666666663,0.9141666666666666,2357.33,81.69166666666666,88.55333333333334,17.761666666666667,0.2133333333333333,17614,2998.0,2367.0,4317.0,1.82
Riosucio,2018,0.3875,31.7825,0.8958333333333334,2106.68,81.67083333333333,88.42583333333333,17.603333333333335,0.205,17614,2942.0,2382.0,4442.0,1.87
Riosucio,2019,0.3307916666666666,31.7975,0.8441666666666667,2124.5,81.68333333333334,87.56333333333333,18.136666666666667,0.2058333333333333,17614,2867.0,2335.0,2989.0,1.28
Riosucio,2020,0.3652166666666667,31.741666666666664,0.785,1701.71,81.69166666666666,86.82333333333332,18.094166666666663,0.2308333333333333,17614,2846.0,2315.0,2740.0,1.18
Riosucio,2021,0.3556958333333333,31.83583333333333,0.6583333333333333,1126.36,81.66583333333334,83.28750000000001,18.313333333333333,0.2141666666666667,17614,2832.14,2275.27,2593.81,1.14
Riosucio,2022,0.3237666666666667,31.73583333333333,0.9175,2723.89,81.66583333333334,89.2075,17.550833333333333,0.2108333333333333,17614,2864.33,2317.22,1216.29,0.52
Riosucio,2023,0.3371666666666666,31.58583333333333,0.8658333333333333,2048.06,81.68166666666667,87.69333333333333,18.084166666666665,0.2225,17614,2821.01,2285.65,1755.3,0.77
Riosucio,2024,0.3471166666666667,31.951666666666668,0.8191666666666667,2238.15,81.70583333333333,87.02333333333333,18.743333333333336,0.2125,17614,2733.13,2156.61,1868.51,0.87
Risaralda,2007,0.5966791666666666,31.97833333333333,0.7200000000000001,1164.3,78.91333333333334,85.51666666666667,15.911666666666669,0.3033333333333333,17616,3772.0,275.0,3575.0,1.3
Risaralda,2008,0.5535875,31.9375,0.6641666666666667,1268.48,78.90083333333332,84.32416666666667,15.875,0.2975,17616,343.0,2895.0,3474.0,1.2
Risaralda,2009,0.6030375,31.988333333333333,0.8383333333333334,1809.62,78.89,86.99083333333334,16.05666666666667,0.2875,17616,3323.0,304.0,3648.0,1.2
Risaralda,2010,0.594325,32.0175,0.8433333333333334,2306.36,78.91333333333334,87.40750000000001,16.170833333333334,0.2916666666666667,17616,311.0,284.0,2848.0,1.0
Risaralda,2011,0.6687333333333333,31.83083333333333,0.9225,2576.44,78.885,88.25,15.599166666666669,0.3058333333333333,17616,3214.0,2314.0,3182.0,1.38
Risaralda,2012,0.6314125,31.824166666666667,0.9133333333333332,2560.38,78.89999999999999,87.56583333333333,15.755,0.2891666666666666,17616,3118.0,28.0,1150.0,0.41
Risaralda,2013,0.6947041666666666,31.945000000000004,0.9308333333333332,2728.97,78.90666666666667,88.12333333333333,16.006666666666668,0.2825,17616,3188.0,2333.0,2653.0,1.14
Risaralda,2014,0.6989958333333334,31.9275,0.8958333333333334,2404.87,78.91166666666666,87.52833333333332,16.063333333333333,0.2858333333333333,17616,3184.0,2357.0,2899.0,1.23
Risaralda,2015,0.7127500000000001,31.936666666666667,0.775,1332.92,78.91666666666667,85.04583333333333,16.340833333333332,0.2841666666666667,17616,3137.0,2326.0,3033.0,1.3
Risaralda,2016,0.645725,32.016666666666666,0.7200000000000001,1728.86,78.95833333333333,85.72666666666667,16.599166666666665,0.2733333333333334,17616,3133.0,2277.0,3072.0,1.35
Risaralda,2017,0.6354458333333334,31.851666666666663,0.8741666666666666,2211.96,78.94083333333333,87.38333333333333,16.140833333333333,0.2875,17616,308.0,1959.0,2660.0,1.36
Risaralda,2018,0.6324958333333334,31.7825,0.8775,1983.61,78.91916666666667,87.29166666666667,15.970833333333331,0.285,17616,2994.0,1983.0,2754.0,1.39
Risaralda,2019,0.6997,31.7975,0.8383333333333334,1998.93,78.93833333333333,86.88416666666667,16.418333333333333,0.2766666666666666,17616,2939.0,2076.0,2796.0,1.35
Risaralda,2020,0.7033458333333332,31.741666666666664,0.7908333333333334,1584.91,78.94500000000001,86.1475,16.459166666666665,0.2966666666666667,17616,2700.0,1907.0,2375.0,1.25
Risaralda,2021,0.7052958333333333,31.83583333333333,0.7158333333333333,1228.52,78.92,84.85666666666667,16.411666666666665,0.2891666666666666,17616,2649.94,1818.71,1982.39,1.09
Risaralda,2022,0.591775,31.73583333333333,0.89,2527.64,78.91666666666667,88.09166666666665,15.955833333333333,0.2791666666666667,17616,2625.33,1903.41,2382.85,1.25
Risaralda,2023,0.5666958333333333,31.58583333333333,0.8483333333333333,1918.92,78.94,86.70083333333334,16.44666666666667,0.2908333333333333,17616,2601.9,1908.53,2734.01,1.43
Risaralda,2024,0.7039333333333334,31.951666666666668,0.8108333333333334,2077.82,78.97,86.6275,16.99416666666667,0.2783333333333333,17616,2566.64,1770.85,2958.97,1.67
Salamina,2007,0.7150375000000001,31.97833333333333,0.7399999999999999,1361.99,81.66083333333333,86.08999999999999,17.62333333333333,0.2325,17653,3064.0,29.0,2716.0,0.94
Salamina,2008,0.7171791666666666,31.9375,0.6558333333333334,1236.36,81.65083333333332,82.53,17.843333333333334,0.215,17653,3066.0,288.0,2596.0,0.9
Salamina,2009,0.7874125,31.988333333333333,0.915,2151.51,81.63583333333334,88.12,17.746666666666666,0.2141666666666667,17653,2972.0,27.0,2430.0,0.9
Salamina,2010,0.6485124999999999,32.0175,0.8908333333333333,2778.63,81.65833333333333,88.43416666666667,17.826666666666664,0.2183333333333333,17653,3017.0,2569.0,2235.0,0.87
Salamina,2011,0.7098458333333334,31.83083333333333,0.96,2921.37,81.63833333333334,89.3675,17.225833333333334,0.2241666666666666,17653,2883.0,2363.0,2529.0,1.07
Salamina,2012,0.7406874999999999,31.824166666666667,0.95,2925.64,81.64916666666666,88.72166666666668,17.435,0.21,17653,2679.0,2279.0,2279.0,1.0
Salamina,2013,0.7757791666666667,31.945000000000004,0.96,2976.77,81.65333333333334,89.20833333333333,17.649166666666666,0.2066666666666666,17653,261.0,204.0,2155.0,1.06
Salamina,2014,0.7605083333333332,31.9275,0.9275,2677.38,81.65916666666666,88.61416666666666,17.731666666666666,0.2091666666666667,17653,2571.0,2158.0,2465.0,1.14
Salamina,2015,0.6986875,31.936666666666667,0.7816666666666667,1465.53,81.65666666666667,85.45666666666666,18.1325,0.2091666666666666,17653,2451.0,2091.0,2267.0,1.08
Salamina,2016,0.7276333333333334,32.016666666666666,0.7541666666666668,1906.77,81.69916666666667,85.98833333333333,18.38416666666667,0.205,17653,2399.0,2007.0,2250.0,1.12
Salamina,2017,0.7592500000000001,31.851666666666663,0.9141666666666666,2357.33,81.69166666666666,88.55333333333334,17.761666666666667,0.2133333333333333,17653,2344.0,1855.0,2814.0,1.52
Salamina,2018,0.7096666666666667,31.7825,0.8958333333333334,2106.68,81.67083333333333,88.42583333333333,17.603333333333335,0.205,17653,2326.0,1898.0,2945.0,1.55
Salamina,2019,0.7377458333333333,31.7975,0.8441666666666667,2124.5,81.68333333333334,87.56333333333333,18.136666666666667,0.2058333333333333,17653,2258.0,1766.0,1146.5,0.65
Salamina,2020,0.7763749999999999,31.741666666666664,0.785,1701.71,81.69166666666666,86.82333333333332,18.094166666666663,0.2308333333333333,17653,2230.0,1721.0,2066.0,1.2
Salamina,2021,0.7864458333333334,31.83583333333333,0.6583333333333333,1126.36,81.66583333333334,83.28750000000001,18.313333333333333,0.2141666666666667,17653,2192.33,1716.97,1716.97,1.0
Salamina,2022,0.75055,31.73583333333333,0.9175,2723.89,81.66583333333334,89.2075,17.550833333333333,0.2108333333333333,17653,2206.02,1771.64,1563.94,0.88
Salamina,2023,0.7757708333333334,31.58583333333333,0.8658333333333333,2048.06,81.68166666666667,87.69333333333333,18.084166666666665,0.2225,17653,2216.19,1792.66,1912.53,1.07
Salamina,2024,0.7401874999999999,31.951666666666668,0.8191666666666667,2238.15,81.70583333333333,87.02333333333333,18.743333333333336,0.2125,17653,2234.82,1753.45,2322.21,1.32
Samana,2007,0.5143958333333333,34.13,0.58,1228.15,87.47250000000001,77.55083333333333,21.71666666666667,0.13,17662,4628.0,45.0,4153.0,0.92
Samana,2008,0.3649166666666667,34.064166666666665,0.5275,790.16,87.45833333333333,70.39916666666666,22.471666666666664,0.0941666666666666,17662,4576.0,4576.0,4206.0,0.92
Samana,2009,0.5583875,34.33583333333333,0.5966666666666667,1378.9,87.4475,79.77166666666666,21.71666666666667,0.1275,17662,4355.0,39.0,3510.0,0.9
Samana,2010,0.4367166666666666,34.318333333333335,0.7324999999999999,2121.46,87.4775,83.49,21.395,0.1116666666666666,17662,3887.0,3573.0,3573.0,1.0
Samana,2011,0.4224375,34.02333333333333,0.85,2375.23,87.47416666666668,88.20833333333333,20.329166666666666,0.1108333333333333,17662,4466.0,4104.0,4104.0,1.0
Samana,2012,0.5799708333333333,34.056666666666665,0.7425,1784.11,87.48333333333333,85.3225,20.756666666666664,0.1158333333333333,17662,4415.0,409.0,4090.0,1.0
Samana,2013,0.4978458333333333,34.29083333333333,0.6591666666666667,1898.23,87.47916666666667,84.4875,21.105833333333333,0.1158333333333333,17662,4298.0,3739.0,3645.0,0.97
Samana,2014,0.5726333333333333,34.21083333333333,0.6658333333333334,1595.36,87.48166666666667,83.27416666666666,21.28333333333333,0.1216666666666666,17662,3957.0,3598.0,3793.0,1.05
Samana,2015,0.6614791666666667,34.223333333333336,0.5933333333333334,1311.83,87.46666666666665,77.79333333333334,22.209166666666665,0.1266666666666666,17662,3886.0,3554.0,3367.0,0.95
Samana,2016,0.5283,34.325,0.6208333333333333,1715.47,87.51416666666667,81.03333333333333,21.96083333333333,0.1141666666666666,17662,383.0,3434.0,3364.0,0.98
Samana,2017,0.503775,34.085,0.7791666666666667,2148.23,87.52333333333333,87.86083333333333,20.716666666666665,0.1158333333333333,17662,3563.0,3106.0,3996.0,1.29
Samana,2018,0.5760041666666667,33.99333333333333,0.7541666666666668,1951.43,87.5125,85.96583333333332,20.7175,0.13,17662,2823.0,2358.0,3103.0,1.32
Samana,2019,0.5157916666666666,34.050000000000004,0.7200000000000001,1975.08,87.51083333333334,84.62833333333333,21.335,0.1283333333333333,17662,2819.0,2348.0,2987.0,1.27
Samana,2020,0.5904541666666666,34.013333333333335,0.6333333333333333,1595.48,87.50666666666666,81.82000000000001,21.57583333333333,0.145,17662,2867.0,2430.0,2858.0,1.18
Samana,2021,0.4912708333333333,34.095,0.5683333333333334,1123.48,87.47833333333334,76.20583333333333,22.126666666666665,0.11,17662,2908.49,2464.72,2612.6,1.06
Samana,2022,0.3802333333333333,33.87166666666666,0.8316666666666667,2507.8,87.50666666666666,87.57083333333333,20.508333333333333,0.1358333333333333,17662,2905.23,2432.48,2070.95,0.85
Samana,2023,0.5402458333333333,34.04666666666667,0.7491666666666666,1882.98,87.5,84.89916666666666,21.3225,0.1391666666666666,17662,2883.15,2437.63,2147.62,0.88
Samana,2024,0.5085625,34.384166666666665,0.7116666666666668,2056.24,87.51083333333332,83.39166666666667,22.05333333333333,0.1391666666666667,17662,2864.99,2371.16,2582.66,1.09
San Jose,2007,0.5920375,31.97833333333333,0.7200000000000001,1164.3,78.91333333333334,85.51666666666667,15.911666666666669,0.3033333333333333,17665,2264.0,205.0,2253.0,1.1
San Jose,2008,0.3713875,31.9375,0.6641666666666667,1268.48,78.90083333333332,84.32416666666667,15.875,0.2975,17665,2222.0,192.0,2688.0,1.4
San Jose,2009,0.5702333333333334,31.988333333333333,0.8383333333333334,1809.62,78.89,86.99083333333334,16.05666666666667,0.2875,17665,2107.0,192.0,2503.0,1.3
San Jose,2010,0.5078958333333333,32.0175,0.8433333333333334,2306.36,78.91333333333334,87.40750000000001,16.170833333333334,0.2916666666666667,17665,1954.0,1954.0,2198.0,1.13
San Jose,2011,0.4989708333333333,31.83083333333333,0.9225,2576.44,78.885,88.25,15.599166666666669,0.3058333333333333,17665,2059.0,1908.0,2156.0,1.13
San Jose,2012,0.5135208333333333,31.824166666666667,0.9133333333333332,2560.38,78.89999999999999,87.56583333333333,15.755,0.2891666666666666,17665,2129.0,1689.0,1689.0,1.0
San Jose,2013,0.4630875,31.945000000000004,0.9308333333333332,2728.97,78.90666666666667,88.12333333333333,16.006666666666668,0.2825,17665,2054.0,1414.0,1436.0,1.02
San Jose,2014,0.5550333333333334,31.9275,0.8958333333333334,2404.87,78.91166666666666,87.52833333333332,16.063333333333333,0.2858333333333333,17665,20.0,1424.0,1564.0,1.1
San Jose,2015,0.5888416666666666,31.936666666666667,0.775,1332.92,78.91666666666667,85.04583333333333,16.340833333333332,0.2841666666666667,17665,1962.0,1477.0,1869.0,1.27
San Jose,2016,0.4694125,32.016666666666666,0.7200000000000001,1728.86,78.95833333333333,85.72666666666667,16.599166666666665,0.2733333333333334,17665,1862.0,1375.0,1799.0,1.31
San Jose,2017,0.5319333333333334,31.851666666666663,0.8741666666666666,2211.96,78.94083333333333,87.38333333333333,16.140833333333333,0.2875,17665,1791.0,1249.0,1894.0,1.52
San Jose,2018,0.5576208333333333,31.7825,0.8775,1983.61,78.91916666666667,87.29166666666667,15.970833333333331,0.285,17665,1717.0,1192.0,1850.0,1.55
San Jose,2019,0.5067458333333333,31.7975,0.8383333333333334,1998.93,78.93833333333333,86.88416666666667,16.418333333333333,0.2766666666666666,17665,1666.0,1236.0,1647.0,1.33
San Jose,2020,0.5118083333333333,31.741666666666664,0.7908333333333334,1584.91,78.94500000000001,86.1475,16.459166666666665,0.2966666666666667,17665,1639.0,1214.0,1496.0,1.23
San Jose,2021,0.5278416666666667,31.83583333333333,0.7158333333333333,1228.52,78.92,84.85666666666667,16.411666666666665,0.2891666666666666,17665,1617.17,1164.86,1269.7,1.09
San Jose,2022,0.3958875,31.73583333333333,0.89,2527.64,78.91666666666667,88.09166666666665,15.955833333333333,0.2791666666666667,17665,1598.11,1195.9,1318.22,1.1
San Jose,2023,0.5164416666666667,31.58583333333333,0.8483333333333333,1918.92,78.94,86.70083333333334,16.44666666666667,0.2908333333333333,17665,1586.3,1203.72,1045.8,0.87
San Jose,2024,0.5478500000000001,31.951666666666668,0.8108333333333334,2077.82,78.97,86.6275,16.99416666666667,0.2783333333333333,17665,1584.6,1143.2,615.51,0.54
Supia,2007,0.5294333333333333,31.97833333333333,0.7399999999999999,1361.99,81.66083333333333,86.08999999999999,17.62333333333333,0.2325,17777,2021.0,192.0,1938.0,1.01
Supia,2008,0.5603416666666666,31.9375,0.6558333333333334,1236.36,81.65083333333332,82.53,17.843333333333334,0.215,17777,1952.0,1952.0,1963.0,1.01
Supia,2009,0.5461916666666666,31.988333333333333,0.915,2151.51,81.63583333333334,88.12,17.746666666666666,0.2141666666666667,17777,1952.0,1952.0,1963.0,1.01
Supia,2010,0.5575708333333333,32.0175,0.8908333333333333,2778.63,81.65833333333333,88.43416666666667,17.826666666666664,0.2183333333333333,17777,1934.0,1719.0,2579.0,1.5
Supia,2011,0.5632083333333333,31.83083333333333,0.96,2921.37,81.63833333333334,89.3675,17.225833333333334,0.2241666666666666,17777,1897.0,1741.0,2393.0,1.38
Supia,2012,0.5504041666666667,31.824166666666667,0.95,2925.64,81.64916666666666,88.72166666666668,17.435,0.21,17777,181.0,1428.0,1571.0,1.1
Supia,2013,0.5109374999999999,31.945000000000004,0.96,2976.77,81.65333333333334,89.20833333333333,17.649166666666666,0.2066666666666666,17777,186.0,1511.0,1694.0,1.12
Supia,2014,0.5482958333333333,31.9275,0.9275,2677.38,81.65916666666666,88.61416666666666,17.731666666666666,0.2091666666666667,17777,1639.0,136.0,1649.0,1.21
Supia,2015,0.479775,31.936666666666667,0.7816666666666667,1465.53,81.65666666666667,85.45666666666666,18.1325,0.2091666666666666,17777,1573.0,133.0,1448.0,1.09
Supia,2016,0.4881458333333333,32.016666666666666,0.7541666666666668,1906.77,81.69916666666667,85.98833333333333,18.38416666666667,0.205,17777,1563.0,1296.0,1458.0,1.13
Supia,2017,0.5676625,31.851666666666663,0.9141666666666666,2357.33,81.69166666666666,88.55333333333334,17.761666666666667,0.2133333333333333,17777,151.0,1215.0,1024.0,0.84
Supia,2018,0.5142791666666667,31.7825,0.8958333333333334,2106.68,81.67083333333333,88.42583333333333,17.603333333333335,0.205,17777,1495.0,1198.0,1032.0,0.86
Supia,2019,0.5433333333333333,31.7975,0.8441666666666667,2124.5,81.68333333333334,87.56333333333333,18.136666666666667,0.2058333333333333,17777,1481.0,1192.0,1544.0,1.3
Supia,2020,0.5340375,31.741666666666664,0.785,1701.71,81.69166666666666,86.82333333333332,18.094166666666663,0.2308333333333333,17777,1453.0,1173.0,702.0,0.6
Supia,2021,0.4753083333333334,31.83583333333333,0.6583333333333333,1126.36,81.66583333333334,83.28750000000001,18.313333333333333,0.2141666666666667,17777,1418.3,1125.29,1125.29,1.0
Supia,2022,0.5384458333333334,31.73583333333333,0.9175,2723.89,81.66583333333334,89.2075,17.550833333333333,0.2108333333333333,17777,1424.72,1149.68,1070.87,0.93
Supia,2023,0.4936666666666666,31.58583333333333,0.8658333333333333,2048.06,81.68166666666667,87.69333333333333,18.084166666666665,0.2225,17777,1371.86,1088.1,977.14,0.9
Supia,2024,0.4831041666666666,31.951666666666668,0.8191666666666667,2238.15,81.70583333333333,87.02333333333333,18.743333333333336,0.2125,17777,1351.45,1048.89,1168.41,1.11
Victoria,2007,0.7552916666666666,34.13,0.58,1228.15,87.47250000000001,77.55083333333333,21.71666666666667,0.13,17867,4250.0,2480.0,343.0,1.38
Victoria,2008,0.7789291666666666,34.064166666666665,0.5275,790.16,87.45833333333333,70.39916666666666,22.471666666666664,0.0941666666666666,17867,2740.0,2270.0,336.0,1.48
Victoria,2009,0.7812875,34.33583333333333,0.5966666666666667,1378.9,87.4475,79.77166666666666,21.71666666666667,0.1275,17867,2660.0,2630.0,395.0,1.5
Victoria,2010,0.7792583333333334,34.318333333333335,0.7324999999999999,2121.46,87.4775,83.49,21.395,0.1116666666666666,17867,2500.0,2300.0,184.0,0.8
Victoria,2011,0.7357083333333333,34.02333333333333,0.85,2375.23,87.47416666666668,88.20833333333333,20.329166666666666,0.1108333333333333,17867,2560.0,2460.0,197.0,0.8
Victoria,2012,0.7751291666666668,34.056666666666665,0.7425,1784.11,87.48333333333333,85.3225,20.756666666666664,0.1158333333333333,17867,2560.0,2460.0,246.0,1.0
Victoria,2013,0.7790916666666666,34.29083333333333,0.6591666666666667,1898.23,87.47916666666667,84.4875,21.105833333333333,0.1158333333333333,17867,1430.0,1020.0,80.0,0.79
Victoria,2014,0.7804916666666667,34.21083333333333,0.6658333333333334,1595.36,87.48166666666667,83.27416666666666,21.28333333333333,0.1216666666666666,17867,1450.0,1120.0,96.0,0.85
Victoria,2015,0.7225083333333333,34.223333333333336,0.5933333333333334,1311.83,87.46666666666665,77.79333333333334,22.209166666666665,0.1266666666666666,17867,1440.0,1160.0,135.0,1.17
Victoria,2016,0.7273166666666667,34.325,0.6208333333333333,1715.47,87.51416666666667,81.03333333333333,21.96083333333333,0.1141666666666666,17867,1450.0,1150.0,138.0,1.21
Victoria,2017,0.7839708333333334,34.085,0.7791666666666667,2148.23,87.52333333333333,87.86083333333333,20.716666666666665,0.1158333333333333,17867,1310.0,1060.0,99.0,0.93
Victoria,2018,0.7808458333333334,33.99333333333333,0.7541666666666668,1951.43,87.5125,85.96583333333332,20.7175,0.13,17867,1190.0,980.0,93.0,0.95
Victoria,2019,0.8073625,34.050000000000004,0.7200000000000001,1975.08,87.51083333333334,84.62833333333333,21.335,0.1283333333333333,17867,104.0,81.0,107.0,1.32
Victoria,2020,0.8035333333333333,34.013333333333335,0.6333333333333333,1595.48,87.50666666666666,81.82000000000001,21.57583333333333,0.145,17867,98.0,80.0,99.0,1.24
Victoria,2021,0.8060625,34.095,0.5683333333333334,1123.48,87.47833333333334,76.20583333333333,22.126666666666665,0.11,17867,86.35,72.57,100.15,1.38
Victoria,2022,0.7564791666666667,33.87166666666666,0.8316666666666667,2507.8,87.50666666666666,87.57083333333333,20.508333333333333,0.1358333333333333,17867,94.63,71.22,84.76,1.19
Victoria,2023,0.7958333333333334,34.04666666666667,0.7491666666666666,1882.98,87.5,84.89916666666666,21.3225,0.1391666666666666,17867,97.32,68.98,82.87,1.2
Victoria,2024,0.796825,34.384166666666665,0.7116666666666668,2056.24,87.51083333333332,83.39166666666667,22.05333333333333,0.1391666666666667,17867,103.57,79.7,118.38,1.49
Villamaria,2007,0.6534666666666666,31.97833333333333,0.7200000000000001,1164.3,78.91333333333334,85.51666666666667,15.911666666666669,0.3033333333333333,17873,1788.0,1593.0,2508.0,1.57
Villamaria,2008,0.5747125,31.9375,0.6641666666666667,1268.48,78.90083333333332,84.32416666666667,15.875,0.2975,17873,1746.0,1223.0,1553.0,1.27
Villamaria,2009,0.6373541666666667,31.988333333333333,0.8383333333333334,1809.62,78.89,86.99083333333334,16.05666666666667,0.2875,17873,1724.0,8530.0,597.0,0.7
Villamaria,2010,0.5475416666666667,32.0175,0.8433333333333334,2306.36,78.91333333333334,87.40750000000001,16.170833333333334,0.2916666666666667,17873,1719.0,1569.0,1255.0,0.8
Villamaria,2011,0.608175,31.83083333333333,0.9225,2576.44,78.885,88.25,15.599166666666669,0.3058333333333333,17873,1735.0,1585.0,2219.0,1.4
Villamaria,2012,0.6195833333333334,31.824166666666667,0.9133333333333332,2560.38,78.89999999999999,87.56583333333333,15.755,0.2891666666666666,17873,2015.0,1015.0,1015.0,1.0
Villamaria,2013,0.57975,31.945000000000004,0.9308333333333332,2728.97,78.90666666666667,88.12333333333333,16.006666666666668,0.2825,17873,1698.0,135.0,1536.0,1.14
Villamaria,2014,0.6471,31.9275,0.8958333333333334,2404.87,78.91166666666666,87.52833333333332,16.063333333333333,0.2858333333333333,17873,167.0,1375.0,1691.0,1.23
Villamaria,2015,0.6679041666666667,31.936666666666667,0.775,1332.92,78.91666666666667,85.04583333333333,16.340833333333332,0.2841666666666667,17873,1692.0,1371.0,1518.0,1.11
Villamaria,2016,0.6088458333333334,32.016666666666666,0.7200000000000001,1728.86,78.95833333333333,85.72666666666667,16.599166666666665,0.2733333333333334,17873,1706.0,1355.0,1551.0,1.14
Villamaria,2017,0.6654083333333333,31.851666666666663,0.8741666666666666,2211.96,78.94083333333333,87.38333333333333,16.140833333333333,0.2875,17873,1671.0,1252.0,1582.0,1.26
Villamaria,2018,0.6318291666666667,31.7825,0.8775,1983.61,78.91916666666667,87.29166666666667,15.970833333333331,0.285,17873,1632.0,121.0,1564.0,1.29
Villamaria,2019,0.5959333333333333,31.7975,0.8383333333333334,1998.93,78.93833333333333,86.88416666666667,16.418333333333333,0.2766666666666666,17873,1614.0,1212.0,1553.0,1.28
Villamaria,2020,0.5998083333333334,31.741666666666664,0.7908333333333334,1584.91,78.94500000000001,86.1475,16.459166666666665,0.2966666666666667,17873,1550.0,1182.0,700.0,0.59
Villamaria,2021,0.6120291666666667,31.83583333333333,0.7158333333333333,1228.52,78.92,84.85666666666667,16.411666666666665,0.2891666666666666,17873,1510.48,1151.22,1047.61,0.91
Villamaria,2022,0.6102958333333334,31.73583333333333,0.89,2527.64,78.91666666666667,88.09166666666665,15.955833333333333,0.2791666666666667,17873,1516.26,1192.04,1037.83,0.87
Villamaria,2023,0.7195833333333334,31.58583333333333,0.8483333333333333,1918.92,78.94,86.70083333333334,16.44666666666667,0.2908333333333333,17873,1491.74,1194.51,906.91,0.76
Villamaria,2024,0.6859791666666667,31.951666666666668,0.8108333333333334,2077.82,78.97,86.6275,16.99416666666667,0.2783333333333333,17873,1470.5,1127.44,1102.42,0.98
Viterbo,2007,0.6185416666666667,31.97833333333333,0.7200000000000001,1164.3,78.91333333333334,85.51666666666667,15.911666666666669,0.3033333333333333,17877,7460.0,6700.0,782.0,1.17
Viterbo,2008,0.6134291666666667,31.9375,0.6641666666666667,1268.48,78.90083333333332,84.32416666666667,15.875,0.2975,17877,8940.0,8940.0,886.0,0.99
Viterbo,2009,0.6046708333333334,31.988333333333333,0.8383333333333334,1809.62,78.89,86.99083333333334,16.05666666666667,0.2875,17877,8900.0,8900.0,1157.0,1.3
Viterbo,2010,0.6076374999999999,32.0175,0.8433333333333334,2306.36,78.91333333333334,87.40750000000001,16.170833333333334,0.2916666666666667,17877,8900.0,8000.0,1050.0,1.31
Viterbo,2011,0.6287916666666666,31.83083333333333,0.9225,2576.44,78.885,88.25,15.599166666666669,0.3058333333333333,17877,6430.0,5340.0,668.0,1.25
Viterbo,2012,0.6045458333333333,31.824166666666667,0.9133333333333332,2560.38,78.89999999999999,87.56583333333333,15.755,0.2891666666666666,17877,9700.0,9400.0,940.0,1.0
Viterbo,2013,0.6161458333333333,31.945000000000004,0.9308333333333332,2728.97,78.90666666666667,88.12333333333333,16.006666666666668,0.2825,17877,6300.0,4850.0,382.0,0.79
Viterbo,2014,0.6342375,31.9275,0.8958333333333334,2404.87,78.91166666666666,87.52833333333332,16.063333333333333,0.2858333333333333,17877,6130.0,4800.0,409.0,0.85
Viterbo,2015,0.609575,31.936666666666667,0.775,1332.92,78.91666666666667,85.04583333333333,16.340833333333332,0.2841666666666667,17877,5840.0,4770.0,544.0,1.14
Viterbo,2016,0.5355583333333334,32.016666666666666,0.7200000000000001,1728.86,78.95833333333333,85.72666666666667,16.599166666666665,0.2733333333333334,17877,5770.0,4620.0,544.0,1.18
Viterbo,2017,0.6012333333333334,31.851666666666663,0.8741666666666666,2211.96,78.94083333333333,87.38333333333333,16.140833333333333,0.2875,17877,5380.0,4240.0,536.0,1.26
Viterbo,2018,0.5908166666666667,31.7825,0.8775,1983.61,78.91916666666667,87.29166666666667,15.970833333333331,0.285,17877,4910.0,3850.0,498.0,1.29
Viterbo,2019,0.5585375,31.7975,0.8383333333333334,1998.93,78.93833333333333,86.88416666666667,16.418333333333333,0.2766666666666666,17877,447.0,351.0,456.0,1.3
Viterbo,2020,0.604175,31.741666666666664,0.7908333333333334,1584.91,78.94500000000001,86.1475,16.459166666666665,0.2966666666666667,17877,441.0,353.0,424.0,1.2
Viterbo,2021,0.5753375,31.83583333333333,0.7158333333333333,1228.52,78.92,84.85666666666667,16.411666666666665,0.2891666666666666,17877,449.69,350.97,477.32,1.36
Viterbo,2022,0.5729625,31.73583333333333,0.89,2527.64,78.91666666666667,88.09166666666665,15.955833333333333,0.2791666666666667,17877,360.73,265.15,497.98,1.88
Viterbo,2023,0.5251833333333333,31.58583333333333,0.8483333333333333,1918.92,78.94,86.70083333333334,16.44666666666667,0.2908333333333333,17877,350.96,261.1,465.32,1.78
Viterbo,2024,0.5287791666666667,31.951666666666668,0.8108333333333334,2077.82,78.97,86.6275,16.99416666666667,0.2783333333333333,17877,333.99,246.92,544.0,2.2
