modelo,mae,rmse,sesgo,municipio,variable,modelo_seleccionado
seasonal_naive,57.99110430945576,96.97937681544592,-6.571693796237555,Aguadas,precip_mm,seasonal_naive
random_forest_lags,63.8565950242524,104.41297022174612,-27.03937827295223,Aguadas,precip_mm,seasonal_naive
sarima,63.82651150016894,106.56320994165449,-44.399210494491925,Aguadas,precip_mm,seasonal_naive
seasonal_naive,1.942968191907252,3.37780318788592,-0.26392184137564356,Aguadas,precip_mean_mm,seasonal_naive
sarima,2.140256473461902,3.6953262089307635,-1.5133137123334106,Aguadas,precip_mean_mm,seasonal_naive
random_forest_lags,2.216987146979788,3.7225027623445803,-1.0371828283878641,Aguadas,precip_mean_mm,seasonal_naive
random_forest_lags,11.232742687834461,18.652188609778634,-4.83191108387138,Aguadas,precip_max_mm,random_forest_lags
sarima,12.068765177115152,19.340499025798177,-5.3045436509474575,Aguadas,precip_max_mm,random_forest_lags
seasonal_naive,12.115430968663615,19.476989480544294,-5.654164844992125,Aguadas,precip_max_mm,random_forest_lags
random_forest_lags,0.5660731293052611,0.7585700887556186,-0.33650461852327385,Aguadas,temp_mean,random_forest_lags
sarima,0.5797158410376654,0.7688578172071903,-0.3796591369377565,Aguadas,temp_mean,random_forest_lags
seasonal_naive,0.6375999049311966,0.8415707236504998,-0.4894448616013802,Aguadas,temp_mean,random_forest_lags
sarima,0.3983157543815965,0.5130223154350532,0.1378480887718658,Aguadas,temp_min,sarima
seasonal_naive,0.5040128342705481,0.6063149596459128,-0.3610719566287805,Aguadas,temp_min,sarima
random_forest_lags,0.5871347871796121,0.691798025685193,-0.4336750428786127,Aguadas,temp_min,sarima
sarima,0.9774025195192715,1.1182237893909182,0.01568492617339751,Aguadas,temp_max,sarima
seasonal_naive,1.0405108811004906,1.2592424639948216,-0.6046957763672389,Aguadas,temp_max,sarima
random_forest_lags,1.0555676232243676,1.2844916816962901,-0.6434418953506201,Aguadas,temp_max,sarima
seasonal_naive,9.969840480831708,14.409142736294791,-0.254827322936969,Aguadas,et_real_mm,seasonal_naive
sarima,9.646338347905505,14.481413755116609,1.8136865791856251,Aguadas,et_real_mm,seasonal_naive
random_forest_lags,10.908925312893254,15.508206624781002,-1.0354351607683583,Aguadas,et_real_mm,seasonal_naive
sarima,5.491693465682178,7.088198103538664,-1.3960674164791687,Aguadas,et_potencial_mm,sarima
seasonal_naive,7.5260585607537385,9.282638686743459,-6.0034583333333345,Aguadas,et_potencial_mm,sarima
random_forest_lags,9.018562812574713,11.1794504623258,-8.566966073444007,Aguadas,et_potencial_mm,sarima
seasonal_naive,0.04328277712872476,0.05091587081458539,-0.02154474611911704,Aguadas,ndvi_mean,seasonal_naive
random_forest_lags,0.0492329956204285,0.058685070110299456,-0.02576834652456033,Aguadas,ndvi_mean,seasonal_naive
sarima,0.05750621058371723,0.06564048134975795,-0.015553561815997695,Aguadas,ndvi_mean,seasonal_naive
random_forest_lags,0.025371651527916813,0.039998491790901716,-0.00919829903333659,Aguadas,ndvi_min,random_forest_lags
sarima,0.025452002178096986,0.04162587219003016,-0.010661245867008997,Aguadas,ndvi_min,random_forest_lags
seasonal_naive,0.024680825461088622,0.041777823570633865,-0.013809952766531713,Aguadas,ndvi_min,random_forest_lags
random_forest_lags,0.003046625834699813,0.004088123599852446,-0.00031524652224591723,Aguadas,ndvi_max,random_forest_lags
seasonal_naive,0.0035326248313090358,0.004813569850535507,0.0005360661268555919,Aguadas,ndvi_max,random_forest_lags
sarima,0.003515597469879241,0.004940330010989426,0.0006001381026104096,Aguadas,ndvi_max,random_forest_lags
seasonal_naive,56.670570105045655,84.01635651214185,-6.8245076581618775,Anserma,precip_mm,seasonal_naive
sarima,56.029034325569874,87.06942386958326,-24.12577716270959,Anserma,precip_mm,seasonal_naive
random_forest_lags,56.67582509658037,91.51751405302599,-18.183108059192783,Anserma,precip_mm,seasonal_naive
seasonal_naive,1.896412956125769,2.906870840344368,-0.2598986451422878,Anserma,precip_mean_mm,seasonal_naive
sarima,1.876331012466648,3.0120444071949897,-0.8378536000734205,Anserma,precip_mean_mm,seasonal_naive
random_forest_lags,1.9551271959629437,3.165555138968609,-0.7714496026610879,Anserma,precip_mean_mm,seasonal_naive
seasonal_naive,12.12018118529677,17.43873476590829,-4.089891071104704,Anserma,precip_max_mm,seasonal_naive
sarima,12.201772178839718,17.54665290816243,-4.317815786045369,Anserma,precip_max_mm,seasonal_naive
random_forest_lags,12.698318145018456,18.079045151709348,-3.7799333544675524,Anserma,precip_max_mm,seasonal_naive
sarima,0.3665147030369392,0.4297404587970287,-0.01761147040328372,Anserma,temp_mean,sarima
random_forest_lags,0.4066428683768569,0.5183629700646614,-0.23795713286393677,Anserma,temp_mean,sarima
seasonal_naive,0.5713667225746342,0.7010024170808582,-0.5556065361082271,Anserma,temp_mean,sarima
sarima,0.39225321936577323,0.45940909356578236,-0.12617611988174277,Anserma,temp_min,sarima
seasonal_naive,0.610869158997934,0.7031759153959819,-0.5481271789525162,Anserma,temp_min,sarima
random_forest_lags,0.6504087034936757,0.7682112506682733,-0.5504016197833411,Anserma,temp_min,sarima
random_forest_lags,0.6715476422618103,0.7855616656244228,-0.2622550834466452,Anserma,temp_max,random_forest_lags
seasonal_naive,0.8777588051930229,1.0619705502291654,-0.7407956692357249,Anserma,temp_max,random_forest_lags
sarima,1.1161778429498752,1.3579409107806295,1.0706814262907425,Anserma,temp_max,random_forest_lags
sarima,5.926220880474378,7.210870680729737,-0.08767037638404969,Anserma,et_real_mm,sarima
seasonal_naive,7.551262727313151,8.583939909015358,-4.690524728409886,Anserma,et_real_mm,sarima
random_forest_lags,8.446851071421493,9.752191945783139,-6.004511640524264,Anserma,et_real_mm,sarima
sarima,5.876679650513481,7.249015703763733,-3.8141527584816615,Anserma,et_potencial_mm,sarima
seasonal_naive,6.402469321061761,7.803861102794819,-4.847533087309,Anserma,et_potencial_mm,sarima
random_forest_lags,8.1507731301241,9.665162039264189,-7.287873727533437,Anserma,et_potencial_mm,sarima
seasonal_naive,0.03523659267233552,0.047994012944522255,-0.006805982747488359,Anserma,ndvi_mean,seasonal_naive
random_forest_lags,0.04161914593419436,0.053657410718104905,-0.00124235003619116,Anserma,ndvi_mean,seasonal_naive
sarima,0.0441590399839991,0.05684208216893716,-0.004726664997944821,Anserma,ndvi_mean,seasonal_naive
seasonal_naive,0.02290228295096716,0.03192040871684758,0.007092746288798918,Anserma,ndvi_min,seasonal_naive
random_forest_lags,0.02588586742268545,0.03445625381041084,0.00863195534530863,Anserma,ndvi_min,seasonal_naive
sarima,0.03220563038578329,0.038393007171901826,0.012225285579539282,Anserma,ndvi_min,seasonal_naive
random_forest_lags,0.009366210978029836,0.01437637174319875,0.0008204427816819438,Anserma,ndvi_max,random_forest_lags
seasonal_naive,0.009230071974808816,0.017169086418060742,0.0026595816464237356,Anserma,ndvi_max,random_forest_lags
sarima,0.009420843104811128,0.01799063493490331,0.00217459173152636,Anserma,ndvi_max,random_forest_lags
seasonal_naive,46.04335625638362,74.6852633144839,-11.166293377991488,Aranzazu,precip_mm,seasonal_naive
sarima,46.308171964579664,75.5321607593305,-16.62338143797229,Aranzazu,precip_mm,seasonal_naive
random_forest_lags,48.4665069846431,80.74507667381907,-15.064345270124928,Aranzazu,precip_mm,seasonal_naive
seasonal_naive,1.5489634382484647,2.5993278329410634,-0.401745042718552,Aranzazu,precip_mean_mm,seasonal_naive
sarima,1.5573413649008927,2.628172402633437,-0.591360777467609,Aranzazu,precip_mean_mm,seasonal_naive
random_forest_lags,1.5994084721182535,2.7860726672085603,-0.5621165903005002,Aranzazu,precip_mean_mm,seasonal_naive
sarima,11.412668970001883,15.158266413951454,-3.014813931364997,Aranzazu,precip_max_mm,sarima
random_forest_lags,11.755759504192193,15.341374357390556,-2.881497106432484,Aranzazu,precip_max_mm,sarima
seasonal_naive,11.648278956558986,16.389516507597758,-4.6335800837492975,Aranzazu,precip_max_mm,sarima
sarima,0.4099826131952232,0.5361325274455496,-0.22716415023358436,Aranzazu,temp_mean,sarima
seasonal_naive,0.4299061661239468,0.561283841548919,-0.2521620905513855,Aranzazu,temp_mean,sarima
random_forest_lags,0.603254245878317,0.7218949593565958,-0.07132346569066025,Aranzazu,temp_mean,sarima
seasonal_naive,0.45216961594256533,0.5648097865576996,-0.21914650534159655,Aranzazu,temp_min,seasonal_naive
sarima,0.4862146817983512,0.6058519743448362,-0.3147396202020382,Aranzazu,temp_min,seasonal_naive
random_forest_lags,0.617896406026176,0.759764430496731,-0.3964686192682214,Aranzazu,temp_min,seasonal_naive
seasonal_naive,0.8086937574497822,0.9699013215909973,-0.32640544107943054,Aranzazu,temp_max,seasonal_naive
sarima,0.8370616910503212,0.9766311339338657,0.3151486136776401,Aranzazu,temp_max,seasonal_naive
random_forest_lags,0.7425376477513825,1.0062406052100754,-0.6026245892063984,Aranzazu,temp_max,seasonal_naive
sarima,5.981064425114737,8.353170985809186,0.9493408447307662,Aranzazu,et_real_mm,sarima
seasonal_naive,7.077072729153734,8.717765068772358,-2.763915528657151,Aranzazu,et_real_mm,sarima
random_forest_lags,7.806467283092334,9.663853275975736,-4.244580443326463,Aranzazu,et_real_mm,sarima
sarima,6.028605950855884,7.4590558630847665,-4.1344841524349585,Aranzazu,et_potencial_mm,sarima
seasonal_naive,6.565846782536727,8.143932300863433,-5.291127146699773,Aranzazu,et_potencial_mm,sarima
random_forest_lags,6.9987335654436835,8.842718881573989,-5.662748006959475,Aranzazu,et_potencial_mm,sarima
random_forest_lags,0.08528821566002315,0.09777546989586952,-0.06003431285990225,Aranzazu,ndvi_mean,random_forest_lags
sarima,0.08966821545821507,0.10695715608227559,-0.06371630739448088,Aranzazu,ndvi_mean,random_forest_lags
seasonal_naive,0.10059051349940917,0.10952137571598382,-0.08584888132537011,Aranzazu,ndvi_mean,random_forest_lags
seasonal_naive,0.032572300944669355,0.0679240444294949,-0.024039979757085016,Aranzazu,ndvi_min,seasonal_naive
sarima,0.032234211964088474,0.0687288235078236,-0.023452642336737346,Aranzazu,ndvi_min,seasonal_naive
random_forest_lags,0.032289610948930965,0.0696344072651198,-0.027638753812006082,Aranzazu,ndvi_min,seasonal_naive
seasonal_naive,0.008748144399460183,0.016324378520395547,0.001958738191632926,Aranzazu,ndvi_max,seasonal_naive
random_forest_lags,0.00889545084127711,0.016401915088563996,0.0023179886096750856,Aranzazu,ndvi_max,seasonal_naive
sarima,0.00903425392857827,0.016575691156657753,0.001895602602160826,Aranzazu,ndvi_max,seasonal_naive
random_forest_lags,57.533130120436375,79.70020613577185,-6.196051851843465,Belalcázar,precip_mm,random_forest_lags
seasonal_naive,61.98403918402869,84.93807978180747,-2.091563882466531,Belalcázar,precip_mm,random_forest_lags
sarima,59.029828975047536,89.57494261080365,-28.42289835748312,Belalcázar,precip_mm,random_forest_lags
random_forest_lags,1.9313675886650477,2.7221327102469957,-0.32583866666817857,Belalcázar,precip_mean_mm,random_forest_lags
seasonal_naive,2.06730533692673,2.9112176106897163,-0.10160931214681972,Belalcázar,precip_mean_mm,random_forest_lags
sarima,1.9635213086690155,3.0682079658459447,-0.9691767330330608,Belalcázar,precip_mean_mm,random_forest_lags
seasonal_naive,10.215329022147294,13.58549700333375,-2.3734438609244153,Belalcázar,precip_max_mm,seasonal_naive
sarima,10.86435741372474,14.482124744760561,-5.512864786339761,Belalcázar,precip_max_mm,seasonal_naive
random_forest_lags,11.024302151207431,14.713497930470087,-6.642212222142267,Belalcázar,precip_max_mm,seasonal_naive
random_forest_lags,0.3038772028480655,0.3698622559841138,-0.1371020812887115,Belalcázar,temp_mean,random_forest_lags
sarima,0.3367761339848992,0.3837370213601576,0.014734349894186248,Belalcázar,temp_mean,random_forest_lags
seasonal_naive,0.4661113079535341,0.591519886639204,-0.45716704251422635,Belalcázar,temp_mean,random_forest_lags
sarima,0.42711481450656436,0.5001290778443309,-0.2172316999649041,Belalcázar,temp_min,sarima
seasonal_naive,0.5823126589842493,0.6805782170882092,-0.5270024520976283,Belalcázar,temp_min,sarima
random_forest_lags,0.5796755558697281,0.6955739925797959,-0.5324457399512347,Belalcázar,temp_min,sarima
random_forest_lags,1.2538493729640927,1.480082096859884,-0.5617791569080717,Belalcázar,temp_max,random_forest_lags
seasonal_naive,1.2013482427117272,1.489089274442936,-0.7249721890674412,Belalcázar,temp_max,random_forest_lags
sarima,1.2481010634311667,1.568468306705898,-0.8779609781199089,Belalcázar,temp_max,random_forest_lags
sarima,5.694155967859882,6.721922102618006,-2.4508671088771905,Belalcázar,et_real_mm,sarima
seasonal_naive,8.229780195018025,9.6593257774304,-7.397575931388616,Belalcázar,et_real_mm,sarima
random_forest_lags,9.406809435267569,11.205053894511972,-8.961077463272206,Belalcázar,et_real_mm,sarima
sarima,5.958916851670377,7.246954437085857,-3.9323797151389854,Belalcázar,et_potencial_mm,sarima
seasonal_naive,6.395196929968315,7.785738434806568,-4.916643108816781,Belalcázar,et_potencial_mm,sarima
random_forest_lags,7.9990018339889595,9.527372137821978,-7.535588163243514,Belalcázar,et_potencial_mm,sarima
seasonal_naive,0.03223494082420296,0.042368808129623764,0.005284361161296705,Belalcázar,ndvi_mean,seasonal_naive
random_forest_lags,0.0360348030540749,0.04445142122995359,-0.0011218970744867373,Belalcázar,ndvi_mean,seasonal_naive
sarima,0.03802340493921893,0.05101178507094723,0.012213609792829193,Belalcázar,ndvi_mean,seasonal_naive
random_forest_lags,0.08182929309761293,0.12054558014440868,-0.016537931614009502,Belalcázar,ndvi_min,random_forest_lags
seasonal_naive,0.08045820962663067,0.12492204828600345,-0.02523178137651821,Belalcázar,ndvi_min,random_forest_lags
sarima,0.0873965679067398,0.1291304619332722,-0.018389338560484025,Belalcázar,ndvi_min,random_forest_lags
seasonal_naive,0.011988191632928503,0.018663057864441213,0.0034552631578947304,Belalcázar,ndvi_max,seasonal_naive
sarima,0.01425883546547286,0.021062411146116976,0.0027843366115234284,Belalcázar,ndvi_max,seasonal_naive
random_forest_lags,0.0249711153841087,0.027848609046395127,-0.019191753105049336,Belalcázar,ndvi_max,seasonal_naive
sarima,62.16478481399289,95.47333461726545,-12.855232589685052,Chinchiná,precip_mm,sarima
seasonal_naive,62.33260713927261,95.81380569498471,-13.778106737627253,Chinchiná,precip_mm,sarima
random_forest_lags,63.77055847063933,103.27442629386158,-26.335213822872518,Chinchiná,precip_mm,sarima
sarima,2.080923085969773,3.3074461651730642,-0.4698619226297135,Chinchiná,precip_mean_mm,sarima
seasonal_naive,2.0865747175360174,3.317681994759874,-0.4956323390889352,Chinchiná,precip_mean_mm,sarima
random_forest_lags,2.151762930075373,3.6047067295677175,-0.9166755696471991,Chinchiná,precip_mean_mm,sarima
sarima,11.782775215817127,19.31584485069358,-2.0869140416438317,Chinchiná,precip_max_mm,sarima
seasonal_naive,11.802849622932614,19.547822299175177,-3.646011446695986,Chinchiná,precip_max_mm,sarima
random_forest_lags,12.188321446158536,20.210237640294782,-3.796502649398117,Chinchiná,precip_max_mm,sarima
sarima,0.30245519794119385,0.3521322856196339,0.08414366889691093,Chinchiná,temp_mean,sarima
random_forest_lags,0.31177671192180034,0.36414182584983773,-0.27625077104667106,Chinchiná,temp_mean,sarima
seasonal_naive,0.593079183342511,0.6807015155394367,-0.593079183342511,Chinchiná,temp_mean,sarima
sarima,0.33705377917503443,0.4155760680945692,-0.1615442233666529,Chinchiná,temp_min,sarima
random_forest_lags,0.6070933972156187,0.6912886252717395,-0.5272418318837722,Chinchiná,temp_min,sarima
seasonal_naive,0.6810122287363247,0.764908935526972,-0.664960977836182,Chinchiná,temp_min,sarima
sarima,1.0969563452735058,1.4965612758170657,-0.5160113125138474,Chinchiná,temp_max,sarima
seasonal_naive,1.108616778321535,1.5080973671371427,-0.5439811930894065,Chinchiná,temp_max,sarima
random_forest_lags,1.032063301006215,1.5172969810299297,-0.31335245773019393,Chinchiná,temp_max,sarima
sarima,5.994662397922561,7.58084793119738,-2.838612334675606,Chinchiná,et_real_mm,sarima
seasonal_naive,8.303513779249075,10.268781688804053,-7.521659876071641,Chinchiná,et_real_mm,sarima
random_forest_lags,9.088349206642576,11.337318258519252,-8.814553268455422,Chinchiná,et_real_mm,sarima
sarima,5.847986096447478,7.266517611595487,-3.842087499531232,Chinchiná,et_potencial_mm,sarima
seasonal_naive,6.296250318309144,7.8665825364235555,-4.927842500636619,Chinchiná,et_potencial_mm,sarima
random_forest_lags,6.812740727481793,8.947681115178849,-6.180080232494578,Chinchiná,et_potencial_mm,sarima
seasonal_naive,0.039076594797409284,0.04919829633206582,-0.017808723210257314,Chinchiná,ndvi_mean,seasonal_naive
sarima,0.04421545966610222,0.05437871900587899,-0.01573953003040648,Chinchiná,ndvi_mean,seasonal_naive
random_forest_lags,0.04647693160503074,0.05607567837798436,-0.022557474049654375,Chinchiná,ndvi_mean,seasonal_naive
sarima,0.054647282207522935,0.06657363938748236,-0.011480034808655146,Chinchiná,ndvi_min,sarima
random_forest_lags,0.05823595528483195,0.07810169259707948,-0.053180521298268404,Chinchiná,ndvi_min,sarima
seasonal_naive,0.07977847503373818,0.09603463199397454,-0.07937078272604589,Chinchiná,ndvi_min,sarima
seasonal_naive,0.01345638776428252,0.01776845965985612,-0.0012101889338731635,Chinchiná,ndvi_max,seasonal_naive
random_forest_lags,0.012881010121631602,0.019562565859349637,0.0026322422072963193,Chinchiná,ndvi_max,seasonal_naive
sarima,0.016604160308193564,0.020043504946238935,-0.005364609191312913,Chinchiná,ndvi_max,seasonal_naive
seasonal_naive,53.069299921593476,86.52104708854777,-9.592412245690197,Filadelfia,precip_mm,seasonal_naive
sarima,51.77637113781233,89.11922417591052,-23.820296092182044,Filadelfia,precip_mm,seasonal_naive
random_forest_lags,53.486693384929325,90.00837779476169,-16.985726369109443,Filadelfia,precip_mm,seasonal_naive
seasonal_naive,1.7844266670189997,3.0198259532121794,-0.3565274573299618,Filadelfia,precip_mean_mm,seasonal_naive
sarima,1.744714684203095,3.1099171923037106,-0.8358260072700481,Filadelfia,precip_mean_mm,seasonal_naive
random_forest_lags,1.8157868247948987,3.161781162919496,-0.6381052210406147,Filadelfia,precip_mean_mm,seasonal_naive
sarima,12.57111598680921,18.711300193225366,-6.309187353123539,Filadelfia,precip_max_mm,sarima
seasonal_naive,11.760640662902098,19.22450338638639,-5.555936223675185,Filadelfia,precip_max_mm,sarima
random_forest_lags,13.120351038459187,20.704074261623084,-5.285779434108127,Filadelfia,precip_max_mm,sarima
sarima,0.47611025964723525,0.6015824599250462,-0.31482227656834666,Filadelfia,temp_mean,sarima
seasonal_naive,0.4800136838650055,0.6070161387550717,-0.3209647451342414,Filadelfia,temp_mean,sarima
random_forest_lags,0.5121088761905122,0.6124590680393767,-0.013780201553146845,Filadelfia,temp_mean,sarima
sarima,0.4384399851853219,0.5689119117392469,-0.27523086497304045,Filadelfia,temp_min,sarima
seasonal_naive,0.4429805178364829,0.5700111647082672,-0.27301666168527305,Filadelfia,temp_min,sarima
random_forest_lags,0.49821073082067796,0.6186050496879502,-0.23598835792882744,Filadelfia,temp_min,sarima
random_forest_lags,0.8250114047355778,1.0364059598857729,-0.48097772949579287,Filadelfia,temp_max,random_forest_lags
seasonal_naive,0.9205856453261523,1.102069342250759,-0.40066198262253777,Filadelfia,temp_max,random_forest_lags
sarima,0.9469278941906979,1.1576271009536694,0.49788865330781296,Filadelfia,temp_max,random_forest_lags
sarima,8.762652175679348,12.570289838734006,1.3552053891443163,Filadelfia,et_real_mm,sarima
seasonal_naive,9.830979134516463,12.702166696644971,-2.2881628970550385,Filadelfia,et_real_mm,sarima
random_forest_lags,10.610425428659854,13.618305838141966,-3.0877676347045955,Filadelfia,et_real_mm,sarima
sarima,6.54355340537294,8.126873588351557,-4.560473365282431,Filadelfia,et_potencial_mm,sarima
seasonal_naive,6.921679084683643,8.560913518498353,-5.335618610146606,Filadelfia,et_potencial_mm,sarima
random_forest_lags,8.211302334472508,10.37624622546729,-6.564436020727553,Filadelfia,et_potencial_mm,sarima
seasonal_naive,0.039588317948887466,0.048169918836338546,-0.009394162670611751,Filadelfia,ndvi_mean,seasonal_naive
sarima,0.04073590466139997,0.05233613016868994,0.00169341871968937,Filadelfia,ndvi_mean,seasonal_naive
random_forest_lags,0.04401658981325306,0.05350942219459183,-0.0058047799333664175,Filadelfia,ndvi_mean,seasonal_naive
seasonal_naive,0.05836481106612685,0.10154992555521092,-0.026325877192982457,Filadelfia,ndvi_min,seasonal_naive
sarima,0.06184869877697653,0.1042392655799013,-0.01883157870030914,Filadelfia,ndvi_min,seasonal_naive
random_forest_lags,0.07256065361878956,0.10490255382528187,0.00022584792165668437,Filadelfia,ndvi_min,seasonal_naive
seasonal_naive,0.020750955915429605,0.03224250590964938,0.008190519568151153,Filadelfia,ndvi_max,seasonal_naive
sarima,0.02307585393739559,0.03362667370408954,0.0051896726752647115,Filadelfia,ndvi_max,seasonal_naive
random_forest_lags,0.028666688557660955,0.03390683246716297,-0.009518733500196766,Filadelfia,ndvi_max,seasonal_naive
sarima,60.70262422342098,79.09496213504823,-3.6152377471156045,La Dorada,precip_mm,sarima
seasonal_naive,61.2316055048662,80.36314324504886,-11.424847160832286,La Dorada,precip_mm,sarima
random_forest_lags,64.57504971006261,84.93264802002061,-17.67033865157092,La Dorada,precip_mm,sarima
sarima,2.0234617255066736,2.688837580726571,-0.15684337288322053,La Dorada,precip_mean_mm,sarima
seasonal_naive,2.0410166009397916,2.7318029138400988,-0.40339936675977633,La Dorada,precip_mean_mm,sarima
random_forest_lags,2.0593117332034385,2.8168412860869028,-0.46049171935698685,La Dorada,precip_mean_mm,sarima
random_forest_lags,9.718771679052676,12.554622607152654,-4.8761219251161805,La Dorada,precip_max_mm,random_forest_lags
seasonal_naive,9.218549657697103,12.568996201744477,-3.8587072921447105,La Dorada,precip_max_mm,random_forest_lags
sarima,10.39655445229483,13.358967872207387,-4.722751159593901,La Dorada,precip_max_mm,random_forest_lags
random_forest_lags,0.8607208549557234,1.0138720069454625,-0.13131708368608266,La Dorada,temp_mean,random_forest_lags
seasonal_naive,0.8975674016697932,1.2120278973927108,-0.5704308313111672,La Dorada,temp_mean,random_forest_lags
sarima,1.4555189798112336,1.6634017887386614,1.2316174038492884,La Dorada,temp_mean,random_forest_lags
random_forest_lags,0.5297448039901129,0.7685226287830653,-0.42414460783766117,La Dorada,temp_min,random_forest_lags
sarima,0.5938860933140417,0.7835638535745361,0.3340170873609956,La Dorada,temp_min,random_forest_lags
seasonal_naive,0.6998648046089736,0.913415130736361,-0.5849109328045009,La Dorada,temp_min,random_forest_lags
seasonal_naive,1.4248249777744266,1.9107658070780968,-0.6781357302015688,La Dorada,temp_max,seasonal_naive
random_forest_lags,1.7977795891700485,2.1625382567318088,0.5965095863550904,La Dorada,temp_max,seasonal_naive
sarima,2.174575529359139,2.517285346063747,1.6914911752239066,La Dorada,temp_max,seasonal_naive
sarima,16.482631381650503,22.600234961348903,-1.0490476085300182,La Dorada,et_real_mm,sarima
seasonal_naive,16.40256869772999,23.582556031941685,0.7994444021775976,La Dorada,et_real_mm,sarima
random_forest_lags,17.343556525937135,24.691449214474897,1.420879533826393,La Dorada,et_real_mm,sarima
sarima,9.369763172087099,10.74379005961149,-6.823000242540897,La Dorada,et_potencial_mm,sarima
random_forest_lags,10.284330989514553,12.0562373940137,-8.432995055533047,La Dorada,et_potencial_mm,sarima
seasonal_naive,11.24121842665854,12.87130325065444,-9.860476615157443,La Dorada,et_potencial_mm,sarima
seasonal_naive,0.03583747766597925,0.05775554831843674,-0.0027586267950033974,La Dorada,ndvi_mean,seasonal_naive
random_forest_lags,0.04326572161093557,0.06377718054699805,-0.0053022856742412465,La Dorada,ndvi_mean,seasonal_naive
sarima,0.03891904823461853,0.06634658789604295,0.010436308449370062,La Dorada,ndvi_mean,seasonal_naive
random_forest_lags,0.07006862492087294,0.08997627206556846,0.03906882191800964,La Dorada,ndvi_min,random_forest_lags
seasonal_naive,0.07168461538461537,0.09061256631679314,0.037283805668016194,La Dorada,ndvi_min,random_forest_lags
sarima,0.07294615384615384,0.09093041295408265,0.03511538461538462,La Dorada,ndvi_min,random_forest_lags
random_forest_lags,0.017251669976430684,0.02477817906748956,-0.004581836906409957,La Dorada,ndvi_max,random_forest_lags
sarima,0.01838389369911122,0.02527780608978549,-0.004741323171266141,La Dorada,ndvi_max,random_forest_lags
seasonal_naive,0.016945355375618552,0.025738437151119137,-0.003581477732793552,La Dorada,ndvi_max,random_forest_lags
seasonal_naive,51.04936780150763,84.58976318662285,-7.258701833508003,La Merced,precip_mm,seasonal_naive
sarima,51.812785119584014,89.79702038777663,-31.15392335239725,La Merced,precip_mm,seasonal_naive
random_forest_lags,53.20726829541501,91.2605295164226,-24.690576118192038,La Merced,precip_mm,seasonal_naive
seasonal_naive,1.7179877792364204,2.954276860908805,-0.28053617918856527,La Merced,precip_mean_mm,seasonal_naive
random_forest_lags,1.7127767115630184,3.0980824304416923,-0.6159083025641383,La Merced,precip_mean_mm,seasonal_naive
sarima,1.7339988682099576,3.1298896870111395,-1.075475441180885,La Merced,precip_mean_mm,seasonal_naive
sarima,10.588978830987255,15.56841837854122,-1.121282299808353,La Merced,precip_max_mm,sarima
seasonal_naive,10.843802041655723,16.73682254917912,-4.278894849620138,La Merced,precip_max_mm,sarima
random_forest_lags,12.639823477385413,19.216204664512322,-3.3473137213353845,La Merced,precip_max_mm,sarima
sarima,0.4922485884735047,0.6137436937347476,-0.050231349065189744,La Merced,temp_mean,sarima
seasonal_naive,0.49924973431471437,0.6412585073965793,-0.14209797251882675,La Merced,temp_mean,sarima
random_forest_lags,0.7151455107516228,0.8274990977968343,0.21569001632019918,La Merced,temp_mean,sarima
sarima,0.3545806179795309,0.4992643388510826,-0.16610964118010713,La Merced,temp_min,sarima
seasonal_naive,0.3548979826328067,0.49944813770648055,-0.16575166652766862,La Merced,temp_min,sarima
random_forest_lags,0.48359233057277007,0.6480823363019534,-0.22626452020569998,La Merced,temp_min,sarima
random_forest_lags,0.8721579729784203,0.9909441653577018,-0.0014476180667955146,La Merced,temp_max,random_forest_lags
seasonal_naive,0.9623349383167673,1.114703116584905,-0.24721971810583623,La Merced,temp_max,random_forest_lags
sarima,0.9953193541363461,1.2571731125057546,0.6031660650691916,La Merced,temp_max,random_forest_lags
seasonal_naive,10.199002882599585,13.681897444238283,-1.431267470300494,La Merced,et_real_mm,seasonal_naive
sarima,9.227359203145992,13.739657000761751,1.840528394255059,La Merced,et_real_mm,seasonal_naive
random_forest_lags,10.754160353830096,13.848161288793845,-3.083349964033746,La Merced,et_real_mm,seasonal_naive
sarima,7.084335244172363,8.714481220383712,-5.266019939574166,La Merced,et_potencial_mm,sarima
seasonal_naive,7.213939989517819,8.899645308331815,-5.620286512928023,La Merced,et_potencial_mm,sarima
random_forest_lags,8.05868853589386,10.558688614872429,-7.481000932446868,La Merced,et_potencial_mm,sarima
seasonal_naive,0.037497969107478366,0.04649788199069096,-0.0051309358242946825,La Merced,ndvi_mean,seasonal_naive
random_forest_lags,0.04356520033348605,0.053136830505317194,0.00013674311249882123,La Merced,ndvi_mean,seasonal_naive
sarima,0.04642713409937798,0.05466131127107779,-0.0034901973227615124,La Merced,ndvi_mean,seasonal_naive
seasonal_naive,0.06256821862348177,0.10444288788422351,-0.011985897435897432,La Merced,ndvi_min,seasonal_naive
sarima,0.07580506634080901,0.10936015236442462,0.0021574648959423876,La Merced,ndvi_min,seasonal_naive
random_forest_lags,0.08320836407851084,0.11019714205131222,0.023667285785041035,La Merced,ndvi_min,seasonal_naive
seasonal_naive,0.01957095141700406,0.02470532636581199,-0.005983771929824539,La Merced,ndvi_max,seasonal_naive
random_forest_lags,0.02130183810553131,0.02574505082140532,-0.009427690506934401,La Merced,ndvi_max,seasonal_naive
sarima,0.04818470317905624,0.051131603403199846,-0.04447061528293902,La Merced,ndvi_max,seasonal_naive
sarima,47.07485835404726,72.55213004683337,-2.34083767520918,Manizales,precip_mm,sarima
seasonal_naive,46.201150651521324,73.11641979086406,-6.39167598130767,Manizales,precip_mm,sarima
random_forest_lags,50.219521912287846,79.24903834151633,-9.875222596906516,Manizales,precip_mm,sarima
sarima,1.5742064465715755,2.5152166652580688,-0.12545524962338106,Manizales,precip_mean_mm,sarima
seasonal_naive,1.5504063215389263,2.5350806767615226,-0.2437418804903927,Manizales,precip_mean_mm,sarima
random_forest_lags,1.7063396327458746,2.766364967277943,-0.42007826183489994,Manizales,precip_mean_mm,sarima
sarima,10.764315948522558,15.384285260877208,-0.3626460899916104,Manizales,precip_max_mm,sarima
seasonal_naive,11.302014899504378,16.140543367042056,-0.6735454518144853,Manizales,precip_max_mm,sarima
random_forest_lags,11.644318006312554,16.28712769358372,-0.2337728452176509,Manizales,precip_max_mm,sarima
sarima,0.3628956297562214,0.4660816584925573,-0.28093675602395796,Manizales,temp_mean,sarima
random_forest_lags,0.5322313155744325,0.6775511307318333,-0.5287245547955508,Manizales,temp_mean,sarima
seasonal_naive,0.7240151529020865,0.8206352175678562,-0.7240151529020865,Manizales,temp_mean,sarima
sarima,0.43657349578248605,0.5495154912677794,-0.2029736604017501,Manizales,temp_min,sarima
random_forest_lags,0.5813265178072856,0.7011517589017517,-0.4133535824752964,Manizales,temp_min,sarima
seasonal_naive,0.7136445617754544,0.8255097721183184,-0.6491091471364066,Manizales,temp_min,sarima
sarima,0.7554570163497052,0.9255616115993932,-0.31806543714665875,Manizales,temp_max,sarima
random_forest_lags,1.0424900818566196,1.2665387568799111,-0.7552927114921102,Manizales,temp_max,sarima
seasonal_naive,1.1285852739178208,1.381339757821346,-1.0763501073120585,Manizales,temp_max,sarima
sarima,4.741650654679247,5.399593844331648,-1.4822537961580096,Manizales,et_real_mm,sarima
seasonal_naive,6.6191062435467884,7.765667320943185,-5.792517349038779,Manizales,et_real_mm,sarima
random_forest_lags,7.716837283013201,9.000913437442932,-6.928370420054762,Manizales,et_real_mm,sarima
sarima,4.708289369175715,5.945476279283194,-0.35554943474611217,Manizales,et_potencial_mm,sarima
seasonal_naive,6.244699938892047,7.835637590668001,-5.028750851648156,Manizales,et_potencial_mm,sarima
random_forest_lags,6.034184007069441,8.100618393524629,-3.861421410942652,Manizales,et_potencial_mm,sarima
sarima,0.0733001370259175,0.08269238489564026,-0.06223191250067636,Manizales,ndvi_mean,sarima
random_forest_lags,0.07768419020164277,0.08600225311182849,-0.06371473663634757,Manizales,ndvi_mean,sarima
seasonal_naive,0.08201040449199239,0.08987007534489548,-0.07606859211418755,Manizales,ndvi_mean,sarima
sarima,0.019080873448080703,0.024669562821523845,-0.012452785423267361,Manizales,ndvi_min,sarima
random_forest_lags,0.01972624331185969,0.025881511870140622,-0.014337441422965879,Manizales,ndvi_min,sarima
seasonal_naive,0.020313135402609088,0.027039161795221922,-0.015661538461538463,Manizales,ndvi_min,sarima
sarima,0.0016180923729659812,0.0018543044329013038,-0.000980359492674836,Manizales,ndvi_max,sarima
seasonal_naive,0.0018208389563652732,0.0023648936199208905,-0.001126282051282047,Manizales,ndvi_max,sarima
random_forest_lags,0.0019432963195826684,0.002578326693729396,-0.001599706400549636,Manizales,ndvi_max,sarima
sarima,61.68130945192412,114.3982708727336,-22.626224637233268,Manzanares,precip_mm,sarima
seasonal_naive,61.25224245049155,114.58060033501847,-20.835985778098216,Manzanares,precip_mm,sarima
random_forest_lags,71.38909895909023,118.28722049781014,-22.204642208408067,Manzanares,precip_mm,sarima
sarima,2.091372696005598,4.000993141720289,-0.8173906550111261,Manzanares,precip_mean_mm,sarima
seasonal_naive,2.0737151263021176,4.008253377278041,-0.7383878926296625,Manzanares,precip_mean_mm,sarima
random_forest_lags,2.5444079652548615,4.247493483486272,-1.1940362185455287,Manzanares,precip_mean_mm,sarima
random_forest_lags,13.48305021211464,18.032943247498775,0.179643279803633,Manzanares,precip_max_mm,random_forest_lags
sarima,13.822216191508833,18.542888626404515,2.410793153573874,Manzanares,precip_max_mm,random_forest_lags
seasonal_naive,14.312781422112604,19.14078587214993,-5.575125170659375,Manzanares,precip_max_mm,random_forest_lags
seasonal_naive,0.5375286752335882,0.6453747269004841,-0.20356888831002543,Manzanares,temp_mean,seasonal_naive
random_forest_lags,0.5504673400925573,0.7140580954321158,-0.2571774096442472,Manzanares,temp_mean,seasonal_naive
sarima,0.6694001592444023,0.8041311664331122,0.5078106749987137,Manzanares,temp_mean,seasonal_naive
random_forest_lags,0.6746450530472531,0.8743708431537306,-0.11003917095316797,Manzanares,temp_min,random_forest_lags
sarima,0.7034969074616462,0.932226869644853,-0.24906982355748314,Manzanares,temp_min,random_forest_lags
seasonal_naive,0.7203038686789286,0.946156201961815,-0.30090450179388856,Manzanares,temp_min,random_forest_lags
seasonal_naive,0.9109677549825755,1.108584835522376,-0.15427135110872556,Manzanares,temp_max,seasonal_naive
random_forest_lags,0.9595029691116932,1.1528080599236539,0.0899244558320835,Manzanares,temp_max,seasonal_naive
sarima,1.0178831283286471,1.1809135150777152,0.392399958369047,Manzanares,temp_max,seasonal_naive
sarima,6.769080454334914,10.296061138473094,-0.5042532942682438,Manzanares,et_real_mm,sarima
seasonal_naive,8.36348831932905,10.969721552653496,-3.8279888200409977,Manzanares,et_real_mm,sarima
random_forest_lags,9.036308657451029,11.751300160189954,-4.851175232293866,Manzanares,et_real_mm,sarima
sarima,6.42196850829971,7.8942775180746825,-4.25739085141308,Manzanares,et_potencial_mm,sarima
seasonal_naive,7.345227980409651,8.800830357303044,-5.7545398535417585,Manzanares,et_potencial_mm,sarima
random_forest_lags,7.439869807474612,9.423410203285371,-5.840497243442496,Manzanares,et_potencial_mm,sarima
random_forest_lags,0.08228725089638654,0.0986957404371744,-0.043975546698216225,Manzanares,ndvi_mean,random_forest_lags
sarima,0.08623309337709179,0.09990522428846993,-0.05328378949271443,Manzanares,ndvi_mean,random_forest_lags
seasonal_naive,0.08766376178790412,0.1015396899571168,-0.055162023589286235,Manzanares,ndvi_mean,random_forest_lags
random_forest_lags,0.04137488941844259,0.07246940978818676,-0.018367519342750993,Manzanares,ndvi_min,random_forest_lags
seasonal_naive,0.04184290373369321,0.07479062935680204,-0.02904861673414305,Manzanares,ndvi_min,random_forest_lags
sarima,0.0409286459407682,0.07605497915188113,-0.02649722979521329,Manzanares,ndvi_min,random_forest_lags
sarima,0.007938745854876198,0.013187230001031221,0.0016193647759331843,Manzanares,ndvi_max,sarima
random_forest_lags,0.0073303294934208415,0.01357027888314929,0.004469129528302896,Manzanares,ndvi_max,sarima
seasonal_naive,0.008827789023841669,0.014133445869256318,0.0014313427800269896,Manzanares,ndvi_max,sarima
seasonal_naive,54.61161132140399,87.9683882227281,-4.782781457485578,Marmato,precip_mm,seasonal_naive
random_forest_lags,59.331548509281575,95.76195890210242,-24.897573289797755,Marmato,precip_mm,seasonal_naive
sarima,58.82827607814742,97.26318593141498,-41.69023922982653,Marmato,precip_mm,seasonal_naive
seasonal_naive,1.835253078219296,3.0632952892861627,-0.19961374354749672,Marmato,precip_mean_mm,seasonal_naive
sarima,1.968699219550898,3.371133809854796,-1.4185323260667937,Marmato,precip_mean_mm,seasonal_naive
random_forest_lags,2.019272126342069,3.3730554595105984,-0.9799894365553361,Marmato,precip_mean_mm,seasonal_naive
seasonal_naive,10.516864908329099,15.13716540468152,-4.4555203903254,Marmato,precip_max_mm,seasonal_naive
sarima,10.648922987211778,15.293290474944573,-5.113983367816403,Marmato,precip_max_mm,seasonal_naive
random_forest_lags,11.20668976512908,15.884644931274835,-4.498524235906906,Marmato,precip_max_mm,seasonal_naive
sarima,0.53890605718409,0.6380575170189997,0.10961240650787897,Marmato,temp_mean,sarima
random_forest_lags,0.6203013028359922,0.7259822409330107,-0.02892341881125933,Marmato,temp_mean,sarima
seasonal_naive,0.5763872132033654,0.7556585204932352,-0.41589139360940375,Marmato,temp_mean,sarima
sarima,0.5456618800388404,0.6891798782412679,-0.4481538827674034,Marmato,temp_min,sarima
seasonal_naive,0.5466055155765676,0.6894925046256904,-0.4491800624831971,Marmato,temp_min,sarima
random_forest_lags,0.6087327425092067,0.7671702169907991,-0.4689920678874953,Marmato,temp_min,sarima
random_forest_lags,1.00182306567111,1.1388113525858568,0.24275411810783035,Marmato,temp_max,random_forest_lags
seasonal_naive,0.9676586396512925,1.1791968307529808,-0.4048091152258084,Marmato,temp_max,random_forest_lags
sarima,1.0864544995932857,1.2817940256788583,0.6084700935866111,Marmato,temp_max,random_forest_lags
seasonal_naive,10.515319380440351,15.085319835832738,-0.4997535842293888,Marmato,et_real_mm,seasonal_naive
sarima,9.599321888657563,15.254338604463957,2.492157322613666,Marmato,et_real_mm,seasonal_naive
random_forest_lags,12.114166412361664,16.10612023530911,-2.1979018285289933,Marmato,et_real_mm,seasonal_naive
seasonal_naive,7.389133171189626,9.125836706000252,-5.7299571172555055,Marmato,et_potencial_mm,seasonal_naive
sarima,7.519781056848898,9.213688560676571,-5.798998363267505,Marmato,et_potencial_mm,seasonal_naive
random_forest_lags,8.51763807628554,10.72856919242272,-7.883173264752158,Marmato,et_potencial_mm,seasonal_naive
seasonal_naive,0.061179183213459574,0.08160478370065183,0.02348827786838589,Marmato,ndvi_mean,seasonal_naive
random_forest_lags,0.06472604813385248,0.08728417436631622,0.03300170459867673,Marmato,ndvi_mean,seasonal_naive
sarima,0.07697483122848928,0.09799121787101761,0.036159358241099795,Marmato,ndvi_mean,seasonal_naive
random_forest_lags,0.08586546319216953,0.11328187499245017,0.0008566130629680097,Marmato,ndvi_min,random_forest_lags
seasonal_naive,0.08576960188933873,0.1142794951265479,0.012724122807017547,Marmato,ndvi_min,random_forest_lags
sarima,0.10583006621794731,0.12719649099443311,0.02440637468880291,Marmato,ndvi_min,random_forest_lags
random_forest_lags,0.023764693045547958,0.028859247228497743,-0.006101288113661669,Marmato,ndvi_max,random_forest_lags
sarima,0.026424368012481776,0.031003867766068033,-0.00956821692008029,Marmato,ndvi_max,random_forest_lags
seasonal_naive,0.027268117408906875,0.031176129924464734,-0.005579385964912283,Marmato,ndvi_max,random_forest_lags
random_forest_lags,91.27902475911388,134.55227869690583,-11.246357359590432,Marquetalia,precip_mm,random_forest_lags
sarima,88.61435468296978,140.98617483173868,-20.26006305346307,Marquetalia,precip_mm,random_forest_lags
seasonal_naive,89.30692004347695,141.27628879901553,-15.671335205515398,Marquetalia,precip_mm,random_forest_lags
random_forest_lags,3.1080212178473445,4.814816862315841,-0.7075466375314073,Marquetalia,precip_mean_mm,random_forest_lags
sarima,2.9867369333760965,4.892741591384506,-0.7239535942113545,Marquetalia,precip_mean_mm,random_forest_lags
seasonal_naive,3.009343994917657,4.901097287753995,-0.5671711250832687,Marquetalia,precip_mean_mm,random_forest_lags
seasonal_naive,15.846353636886555,19.70590139479943,-4.324266579891108,Marquetalia,precip_max_mm,seasonal_naive
sarima,16.19852527835578,21.13192143918481,0.5403549960438323,Marquetalia,precip_max_mm,seasonal_naive
random_forest_lags,17.934523157139058,22.59335166937765,-4.670156911100166,Marquetalia,precip_max_mm,seasonal_naive
random_forest_lags,0.5803781369860503,0.6389023508060268,0.08225856118611861,Marquetalia,temp_mean,random_forest_lags
seasonal_naive,0.6214996145809367,0.7504659344643113,-0.3869237157597105,Marquetalia,temp_mean,random_forest_lags
sarima,0.8078617867166915,0.992097697396027,0.734787735856385,Marquetalia,temp_mean,random_forest_lags
random_forest_lags,0.6312643041680108,0.8072614950420276,-0.19526719226730227,Marquetalia,temp_min,random_forest_lags
seasonal_naive,0.6975683521084647,0.8828143556949571,-0.2508706043811101,Marquetalia,temp_min,random_forest_lags
sarima,0.7166674792323318,0.8983777124480261,0.28260572101080533,Marquetalia,temp_min,random_forest_lags
seasonal_naive,1.0299016276275461,1.3240493889012503,-0.3707401828035012,Marquetalia,temp_max,seasonal_naive
sarima,1.1772833923985153,1.3961245464435053,0.48244295603443016,Marquetalia,temp_max,seasonal_naive
random_forest_lags,1.2237801313397638,1.4789441115965616,0.16948933284833737,Marquetalia,temp_max,seasonal_naive
sarima,8.414243489637657,12.275598169440489,-1.4208037483720881,Marquetalia,et_real_mm,sarima
random_forest_lags,9.385700283332508,12.820833778674517,-3.9998481087815763,Marquetalia,et_real_mm,sarima
seasonal_naive,9.479490224425177,12.87486250993578,-4.073083608701641,Marquetalia,et_real_mm,sarima
sarima,7.1453967064728445,8.624622160945991,-4.829751005309261,Marquetalia,et_potencial_mm,sarima
seasonal_naive,8.126396203359496,9.580758853955908,-6.377773044885032,Marquetalia,et_potencial_mm,sarima
random_forest_lags,7.658961074632557,9.79273383660657,-5.912783178269062,Marquetalia,et_potencial_mm,sarima
random_forest_lags,0.06659615511753617,0.09060003409314563,-0.019913079042465785,Marquetalia,ndvi_mean,random_forest_lags
seasonal_naive,0.0679812824527437,0.09086852872497457,-0.0326404921176757,Marquetalia,ndvi_mean,random_forest_lags
sarima,0.08362864022801392,0.1004905675595381,-0.021578541664830832,Marquetalia,ndvi_mean,random_forest_lags
sarima,0.07728437761961326,0.119654669372702,-0.026688572464331355,Marquetalia,ndvi_min,sarima
seasonal_naive,0.07708443544759334,0.11966798616512837,-0.026506207827260465,Marquetalia,ndvi_min,sarima
random_forest_lags,0.08790258029357861,0.12685570312081648,0.008690971311602326,Marquetalia,ndvi_min,sarima
seasonal_naive,0.015079712100764744,0.01962747752666829,0.0020033738191632677,Marquetalia,ndvi_max,seasonal_naive
random_forest_lags,0.017513964651009496,0.02107606228440309,-0.0034511635834594823,Marquetalia,ndvi_max,seasonal_naive
sarima,0.016198876778325273,0.023974755119747573,0.003168048033437437,Marquetalia,ndvi_max,seasonal_naive
sarima,47.17059497630784,86.38080933961254,-20.75788920779161,Marulanda,precip_mm,sarima
seasonal_naive,47.17483038830637,86.80932549436871,-20.420890520852854,Marulanda,precip_mm,sarima
random_forest_lags,58.011602813112525,95.83873892752655,-23.184430973650496,Marulanda,precip_mm,sarima
sarima,1.597221422859789,3.0232264284068626,-0.739406870406781,Marulanda,precip_mean_mm,sarima
seasonal_naive,1.594664598042675,3.035815524165258,-0.7124412987862108,Marulanda,precip_mean_mm,sarima
random_forest_lags,1.9954737462452505,3.430863790673515,-1.3642793833930098,Marulanda,precip_mean_mm,sarima
sarima,12.504568552068857,16.965910450536093,-3.0808868656804314,Marulanda,precip_max_mm,sarima
random_forest_lags,12.48507864200448,17.4591314196393,-4.471964567690193,Marulanda,precip_max_mm,sarima
seasonal_naive,13.008649844733336,17.964940037119053,-5.571140901317502,Marulanda,precip_max_mm,sarima
sarima,0.3872270821321313,0.4984043274041063,-0.20180046889072545,Marulanda,temp_mean,sarima
random_forest_lags,0.46554674664247947,0.5376109437553244,0.08158435979016264,Marulanda,temp_mean,sarima
seasonal_naive,0.45786109324399926,0.5899497223837638,-0.2883616797255835,Marulanda,temp_mean,sarima
sarima,0.4976337482672398,0.6200284958685379,-0.13232128406304883,Marulanda,temp_min,sarima
seasonal_naive,0.5096254461094266,0.6306328437821751,-0.15707003018019172,Marulanda,temp_min,sarima
random_forest_lags,0.5367724301924864,0.6558570249792084,-0.0898864395622506,Marulanda,temp_min,sarima
random_forest_lags,0.7647790804958567,0.896104128328461,-0.17072137960893252,Marulanda,temp_max,random_forest_lags
seasonal_naive,0.8245867376763834,0.9620425199519134,-0.2576335909500258,Marulanda,temp_max,random_forest_lags
sarima,0.9581840580640044,1.1456248487290652,0.6309247750232798,Marulanda,temp_max,random_forest_lags
sarima,5.787379032399959,8.299259172741518,1.0064773403829286,Marulanda,et_real_mm,sarima
seasonal_naive,6.744963552226021,8.524669510823834,-2.3248992483805644,Marulanda,et_real_mm,sarima
random_forest_lags,7.255338486888764,8.917289808067224,-3.0641728181297125,Marulanda,et_real_mm,sarima
sarima,5.741850424902772,7.124660379112753,-3.95287418392979,Marulanda,et_potencial_mm,sarima
seasonal_naive,6.546030818869615,7.972033486202944,-5.328258356821451,Marulanda,et_potencial_mm,sarima
random_forest_lags,7.476398501404778,9.302092074391714,-6.299718941234356,Marulanda,et_potencial_mm,sarima
random_forest_lags,0.07612648084168136,0.10218286621667434,-0.05239614488527896,Marulanda,ndvi_mean,random_forest_lags
sarima,0.08439253331235162,0.11009168162507053,-0.058337175015879345,Marulanda,ndvi_mean,random_forest_lags
seasonal_naive,0.08536517851022131,0.1105901288039027,-0.059400649183648804,Marulanda,ndvi_mean,random_forest_lags
seasonal_naive,0.012784086819613134,0.02045164542764335,-0.007809682860998651,Marulanda,ndvi_min,seasonal_naive
random_forest_lags,0.015504656250881231,0.02412720517178575,-0.01057057409482643,Marulanda,ndvi_min,seasonal_naive
sarima,0.01626168214224472,0.024720017866643167,-0.007192553708598093,Marulanda,ndvi_min,seasonal_naive
seasonal_naive,0.002791081871345046,0.003323450232814194,-0.001050775978407581,Marulanda,ndvi_max,seasonal_naive
sarima,0.0026557432333847355,0.003380176182744041,-0.0005201646846649596,Marulanda,ndvi_max,seasonal_naive
random_forest_lags,0.0026382101449273134,0.0035162412082977413,-0.0005240193810661012,Marulanda,ndvi_max,seasonal_naive
seasonal_naive,46.62279792330021,74.98664653488616,-9.347378706325157,Neira,precip_mm,seasonal_naive
sarima,46.46411985287164,75.27172765965413,-12.038173828418136,Neira,precip_mm,seasonal_naive
random_forest_lags,48.73171883542254,79.21787505174652,-16.478684791013322,Neira,precip_mm,seasonal_naive
seasonal_naive,1.5664745757054719,2.60706477992221,-0.3417937593993364,Neira,precip_mean_mm,seasonal_naive
sarima,1.5603542551117942,2.616731298051781,-0.44324321003709094,Neira,precip_mean_mm,seasonal_naive
random_forest_lags,1.627689478243536,2.764704467887495,-0.4391189110443686,Neira,precip_mean_mm,seasonal_naive
sarima,11.689972412469952,15.332874053700756,-3.178195653961939,Neira,precip_max_mm,sarima
seasonal_naive,10.976525508721947,16.053039818479448,-4.028318000232392,Neira,precip_max_mm,sarima
random_forest_lags,10.63779777529439,17.02635822212096,-6.107587483227979,Neira,precip_max_mm,sarima
random_forest_lags,0.41912799944176693,0.5588464800976296,-0.28023903233942254,Neira,temp_mean,random_forest_lags
sarima,0.52368133322672,0.6412114744182595,-0.5056098370296227,Neira,temp_mean,random_forest_lags
seasonal_naive,0.6004034044023769,0.7329521300275836,-0.5852611009942854,Neira,temp_mean,random_forest_lags
sarima,0.4975738077397669,0.5903553684228483,-0.27411062376288425,Neira,temp_min,sarima
seasonal_naive,0.5728516604692829,0.6944981507588017,-0.4569379153625021,Neira,temp_min,sarima
random_forest_lags,0.6732718811065463,0.8302103575338781,-0.46962348736693965,Neira,temp_min,sarima
sarima,0.7463228047233808,0.8933285177764193,-0.05352786443105154,Neira,temp_max,sarima
random_forest_lags,0.9627711160164052,1.1885921118297582,-0.8133597151425571,Neira,temp_max,sarima
seasonal_naive,1.0447475897422087,1.2677960292678125,-0.9224123172572877,Neira,temp_max,sarima
sarima,5.3564371498080305,6.8215605049307415,0.04966022671208137,Neira,et_real_mm,sarima
seasonal_naive,6.856161202529516,7.88832043125745,-4.02771969773215,Neira,et_real_mm,sarima
random_forest_lags,8.008150358037227,9.387292216173321,-5.26783341829552,Neira,et_real_mm,sarima
sarima,5.856327953558984,7.278181317487629,-3.871299476533786,Neira,et_potencial_mm,sarima
seasonal_naive,6.473557014895332,8.03131086261669,-5.171699501811598,Neira,et_potencial_mm,sarima
random_forest_lags,6.096199046880336,8.219672220003478,-4.104421329688489,Neira,et_potencial_mm,sarima
sarima,0.04918389678095972,0.06535487520929262,0.027749222263380426,Neira,ndvi_mean,sarima
seasonal_naive,0.07466756728316108,0.08171593256888415,-0.06606681992265041,Neira,ndvi_mean,sarima
random_forest_lags,0.07891974934673361,0.08857273524119497,-0.0667891052674199,Neira,ndvi_mean,sarima
random_forest_lags,0.018467200102177124,0.02792385118307924,-0.011211339739300604,Neira,ndvi_min,random_forest_lags
seasonal_naive,0.01776831983805668,0.028197420037622264,-0.011914338731443994,Neira,ndvi_min,random_forest_lags
sarima,0.01728276899783173,0.028484576846457513,-0.010041133904312192,Neira,ndvi_min,random_forest_lags
sarima,0.005396884181073527,0.015312095202348186,0.0015286795740464799,Neira,ndvi_max,sarima
seasonal_naive,0.005074392712550617,0.015401470363868384,0.0015229757085019956,Neira,ndvi_max,sarima
random_forest_lags,0.004835115227531097,0.015608969437478292,0.003103829332081574,Neira,ndvi_max,sarima
seasonal_naive,79.44822570948938,114.63968368262518,-12.611682758539404,Norcasia,precip_mm,seasonal_naive
sarima,81.1556766775616,115.96955848892749,-23.09090268475836,Norcasia,precip_mm,seasonal_naive
random_forest_lags,90.22351289401989,118.43240724318309,-13.963975069005961,Norcasia,precip_mm,seasonal_naive
seasonal_naive,2.660400956726215,3.9350541626167206,-0.4542123820092466,Norcasia,precip_mean_mm,seasonal_naive
sarima,2.7173822773572307,3.9806146867264176,-0.8029193800272073,Norcasia,precip_mean_mm,seasonal_naive
random_forest_lags,2.9779382597426243,4.090818986104124,-0.6427020495305935,Norcasia,precip_mean_mm,seasonal_naive
sarima,14.02192502881843,18.35574155790555,-2.2943165606530376,Norcasia,precip_max_mm,sarima
random_forest_lags,14.318029553793753,18.678976210846532,-3.786616558758406,Norcasia,precip_max_mm,sarima
seasonal_naive,14.761861571279315,19.4620185014661,-5.196533137228231,Norcasia,precip_max_mm,sarima
random_forest_lags,0.7597409874115331,0.9398350035692807,-0.29447261667783253,Norcasia,temp_mean,random_forest_lags
seasonal_naive,0.7859834141310593,1.0676083868704989,-0.5992043675778029,Norcasia,temp_mean,random_forest_lags
sarima,1.2446967883074829,1.4282022787867485,1.0876790378997452,Norcasia,temp_mean,random_forest_lags
sarima,0.494636608992109,0.6644964463180552,-0.2476792701893689,Norcasia,temp_min,sarima
random_forest_lags,0.5465008603001004,0.7097407528017167,-0.19918303260119538,Norcasia,temp_min,sarima
seasonal_naive,0.5542257518317152,0.7421556485549753,-0.4115038255890519,Norcasia,temp_min,sarima
random_forest_lags,1.3177394896220584,1.591503938870449,0.33906101567822017,Norcasia,temp_max,random_forest_lags
seasonal_naive,1.3466026466868821,1.7813108628187762,-0.8998035139494694,Norcasia,temp_max,random_forest_lags
sarima,1.673978082589509,1.9519259242845193,1.1239869317646844,Norcasia,temp_max,random_forest_lags
sarima,14.547283359674793,20.9258454281072,-2.3444224175911166,Norcasia,et_real_mm,sarima
seasonal_naive,14.376221575435729,21.080082443350985,-1.5877638208060976,Norcasia,et_real_mm,sarima
random_forest_lags,14.181304184715259,21.346968489624633,-0.9276240314355775,Norcasia,et_real_mm,sarima
sarima,8.781862131016899,10.176386491612956,-6.301584512169799,Norcasia,et_potencial_mm,sarima
random_forest_lags,10.009957969719654,11.680353317426949,-8.273900893097798,Norcasia,et_potencial_mm,sarima
seasonal_naive,10.457448767701527,12.12463982459262,-9.101077239923745,Norcasia,et_potencial_mm,sarima
random_forest_lags,0.04004105240286359,0.06627086662418925,0.0040096012955179745,Norcasia,ndvi_mean,random_forest_lags
seasonal_naive,0.041138822196677374,0.06681308053848713,-0.0002359530460413932,Norcasia,ndvi_mean,random_forest_lags
sarima,0.05402889659658291,0.07866422386722474,0.004150299431904406,Norcasia,ndvi_mean,random_forest_lags
seasonal_naive,0.08032496626180835,0.10728302568748767,-0.01681572199730094,Norcasia,ndvi_min,seasonal_naive
sarima,0.08017361968385815,0.10728933934255154,-0.017030493636382524,Norcasia,ndvi_min,seasonal_naive
random_forest_lags,0.08165216592914479,0.1075812461980689,-0.009990165385571351,Norcasia,ndvi_min,seasonal_naive
sarima,0.012161888523804574,0.01809513705600045,-0.00010901785517208884,Norcasia,ndvi_max,sarima
seasonal_naive,0.011690013495276643,0.018665981508789817,0.0006643724696356537,Norcasia,ndvi_max,sarima
random_forest_lags,0.012542253921536496,0.020630073754517367,0.001207195008753979,Norcasia,ndvi_max,sarima
seasonal_naive,61.890373001851984,99.29240512727749,-13.291615421111661,Palestina,precip_mm,seasonal_naive
sarima,61.32615513907512,100.56800288255056,-21.780957541464716,Palestina,precip_mm,seasonal_naive
random_forest_lags,66.5775630368333,107.11544058819851,-26.263956915452727,Palestina,precip_mm,seasonal_naive
seasonal_naive,2.075544516612809,3.451610369438823,-0.48193983803006957,Palestina,precip_mean_mm,seasonal_naive
sarima,2.057428040531698,3.4968060184260215,-0.7685291943050121,Palestina,precip_mean_mm,seasonal_naive
random_forest_lags,2.236310590613796,3.7754048875197785,-0.9947139317135515,Palestina,precip_mean_mm,seasonal_naive
sarima,10.868485802410046,20.926014588491245,-2.583553181698981,Palestina,precip_max_mm,sarima
seasonal_naive,10.90472087579203,21.05719653976362,-3.042353549524482,Palestina,precip_max_mm,sarima
random_forest_lags,11.196738654846362,21.21758340171133,-2.9662241230701745,Palestina,precip_max_mm,sarima
sarima,0.3043094673148843,0.35564113495135563,0.033915297825017114,Palestina,temp_mean,sarima
random_forest_lags,0.39301517258127355,0.5126493211816792,-0.35408480749106996,Palestina,temp_mean,sarima
seasonal_naive,0.6320738754510741,0.7211676908063207,-0.6320738754510741,Palestina,temp_mean,sarima
sarima,0.3454270799709125,0.42169958774859295,-0.11796649412518392,Palestina,temp_min,sarima
random_forest_lags,0.6146618228772447,0.7141934422334583,-0.5179548346005757,Palestina,temp_min,sarima
seasonal_naive,0.6347042111991303,0.7332393541477017,-0.6147566527801496,Palestina,temp_min,sarima
sarima,1.140676914203805,1.6315240424099575,-0.44380810854991926,Palestina,temp_max,sarima
random_forest_lags,1.1877777755382213,1.68454262477813,-0.5089684849621837,Palestina,temp_max,sarima
seasonal_naive,1.2116261013765313,1.69336396474955,-0.6717301925130634,Palestina,temp_max,sarima
sarima,5.8502880362598875,7.092898027163197,-2.780017068389984,Palestina,et_real_mm,sarima
seasonal_naive,7.99763236390753,9.67266818399286,-7.177191565166955,Palestina,et_real_mm,sarima
random_forest_lags,9.173567002409646,11.051314320737212,-8.571499553758716,Palestina,et_real_mm,sarima
sarima,5.941093848745555,7.402584596568933,-3.880162950793895,Palestina,et_potencial_mm,sarima
seasonal_naive,6.420618250614527,7.9835312563230145,-4.942033998950479,Palestina,et_potencial_mm,sarima
random_forest_lags,6.8155042418201885,8.770129110806339,-5.719745624579271,Palestina,et_potencial_mm,sarima
seasonal_naive,0.02273923321509646,0.03281259472894937,0.004886710025811181,Palestina,ndvi_mean,seasonal_naive
random_forest_lags,0.026037355636784967,0.034964342511586685,0.004906225705910727,Palestina,ndvi_mean,seasonal_naive
sarima,0.02631789198676913,0.03678067710960734,0.0038045188364872473,Palestina,ndvi_mean,seasonal_naive
random_forest_lags,0.06416277902024173,0.08417785919228596,-0.0020361841480300074,Palestina,ndvi_min,random_forest_lags
seasonal_naive,0.06384581646423751,0.08792275091668576,-0.007242712550607286,Palestina,ndvi_min,random_forest_lags
sarima,0.09058548676646835,0.10336871085472074,0.03210413837725803,Palestina,ndvi_min,random_forest_lags
seasonal_naive,0.02165842330184437,0.02662910593441186,-0.0011162280701754522,Palestina,ndvi_max,seasonal_naive
random_forest_lags,0.022211688612439953,0.030218143270116498,0.008618952291461491,Palestina,ndvi_max,seasonal_naive
sarima,0.0294549188774834,0.03214060357201401,-0.013471169931116566,Palestina,ndvi_max,seasonal_naive
seasonal_naive,68.3750073388729,107.35245101984586,-19.590843779426763,Pensilvania,precip_mm,seasonal_naive
sarima,72.05345077617925,112.48933422523382,-38.404527096806405,Pensilvania,precip_mm,seasonal_naive
random_forest_lags,77.15475994267682,113.31455145364282,-40.13094206257486,Pensilvania,precip_mm,seasonal_naive
seasonal_naive,2.298499885345234,3.7083651629094767,-0.6829584503223018,Pensilvania,precip_mean_mm,seasonal_naive
random_forest_lags,2.498360064284323,3.840324559882326,-1.2547846327983938,Pensilvania,precip_mean_mm,seasonal_naive
sarima,2.4265387425945737,3.880942159380074,-1.315732168101922,Pensilvania,precip_mean_mm,seasonal_naive
seasonal_naive,12.663799678223652,15.097126790701685,-6.794159854625523,Pensilvania,precip_max_mm,seasonal_naive
random_forest_lags,12.629322116390625,15.177960008459701,-6.819810023814698,Pensilvania,precip_max_mm,seasonal_naive
sarima,12.964079555996566,15.27411291919653,-4.282462133972893,Pensilvania,precip_max_mm,seasonal_naive
random_forest_lags,0.4646253592831006,0.5377545218871025,-0.013239036532903233,Pensilvania,temp_mean,random_forest_lags
seasonal_naive,0.5700086984916829,0.6861477383361387,-0.229203331906535,Pensilvania,temp_mean,random_forest_lags
sarima,0.7139630111435469,0.8475152853242415,0.5336909273052565,Pensilvania,temp_mean,random_forest_lags
seasonal_naive,0.6441129950614557,0.8523897777865983,0.04744602058078345,Pensilvania,temp_min,seasonal_naive
sarima,0.655971194326866,0.8849502068412968,0.25505609806958446,Pensilvania,temp_min,seasonal_naive
random_forest_lags,0.7060401198110178,0.8862876167402217,0.09225532294257349,Pensilvania,temp_min,seasonal_naive
random_forest_lags,0.9508532098906204,1.1436243868827396,-0.095700307062515,Pensilvania,temp_max,random_forest_lags
seasonal_naive,1.0462507885260273,1.280428825331689,-0.3396075769842191,Pensilvania,temp_max,random_forest_lags
sarima,1.144005601498597,1.3059024032926652,0.3547815473921168,Pensilvania,temp_max,random_forest_lags
sarima,6.62973589262847,9.82729182944493,0.27459296479602874,Pensilvania,et_real_mm,sarima
random_forest_lags,7.265258306508237,9.911812458992484,-3.095985053683578,Pensilvania,et_real_mm,sarima
seasonal_naive,7.698868312757203,10.173096172297063,-2.710847102323708,Pensilvania,et_real_mm,sarima
sarima,7.036579502890324,8.525775322338058,-5.380181867575023,Pensilvania,et_potencial_mm,sarima
seasonal_naive,7.570023670286834,9.024956958316896,-6.146579179430058,Pensilvania,et_potencial_mm,sarima
random_forest_lags,8.214993934790426,10.155760863938932,-7.0289537034266685,Pensilvania,et_potencial_mm,sarima
sarima,0.09846185054474407,0.11581469844931241,-0.058988435556878674,Pensilvania,ndvi_mean,sarima
seasonal_naive,0.09862360177755863,0.11610922343445121,-0.05914068172092057,Pensilvania,ndvi_mean,sarima
random_forest_lags,0.10502677403848944,0.12581925409887448,-0.05676603530781533,Pensilvania,ndvi_mean,sarima
random_forest_lags,0.007925486643678337,0.010760060829350014,-0.002410799705849824,Pensilvania,ndvi_min,random_forest_lags
seasonal_naive,0.009080015744489429,0.011753825028494647,-0.003312651821862348,Pensilvania,ndvi_min,random_forest_lags
sarima,0.01198058527088977,0.01508662962007073,-0.0004452996191268363,Pensilvania,ndvi_min,random_forest_lags
random_forest_lags,0.00108309779979756,0.0014664962613326561,-6.47211305307683e-05,Pensilvania,ndvi_max,random_forest_lags
seasonal_naive,0.001138765182186235,0.0016058874480797583,-0.00023471659919025958,Pensilvania,ndvi_max,random_forest_lags
sarima,0.0014863965125390761,0.0017073921591947282,-0.0008139352006893248,Pensilvania,ndvi_max,random_forest_lags
seasonal_naive,51.99998584702298,91.5550927211071,-7.756225349945426,Pácora,precip_mm,seasonal_naive
sarima,56.65719862611062,97.61336000126425,-34.70243639948509,Pácora,precip_mm,seasonal_naive
random_forest_lags,57.41454780849311,97.87965149254883,-25.638388346112915,Pácora,precip_mm,seasonal_naive
seasonal_naive,1.7513176066067588,3.1996418860054656,-0.2999638225765112,Pácora,precip_mean_mm,seasonal_naive
random_forest_lags,1.9064735541606994,3.3908125514277994,-1.015330891286939,Pácora,precip_mean_mm,seasonal_naive
sarima,1.9016205817262524,3.4020483845319984,-1.1932685756762356,Pácora,precip_mean_mm,seasonal_naive
sarima,9.006516596701589,14.792908309043511,-3.2488209743317826,Pácora,precip_max_mm,sarima
random_forest_lags,9.816017232653666,15.459951081577508,-1.8311557510315761,Pácora,precip_max_mm,sarima
seasonal_naive,9.307518085407098,15.666732099660509,-4.617038728009669,Pácora,precip_max_mm,sarima
random_forest_lags,0.5769327292512106,0.6790375523012389,-0.05575672002179566,Pácora,temp_mean,random_forest_lags
sarima,0.5387796943853803,0.7088331704017002,-0.3120042870620382,Pácora,temp_mean,random_forest_lags
seasonal_naive,0.574947694777274,0.7593734829700464,-0.39114686693191053,Pácora,temp_mean,random_forest_lags
sarima,0.3856697715818071,0.49836365917069914,-0.24459758529465528,Pácora,temp_min,sarima
seasonal_naive,0.3813839862539298,0.498450424879664,-0.25104500508736965,Pácora,temp_min,sarima
random_forest_lags,0.42220212856450423,0.5402967381028058,-0.24131823977239658,Pácora,temp_min,sarima
random_forest_lags,0.8584402346178657,1.0319519345876762,-0.013873704509398347,Pácora,temp_max,random_forest_lags
seasonal_naive,0.9978680562446102,1.1993566982174702,-0.440227893963409,Pácora,temp_max,random_forest_lags
sarima,1.1405919367312136,1.3956697733988312,0.7865045003738322,Pácora,temp_max,random_forest_lags
seasonal_naive,9.311170411308579,13.3461655835862,-0.7447356776477433,Pácora,et_real_mm,seasonal_naive
sarima,8.67836783688577,13.48869971597669,2.086708458367349,Pácora,et_real_mm,seasonal_naive
random_forest_lags,10.056752135985615,13.841975245622402,-1.590268298078655,Pácora,et_real_mm,seasonal_naive
seasonal_naive,7.363249229398449,9.099626249840853,-5.8736284195443815,Pácora,et_potencial_mm,seasonal_naive
sarima,7.5184854531504755,9.25207126828614,-6.046027189339754,Pácora,et_potencial_mm,seasonal_naive
random_forest_lags,8.22927020265851,10.447951788292055,-7.794491254665044,Pácora,et_potencial_mm,seasonal_naive
seasonal_naive,0.06498060220293916,0.076742496799092,-0.039460183883291915,Pácora,ndvi_mean,seasonal_naive
random_forest_lags,0.06731228421293042,0.07981140033558745,-0.031025437522657597,Pácora,ndvi_mean,seasonal_naive
sarima,0.0762344933984658,0.08592022949287498,-0.030101451497855494,Pácora,ndvi_mean,seasonal_naive
random_forest_lags,0.027672014766028187,0.03677733174513423,-0.006514725247216805,Pácora,ndvi_min,random_forest_lags
sarima,0.028533283063493068,0.03876666984861508,-0.011154620118758772,Pácora,ndvi_min,random_forest_lags
seasonal_naive,0.029663967611336033,0.040078861937380535,-0.015732995951417004,Pácora,ndvi_min,random_forest_lags
seasonal_naive,0.004501720647773258,0.005440813049571372,-0.0015535425101214555,Pácora,ndvi_max,seasonal_naive
random_forest_lags,0.004420768737268129,0.005586469254466281,-0.001612264951867145,Pácora,ndvi_max,seasonal_naive
sarima,0.00566689217342395,0.006489900203098568,-0.003171879894225652,Pácora,ndvi_max,seasonal_naive
seasonal_naive,57.57689901314544,88.19726831730667,-2.7742610067109053,Riosucio,precip_mm,seasonal_naive
sarima,55.84589864935025,95.20463234562908,-35.77268222093639,Riosucio,precip_mm,seasonal_naive
random_forest_lags,60.19465160604951,97.74306702900958,-27.058193685147863,Riosucio,precip_mm,seasonal_naive
seasonal_naive,1.9312499851134262,3.0666360100869716,-0.13107604070543838,Riosucio,precip_mean_mm,seasonal_naive
sarima,1.8740728302099101,3.300561521600293,-1.220704790424165,Riosucio,precip_mean_mm,seasonal_naive
random_forest_lags,2.0573679322998157,3.419372792250948,-0.9347290885884042,Riosucio,precip_mean_mm,seasonal_naive
random_forest_lags,9.827340119055139,15.264143527862831,-0.8529527975529715,Riosucio,precip_max_mm,random_forest_lags
seasonal_naive,10.0878810946208,15.369496668077444,-1.6260000470710028,Riosucio,precip_max_mm,random_forest_lags
sarima,10.08998284301709,15.50736008258969,-2.4167260793069416,Riosucio,precip_max_mm,random_forest_lags
sarima,0.4259315330788728,0.48489958162939006,0.08695776909785312,Riosucio,temp_mean,sarima
random_forest_lags,0.4385548787589751,0.5889661184350231,-0.2616780704845473,Riosucio,temp_mean,sarima
seasonal_naive,0.6269418306981561,0.7788888937961561,-0.621017107562565,Riosucio,temp_mean,sarima
seasonal_naive,0.7067100274694181,0.8564165668071111,-0.7004487229934069,Riosucio,temp_min,seasonal_naive
sarima,0.7098076142822649,0.8567177854875068,-0.6968965435437947,Riosucio,temp_min,seasonal_naive
random_forest_lags,0.7314063526503302,0.8611571136816811,-0.6952157533025616,Riosucio,temp_min,seasonal_naive
random_forest_lags,0.8521719545671076,1.0137502256348927,-0.4012118997986923,Riosucio,temp_max,random_forest_lags
seasonal_naive,0.908847036894466,1.103471351649574,-0.6286887885722733,Riosucio,temp_max,random_forest_lags
sarima,0.99845597470492,1.2242974506135424,0.786932552651492,Riosucio,temp_max,random_forest_lags
sarima,6.6261021803975995,9.258850479929379,1.854897083020691,Riosucio,et_real_mm,sarima
seasonal_naive,7.80881922321975,9.424148994725364,-2.64064279853268,Riosucio,et_real_mm,sarima
random_forest_lags,8.813428379741012,10.565750928732225,-4.129375091126196,Riosucio,et_real_mm,sarima
sarima,6.205132288572275,7.503208703627415,-4.2813460511850545,Riosucio,et_potencial_mm,sarima
seasonal_naive,6.618432643112275,7.95047675797437,-5.092441053673139,Riosucio,et_potencial_mm,sarima
random_forest_lags,7.831145259167438,9.732090560726752,-7.315064860192428,Riosucio,et_potencial_mm,sarima
random_forest_lags,0.08107926211682208,0.09341335714911181,-0.054155235995894405,Riosucio,ndvi_mean,random_forest_lags
sarima,0.07935069478267089,0.0935087005884071,-0.0487376162386981,Riosucio,ndvi_mean,random_forest_lags
seasonal_naive,0.08060785430314298,0.09599067533685485,-0.05105422431114574,Riosucio,ndvi_mean,random_forest_lags
seasonal_naive,0.024934570400359877,0.04581456925907383,-0.01726045883940621,Riosucio,ndvi_min,seasonal_naive
random_forest_lags,0.024201257474141986,0.04806667030207376,-0.0156327897732813,Riosucio,ndvi_min,seasonal_naive
sarima,0.029783676111319452,0.05118304932206682,-0.01249770823275641,Riosucio,ndvi_min,seasonal_naive
sarima,0.0028197350082643747,0.0037122192203062703,0.00033566407539973393,Riosucio,ndvi_max,sarima
seasonal_naive,0.003218353576248317,0.004237038708907386,0.00036491228070174744,Riosucio,ndvi_max,sarima
random_forest_lags,0.0036978158309039413,0.004256975485225744,-0.0013439478734982174,Riosucio,ndvi_max,sarima
seasonal_naive,61.76778941450604,92.87428102433401,-7.431661704473844,Risaralda,precip_mm,seasonal_naive
sarima,60.50831927036383,96.56098379814256,-27.73408500614386,Risaralda,precip_mm,seasonal_naive
random_forest_lags,61.21513843310662,98.1324624919749,-19.010400292596362,Risaralda,precip_mm,seasonal_naive
seasonal_naive,2.0675000485332475,3.2184097224086337,-0.28437364788231145,Risaralda,precip_mean_mm,seasonal_naive
random_forest_lags,2.1007878527534682,3.3335627743577296,-0.7296318916842358,Risaralda,precip_mean_mm,seasonal_naive
sarima,2.0275933579364747,3.344184264391492,-0.959100404673017,Risaralda,precip_mean_mm,seasonal_naive
seasonal_naive,11.985780884106195,18.995283098233436,-4.313434274245269,Risaralda,precip_max_mm,seasonal_naive
sarima,12.205741158583779,19.242587605080566,-5.24516367286301,Risaralda,precip_max_mm,seasonal_naive
random_forest_lags,12.422974830840745,19.840205475552008,-4.187302926888185,Risaralda,precip_max_mm,seasonal_naive
sarima,0.3316525308274399,0.3855318386611207,-0.027297538409667182,Risaralda,temp_mean,sarima
random_forest_lags,0.35590130074383547,0.4259878548981131,-0.03900320347203422,Risaralda,temp_mean,sarima
seasonal_naive,0.38732450640342886,0.5040724205594144,-0.3208952382725097,Risaralda,temp_mean,sarima
sarima,0.3662817164963964,0.46358634879427124,-0.13035883052472694,Risaralda,temp_min,sarima
seasonal_naive,0.4500361305237196,0.5210291525390147,-0.30485405721019504,Risaralda,temp_min,sarima
random_forest_lags,0.5437144233133133,0.6512464299914524,-0.40456131504267556,Risaralda,temp_min,sarima
sarima,1.6067470984005492,1.9558029843376883,-0.4200184585970407,Risaralda,temp_max,sarima
seasonal_naive,1.6113879250653085,2.0692593001567685,-0.8245239987118101,Risaralda,temp_max,sarima
random_forest_lags,1.7337986330447348,2.1725307658387956,-0.4840319361603663,Risaralda,temp_max,sarima
sarima,5.187689658591504,5.893370367929232,-1.4410890120555677,Risaralda,et_real_mm,sarima
seasonal_naive,7.224802748682137,8.401288632738959,-6.197140925583622,Risaralda,et_real_mm,sarima
random_forest_lags,8.58635516317428,10.010538741003268,-7.781377085641776,Risaralda,et_real_mm,sarima
sarima,5.7808294117647065,7.120622405790087,-3.7364839305241726,Risaralda,et_potencial_mm,sarima
seasonal_naive,6.302967755185868,7.687259786643923,-4.789466950777023,Risaralda,et_potencial_mm,sarima
random_forest_lags,7.648056175686992,9.33316929664017,-7.032988823800513,Risaralda,et_potencial_mm,sarima
seasonal_naive,0.034086351655874376,0.04154873786647986,-0.0019307187659776597,Risaralda,ndvi_mean,seasonal_naive
random_forest_lags,0.03849769177065809,0.04535037215256572,-0.008707926866821156,Risaralda,ndvi_mean,seasonal_naive
sarima,0.03939859747875484,0.04839207381812911,-0.0011058711366663083,Risaralda,ndvi_mean,seasonal_naive
seasonal_naive,0.04316447368421053,0.07831560330733328,-0.00774213900134953,Risaralda,ndvi_min,seasonal_naive
sarima,0.05154404389748793,0.084175470619936,-0.0033495377094729774,Risaralda,ndvi_min,seasonal_naive
random_forest_lags,0.06382286410184418,0.08984597336118791,0.0242106437322724,Risaralda,ndvi_min,seasonal_naive
seasonal_naive,0.011491655420602803,0.016492037746559517,0.0010209851551957066,Risaralda,ndvi_max,seasonal_naive
sarima,0.01377915613700154,0.01855319773491887,0.00033655637135336327,Risaralda,ndvi_max,seasonal_naive
random_forest_lags,0.01275219805710829,0.01959897689992049,0.0059662912227058836,Risaralda,ndvi_max,seasonal_naive
seasonal_naive,46.133801445906144,78.91085735088211,-15.087590372093864,Salamina,precip_mm,seasonal_naive
sarima,46.81665657783455,80.6477111388014,-22.898709538935915,Salamina,precip_mm,seasonal_naive
random_forest_lags,53.567482491683,88.7378480304599,-30.147140347030664,Salamina,precip_mm,seasonal_naive
seasonal_naive,1.5551149331800005,2.75180216641945,-0.5325830129609366,Salamina,precip_mean_mm,seasonal_naive
sarima,1.5723329213684356,2.8123966218496155,-0.8016329396798848,Salamina,precip_mean_mm,seasonal_naive
random_forest_lags,1.7846759228786264,3.100939010119861,-1.023621953777003,Salamina,precip_mean_mm,seasonal_naive
sarima,9.593021636306315,12.950496499698795,-2.4312122626751522,Salamina,precip_max_mm,sarima
random_forest_lags,9.754062254845492,14.128495116033388,-2.4990952768782737,Salamina,precip_max_mm,sarima
seasonal_naive,10.395110373243913,14.66007996401064,-5.2361420623746096,Salamina,precip_max_mm,sarima
sarima,0.4319850819310727,0.561960678910199,-0.22663663384302543,Salamina,temp_mean,sarima
seasonal_naive,0.4652372633715171,0.6036154747066553,-0.2671429136831466,Salamina,temp_mean,sarima
random_forest_lags,0.5741773459486001,0.6680283798289868,0.09538989598685942,Salamina,temp_mean,sarima
seasonal_naive,0.42268117043986553,0.5887756757711403,-0.15631578545373698,Salamina,temp_min,seasonal_naive
sarima,0.4431483628104524,0.6069255693127708,-0.22887413493620296,Salamina,temp_min,seasonal_naive
random_forest_lags,0.5490854566140603,0.7302166409050719,-0.2519636200888177,Salamina,temp_min,seasonal_naive
random_forest_lags,0.8214674505729023,0.9831664190353794,-0.12837707882952096,Salamina,temp_max,random_forest_lags
sarima,0.9176073710625308,1.0583991203367584,0.2513543673577508,Salamina,temp_max,random_forest_lags
seasonal_naive,0.9005336395793271,1.062278581502328,-0.3024407785984653,Salamina,temp_max,random_forest_lags
seasonal_naive,8.192917405331157,10.618249213986438,-1.494672532062027,Salamina,et_real_mm,seasonal_naive
sarima,7.53799696519943,10.660242757715494,1.608993407343543,Salamina,et_real_mm,seasonal_naive
random_forest_lags,8.428986795122674,11.098915656680717,-2.8076947280718607,Salamina,et_real_mm,seasonal_naive
sarima,6.485025209865502,7.982661324433867,-4.915354585970083,Salamina,et_potencial_mm,sarima
seasonal_naive,6.794126319614129,8.369760502030617,-5.551132252886776,Salamina,et_potencial_mm,sarima
random_forest_lags,7.549014409775421,9.715554334971632,-7.021878273910846,Salamina,et_potencial_mm,sarima
seasonal_naive,0.06800032089592228,0.07591972697014322,-0.0580226000455114,Salamina,ndvi_mean,seasonal_naive
sarima,0.0665043207094955,0.07760413689377091,-0.04468538540003619,Salamina,ndvi_mean,seasonal_naive
random_forest_lags,0.06848132097559707,0.08019227232591276,-0.05532816395955263,Salamina,ndvi_mean,seasonal_naive
seasonal_naive,0.018901225820962663,0.03167738951842875,-0.010883097165991904,Salamina,ndvi_min,seasonal_naive
sarima,0.020036236326716767,0.034091768216430424,-0.00952375164956881,Salamina,ndvi_min,seasonal_naive
random_forest_lags,0.0269359643882967,0.03617512639400498,0.0004763077037944687,Salamina,ndvi_min,seasonal_naive
random_forest_lags,0.0040813221866384634,0.006169386215103434,0.00015620396926038996,Salamina,ndvi_max,random_forest_lags
seasonal_naive,0.004360908681961322,0.006319285443134405,-0.00015182186234819782,Salamina,ndvi_max,random_forest_lags
sarima,0.004519783969126816,0.006416710265788852,-0.0001899805246479446,Salamina,ndvi_max,random_forest_lags
seasonal_naive,93.61254215190777,135.63734719548987,-12.304429517150933,Samaná,precip_mm,seasonal_naive
random_forest_lags,104.60995575783815,136.85008835942295,-20.77194684070607,Samaná,precip_mm,seasonal_naive
sarima,94.42003887115708,140.93891326194884,-39.89375593767713,Samaná,precip_mm,seasonal_naive
seasonal_naive,3.140529081118728,4.684437634421704,-0.4514971285259233,Samaná,precip_mean_mm,seasonal_naive
sarima,3.1702982903950123,4.861847332154176,-1.3665265992500104,Samaná,precip_mean_mm,seasonal_naive
random_forest_lags,3.5655204669408103,4.901255611757065,-0.9058884337443586,Samaná,precip_mean_mm,seasonal_naive
seasonal_naive,13.997825886358795,17.96387066638856,-4.648025255026618,Samaná,precip_max_mm,seasonal_naive
sarima,14.08236595220985,18.017462705866194,-2.251648430211415,Samaná,precip_max_mm,seasonal_naive
random_forest_lags,14.702633359926775,18.883477947084465,-5.586526982816691,Samaná,precip_max_mm,seasonal_naive
random_forest_lags,0.6347568567168158,0.825573974783779,-0.33987249540572917,Samaná,temp_mean,random_forest_lags
seasonal_naive,0.7315694864001347,0.9248931000696345,-0.5113395952629858,Samaná,temp_mean,random_forest_lags
sarima,1.0411799707574068,1.2314046661837372,0.9316610851449167,Samaná,temp_mean,random_forest_lags
sarima,0.5833113978489599,0.7320772922157861,0.004379831198195055,Samaná,temp_min,sarima
seasonal_naive,0.6537340965893811,0.8106199079838878,-0.3526512107698341,Samaná,temp_min,sarima
random_forest_lags,0.6751804656444486,0.8674111871014399,-0.3461726948945631,Samaná,temp_min,sarima
random_forest_lags,1.2116512977164589,1.4554100002649872,0.29769853257591955,Samaná,temp_max,random_forest_lags
seasonal_naive,1.2612033733210386,1.6552232893488301,-0.7897385574796728,Samaná,temp_max,random_forest_lags
sarima,1.4246173426165614,1.6943238543212096,0.7911495311051875,Samaná,temp_max,random_forest_lags
sarima,10.46186230128646,14.771800419644343,-1.2242373761269185,Samaná,et_real_mm,sarima
random_forest_lags,11.405041565027892,14.90152781560031,-4.308547086137877,Samaná,et_real_mm,sarima
seasonal_naive,11.014010067114105,15.018206702597727,-2.839035942918388,Samaná,et_real_mm,sarima
sarima,8.421911995697739,9.971181391843793,-6.5904958294685585,Samaná,et_potencial_mm,sarima
seasonal_naive,9.0926966561126,10.632661019735234,-7.565941329160611,Samaná,et_potencial_mm,sarima
random_forest_lags,9.225724317119356,11.084933421534396,-7.791641693980327,Samaná,et_potencial_mm,sarima
random_forest_lags,0.06983553030149325,0.08679822002467902,-0.006678735458017188,Samaná,ndvi_mean,random_forest_lags
seasonal_naive,0.06935391492461879,0.08755852913441817,-0.014325538975809212,Samaná,ndvi_mean,random_forest_lags
sarima,0.06948880820015887,0.08799933868046388,-0.014564488614421769,Samaná,ndvi_mean,random_forest_lags
random_forest_lags,0.05284782373001436,0.06997361520722942,-0.005936570081980131,Samaná,ndvi_min,random_forest_lags
seasonal_naive,0.052917004048583,0.07103502161440962,-0.004095951417004048,Samaná,ndvi_min,random_forest_lags
sarima,0.054245486662260686,0.07154356931102827,-0.010366241554757804,Samaná,ndvi_min,random_forest_lags
sarima,0.0018683424163310565,0.0021716686449612726,-0.0012293040508951979,Samaná,ndvi_max,sarima
random_forest_lags,0.0014168214141547274,0.0030448676867946634,-0.0007004264342906139,Samaná,ndvi_max,sarima
seasonal_naive,0.001682388663967625,0.003064986740713642,-0.0010912955465587305,Samaná,ndvi_max,sarima
seasonal_naive,62.079544080883004,89.3897568500873,-2.659366630802554,San José,precip_mm,seasonal_naive
random_forest_lags,59.53158582023126,89.9297047901215,-12.479479245416899,San José,precip_mm,seasonal_naive
sarima,59.750695662421506,94.51497875286847,-30.817606918010117,San José,precip_mm,seasonal_naive
seasonal_naive,2.0746504467714186,3.0846348369994896,-0.12468312959186306,San José,precip_mean_mm,seasonal_naive
random_forest_lags,1.9996201903005568,3.1057214104962085,-0.5466850062338238,San José,precip_mean_mm,seasonal_naive
sarima,1.9996314454040025,3.257501948151207,-1.0525349989713855,San José,precip_mean_mm,seasonal_naive
seasonal_naive,13.080367242869531,19.905364354003392,-4.705314508655296,San José,precip_max_mm,seasonal_naive
sarima,13.29473067021937,20.140815617546867,-5.534597091250902,San José,precip_max_mm,seasonal_naive
random_forest_lags,13.395465653906696,21.090738764865485,-6.321383938215878,San José,precip_max_mm,seasonal_naive
sarima,0.3535304653802684,0.40187545638881544,0.017611322007270565,San José,temp_mean,sarima
seasonal_naive,0.34737097641564085,0.43443407891808455,-0.17177638810459397,San José,temp_mean,sarima
random_forest_lags,0.4291929266019658,0.4874181411648598,0.0998890351158467,San José,temp_mean,sarima
sarima,0.38330694412437644,0.46081490803088454,-0.10717958178281346,San José,temp_min,sarima
seasonal_naive,0.4283045533901396,0.4955647594049296,-0.22276136197027127,San José,temp_min,sarima
random_forest_lags,0.4467418359956884,0.5522854720421652,-0.27127960549030844,San José,temp_min,sarima
seasonal_naive,1.5139827182373393,1.8798796762247394,-0.8342263410107491,San José,temp_max,seasonal_naive
sarima,1.531534161405351,1.904306030537662,-0.8510729697642059,San José,temp_max,seasonal_naive
random_forest_lags,1.5763673969685834,1.9131193154648465,-0.7216512153736085,San José,temp_max,seasonal_naive
sarima,5.34671961834984,6.23987757497729,-1.6890013157455108,San José,et_real_mm,sarima
seasonal_naive,7.714591977869989,9.027960762605321,-6.791808180933356,San José,et_real_mm,sarima
random_forest_lags,8.727379099557943,10.313856429789807,-8.247869690458957,San José,et_real_mm,sarima
sarima,5.842565537928788,7.1513471631219785,-3.8068027486471294,San José,et_potencial_mm,sarima
seasonal_naive,6.3547019876031,7.730940637340021,-4.870185953588446,San José,et_potencial_mm,sarima
random_forest_lags,8.049248753921061,9.66658076967418,-7.309390575728254,San José,et_potencial_mm,sarima
seasonal_naive,0.03566888207294628,0.04120597434665073,-0.008317606336210528,San José,ndvi_mean,seasonal_naive
random_forest_lags,0.03819747012236738,0.04513959758305042,-0.007560828633845466,San José,ndvi_mean,seasonal_naive
sarima,0.04034248232387953,0.04900706609395408,-0.005541153285924276,San José,ndvi_mean,seasonal_naive
random_forest_lags,0.07585413546991432,0.12738836543779972,-0.008474468232384088,San José,ndvi_min,random_forest_lags
seasonal_naive,0.07306121232568602,0.12945788363773358,-0.021100573549257762,San José,ndvi_min,random_forest_lags
sarima,0.08161738349138448,0.13187555000605938,-0.009314795154881907,San José,ndvi_min,random_forest_lags
seasonal_naive,0.024394208277103004,0.03416305854266665,0.010234446693657239,San José,ndvi_max,seasonal_naive
sarima,0.024420781757844314,0.03464013566439103,0.008089903233907923,San José,ndvi_max,seasonal_naive
random_forest_lags,0.023232174680974382,0.03536467179065334,0.015831070865125713,San José,ndvi_max,seasonal_naive
seasonal_naive,58.89278852765976,94.10739775107847,-7.024697869289497,Supia,precip_mm,seasonal_naive
sarima,59.00571737591886,101.61139607164085,-38.93715048093059,Supia,precip_mm,seasonal_naive
random_forest_lags,63.13598969825713,104.01218749098527,-35.71516993960932,Supia,precip_mm,seasonal_naive
seasonal_naive,1.978720236334674,3.28148236227475,-0.27543287223760315,Supia,precip_mean_mm,seasonal_naive
sarima,1.9739260422609304,3.531012369884483,-1.3312659072851694,Supia,precip_mean_mm,seasonal_naive
random_forest_lags,2.0901522659310854,3.532909077152944,-1.1313657134471478,Supia,precip_mean_mm,seasonal_naive
seasonal_naive,11.979884490223668,17.624605914776588,-3.4552130171059976,Supia,precip_max_mm,seasonal_naive
random_forest_lags,13.286048974231381,17.729417069462247,-2.4662538450488847,Supia,precip_max_mm,seasonal_naive
sarima,12.167038370779476,17.821942906816147,-3.7297840986661273,Supia,precip_max_mm,seasonal_naive
sarima,0.46885664522522646,0.5613228720587033,0.017041276922585034,Supia,temp_mean,sarima
random_forest_lags,0.5536711850839543,0.6528907198785427,-0.03542939588672024,Supia,temp_mean,sarima
seasonal_naive,0.5399815199428536,0.7060338201651434,-0.42229840227862714,Supia,temp_mean,sarima
sarima,0.5153344480572309,0.6732452058921699,-0.45305869442556496,Supia,temp_min,sarima
seasonal_naive,0.5165383623982963,0.6736915386078887,-0.45472162078326267,Supia,temp_min,sarima
random_forest_lags,0.5487407982012633,0.7373565035613262,-0.44962227504973373,Supia,temp_min,sarima
random_forest_lags,0.8799400009776465,0.9842656632167273,0.10624114527006771,Supia,temp_max,random_forest_lags
seasonal_naive,0.9342076225138621,1.1377880976033095,-0.4332974707078313,Supia,temp_max,random_forest_lags
sarima,1.0773785330501184,1.2763282046212105,0.686742868147436,Supia,temp_max,random_forest_lags
seasonal_naive,10.326288728632482,14.339182800868839,-0.9886609050671572,Supia,et_real_mm,seasonal_naive
sarima,9.342189744556636,14.47493472178685,2.295378948980742,Supia,et_real_mm,seasonal_naive
random_forest_lags,11.807551391908698,15.976207717816692,-2.1346715032239083,Supia,et_real_mm,seasonal_naive
sarima,7.09466224877703,8.672696031931954,-5.276554183406533,Supia,et_potencial_mm,sarima
seasonal_naive,7.134757834757836,8.767606455726314,-5.502905919312169,Supia,et_potencial_mm,sarima
random_forest_lags,8.830852350693135,10.791675437036272,-8.03189863850053,Supia,et_potencial_mm,sarima
seasonal_naive,0.05220494620001123,0.06919009924467547,-0.002081160679612649,Supia,ndvi_mean,seasonal_naive
random_forest_lags,0.05487026858544727,0.07038929286152454,-0.0045078919621936615,Supia,ndvi_mean,seasonal_naive
sarima,0.06447008052244088,0.0825364099101162,0.014200318701810032,Supia,ndvi_mean,seasonal_naive
random_forest_lags,0.04148363421016913,0.05903418345448699,0.01032693657569712,Supia,ndvi_min,random_forest_lags
seasonal_naive,0.03753048807917229,0.0631337375913309,-0.003006106612685557,Supia,ndvi_min,random_forest_lags
sarima,0.04314394032237046,0.06739288362042162,0.003418602051260269,Supia,ndvi_min,random_forest_lags
seasonal_naive,0.012935739991003158,0.020371825166264342,0.002947435897435876,Supia,ndvi_max,seasonal_naive
random_forest_lags,0.012702051610185616,0.02051775132855893,0.0058350038991355066,Supia,ndvi_max,seasonal_naive
sarima,0.015311990244597954,0.02192082850922887,0.0006718688859018418,Supia,ndvi_max,seasonal_naive
random_forest_lags,81.86071816511017,107.1255513005587,-9.62524724428113,Victoria,precip_mm,random_forest_lags
sarima,79.71748408726019,107.8974295196393,-10.915400859509633,Victoria,precip_mm,random_forest_lags
seasonal_naive,79.84896466491975,108.5252514187023,-13.491114119390138,Victoria,precip_mm,random_forest_lags
random_forest_lags,2.750015438029907,3.6785182092098703,-0.5920300879114502,Victoria,precip_mean_mm,random_forest_lags
sarima,2.662853615408115,3.69090657049062,-0.4020822838877932,Victoria,precip_mean_mm,random_forest_lags
seasonal_naive,2.6680098560902796,3.7111451337462587,-0.4790149119563457,Victoria,precip_mean_mm,random_forest_lags
random_forest_lags,12.029480237015068,16.676488250445754,-2.9994693144414537,Victoria,precip_max_mm,random_forest_lags
seasonal_naive,13.280789463422476,17.085955355759786,-1.9653104100921617,Victoria,precip_max_mm,random_forest_lags
sarima,12.88370499748229,17.531304363466933,1.5040122130541602,Victoria,precip_max_mm,random_forest_lags
random_forest_lags,0.7684761749374902,0.9333944550640436,-0.17414645906892107,Victoria,temp_mean,random_forest_lags
seasonal_naive,0.856389676488667,1.1249585736600918,-0.5851504030774072,Victoria,temp_mean,random_forest_lags
sarima,1.3752057541078204,1.591474160504216,1.2308300418792884,Victoria,temp_mean,random_forest_lags
sarima,0.6108806995832599,0.738196850114516,0.20774917946016586,Victoria,temp_min,sarima
random_forest_lags,0.5867804367020046,0.7799828368051464,-0.2941217499856771,Victoria,temp_min,sarima
seasonal_naive,0.6500995615346759,0.8320354808510517,-0.4509387356864987,Victoria,temp_min,sarima
random_forest_lags,1.4460592029810828,1.7819448339535349,0.40146356677727957,Victoria,temp_max,random_forest_lags
seasonal_naive,1.373364291525489,1.8380757459913364,-0.8120275019944733,Victoria,temp_max,random_forest_lags
sarima,1.9057770933308829,2.240128285161032,1.41037172034847,Victoria,temp_max,random_forest_lags
random_forest_lags,13.946580067886535,21.61250006905909,0.9116396640836456,Victoria,et_real_mm,random_forest_lags
sarima,15.032846521725446,22.144075299256382,0.01820899192490651,Victoria,et_real_mm,random_forest_lags
seasonal_naive,14.571752404139103,22.412880550766157,1.3249557533153888,Victoria,et_real_mm,random_forest_lags
sarima,9.356509084634903,10.818261527069568,-6.9212922536588986,Victoria,et_potencial_mm,sarima
random_forest_lags,9.984767486435732,11.847237506211048,-8.19656599143268,Victoria,et_potencial_mm,sarima
seasonal_naive,10.871449670954227,12.454671520381282,-9.286140747388123,Victoria,et_potencial_mm,sarima
seasonal_naive,0.048275622715642674,0.07048288986095472,-0.0047502697146727686,Victoria,ndvi_mean,seasonal_naive
random_forest_lags,0.05208790704510223,0.07520594013710416,-0.00568943582144571,Victoria,ndvi_mean,seasonal_naive
sarima,0.046903239126994456,0.07617116155289891,0.004359989155444439,Victoria,ndvi_mean,seasonal_naive
random_forest_lags,0.06103359499571826,0.08582416963803235,-0.007269266226444656,Victoria,ndvi_min,random_forest_lags
sarima,0.06808080647787823,0.0938348909271505,-0.0003889843138521073,Victoria,ndvi_min,random_forest_lags
seasonal_naive,0.06889229644624381,0.0939413394301686,-0.0014015856950067456,Victoria,ndvi_min,random_forest_lags
seasonal_naive,0.0029717611336032568,0.0044036302333452125,-0.0007515856950067606,Victoria,ndvi_max,seasonal_naive
random_forest_lags,0.003663508374375107,0.00479713577102598,-0.0007213381147196471,Victoria,ndvi_max,seasonal_naive
sarima,0.004412856102538596,0.005200492551793005,-0.0009655901559873247,Victoria,ndvi_max,seasonal_naive
seasonal_naive,41.38332939350373,63.83973282857832,-8.97657416577966,Villamaria,precip_mm,seasonal_naive
sarima,46.3941257805047,64.30835902398907,14.852868339870366,Villamaria,precip_mm,seasonal_naive
random_forest_lags,44.22147091750635,68.3051423052535,-8.28478081023131,Villamaria,precip_mm,seasonal_naive
sarima,1.5458450251872324,2.1971225788365167,0.44587166045589116,Villamaria,precip_mean_mm,sarima
seasonal_naive,1.3874869498162297,2.2027256693796056,-0.32355769399051976,Villamaria,precip_mean_mm,sarima
random_forest_lags,1.5608732170291253,2.3917654554441774,-0.4041098290385709,Villamaria,precip_mean_mm,sarima
sarima,10.888290360438585,13.669909597072365,1.1082572010170177,Villamaria,precip_max_mm,sarima
seasonal_naive,10.395845169928561,14.041473376388518,-2.3201344192563584,Villamaria,precip_max_mm,sarima
random_forest_lags,10.446403850556418,14.612386464414856,-3.7680143294161743,Villamaria,precip_max_mm,sarima
random_forest_lags,0.22670216588707645,0.2778666312861522,-0.09227363728669488,Villamaria,temp_mean,random_forest_lags
sarima,0.31253242861915476,0.408101173972139,-0.274627137854119,Villamaria,temp_mean,random_forest_lags
seasonal_naive,0.4142431002197627,0.539202188784887,-0.38997091708978915,Villamaria,temp_mean,random_forest_lags
sarima,0.4590052415656171,0.5993533098677155,-0.08868458819543,Villamaria,temp_min,sarima
random_forest_lags,0.5293769792422224,0.7091228214228696,-0.34167190891924626,Villamaria,temp_min,sarima
seasonal_naive,0.5397664451393089,0.715539470431688,-0.39785666249768425,Villamaria,temp_min,sarima
seasonal_naive,0.5605832260974771,0.7316903270536819,-0.1845180604456285,Villamaria,temp_max,seasonal_naive
random_forest_lags,0.6403366616193331,0.7805207218681746,-0.07403906210764624,Villamaria,temp_max,seasonal_naive
sarima,0.8836744379786161,1.0171767946421888,0.7040629146726799,Villamaria,temp_max,seasonal_naive
sarima,4.431004869585179,5.2809726400969685,-2.387212465142255,Villamaria,et_real_mm,sarima
seasonal_naive,7.13191818126186,8.173770440014586,-6.679322035915118,Villamaria,et_real_mm,sarima
random_forest_lags,7.8828097452016905,9.228780941320252,-7.576291575080501,Villamaria,et_real_mm,sarima
sarima,5.235605440615192,6.415246999487959,-3.280388302380248,Villamaria,et_potencial_mm,sarima
seasonal_naive,6.05282962419001,7.619786364084394,-5.26894119426936,Villamaria,et_potencial_mm,sarima
random_forest_lags,6.161496085045292,7.727399117407283,-4.449926419960885,Villamaria,et_potencial_mm,sarima
sarima,0.13627810101262883,0.1552896680658698,-0.13085437333632274,Villamaria,ndvi_mean,sarima
seasonal_naive,0.14554103466346774,0.15819615241522894,-0.1397636133270765,Villamaria,ndvi_mean,sarima
random_forest_lags,0.14618514148239045,0.16630993347696504,-0.14123712409176464,Villamaria,ndvi_mean,sarima
seasonal_naive,0.06648076923076923,0.06940058467942582,0.06648076923076923,Villamaria,ndvi_min,seasonal_naive
sarima,0.06648076923076923,0.06940058467942582,0.06648076923076923,Villamaria,ndvi_min,seasonal_naive
random_forest_lags,0.06648076923076923,0.06940058467942582,0.06648076923076923,Villamaria,ndvi_min,seasonal_naive
random_forest_lags,0.0018302380491928432,0.0024546593002260273,0.00011419216493371639,Villamaria,ndvi_max,random_forest_lags
sarima,0.0023435409877973126,0.002771072378261618,-0.0010356762843179478,Villamaria,ndvi_max,random_forest_lags
seasonal_naive,0.0026093679712100647,0.0034931569225178367,-0.0008758771929824413,Villamaria,ndvi_max,random_forest_lags
seasonal_naive,68.32945568927431,94.46723378435992,-3.102171269445116,Viterbo,precip_mm,seasonal_naive
random_forest_lags,69.91784965565749,97.51406294209228,-5.4589155097777455,Viterbo,precip_mm,seasonal_naive
sarima,64.86255914106351,99.32830578880744,-31.01420043499549,Viterbo,precip_mm,seasonal_naive
seasonal_naive,2.2805335174103476,3.2471921367255896,-0.1386932011386859,Viterbo,precip_mean_mm,seasonal_naive
sarima,2.1681317832889193,3.411018763613099,-1.0574261294694205,Viterbo,precip_mean_mm,seasonal_naive
random_forest_lags,2.269989224672353,3.4290198780322725,-0.11647155727140844,Viterbo,precip_mean_mm,seasonal_naive
seasonal_naive,13.860488539701471,18.393525236701,-3.7649062024210966,Viterbo,precip_max_mm,seasonal_naive
sarima,13.860587940362105,18.658005558560944,-4.919292198447566,Viterbo,precip_max_mm,seasonal_naive
random_forest_lags,14.483634571334068,19.689335036508588,-5.346740068005326,Viterbo,precip_max_mm,seasonal_naive
sarima,0.39097135918110715,0.4400609772803015,0.07229489583940084,Viterbo,temp_mean,sarima
random_forest_lags,0.4322545815995369,0.49250946144233065,0.05357913007181162,Viterbo,temp_mean,sarima
seasonal_naive,0.38204887995354603,0.49798293699380136,-0.250625539867707,Viterbo,temp_mean,sarima
sarima,0.42850119853712526,0.5415751615819027,-0.2584177125069041,Viterbo,temp_min,sarima
seasonal_naive,0.6486775741908501,0.7329489797620808,-0.6050797832217375,Viterbo,temp_min,sarima
random_forest_lags,0.6706518226580739,0.7889607273748999,-0.6632805344554333,Viterbo,temp_min,sarima
sarima,0.9156389356805684,1.2424823838460015,-0.3763760785277519,Viterbo,temp_max,sarima
seasonal_naive,1.135785113044776,1.4729734974499227,-0.9050486043835608,Viterbo,temp_max,sarima
random_forest_lags,1.1026043007323396,1.4964362665783724,-0.7274038003020027,Viterbo,temp_max,sarima
sarima,5.161786519839104,6.11671017043315,-1.231490390364133,Viterbo,et_real_mm,sarima
seasonal_naive,7.3575427403540745,8.760610787876617,-6.4332622144889084,Viterbo,et_real_mm,sarima
random_forest_lags,8.651532806693774,10.28119781503678,-8.162374124037377,Viterbo,et_real_mm,sarima
sarima,6.074351958885664,7.360138246895586,-4.016220741056879,Viterbo,et_potencial_mm,sarima
seasonal_naive,6.550626605352555,7.903292790400805,-5.0119027398016955,Viterbo,et_potencial_mm,sarima
random_forest_lags,6.915613763772572,8.625338502586603,-5.541903916915594,Viterbo,et_potencial_mm,sarima
seasonal_naive,0.017384973130301854,0.024432820584574813,0.002564928651712569,Viterbo,ndvi_mean,seasonal_naive
random_forest_lags,0.020147860683805682,0.0278592642763653,0.003292507985484728,Viterbo,ndvi_mean,seasonal_naive
sarima,0.022830021151428855,0.03135852957260941,0.0037411863665477952,Viterbo,ndvi_mean,seasonal_naive
random_forest_lags,0.07444662771418134,0.08957167498169508,0.007866489292002659,Viterbo,ndvi_min,random_forest_lags
sarima,0.0778596793566524,0.09040745178939105,0.015717245869403294,Viterbo,ndvi_min,random_forest_lags
seasonal_naive,0.07649380341880341,0.09265563097165791,0.009205161943319835,Viterbo,ndvi_min,random_forest_lags
random_forest_lags,0.020925398956220826,0.02459838356714953,-0.013186829946544111,Viterbo,ndvi_max,random_forest_lags
seasonal_naive,0.020360739991003154,0.02465979898339364,-0.0110048245614035,Viterbo,ndvi_max,random_forest_lags
sarima,0.02121002038536189,0.025246706935770313,-0.012714393618110302,Viterbo,ndvi_max,random_forest_lags
