municipio,date,anio,ndvi_mean,ndvi_median,ndvi_min,ndvi_max,ndvi_stdDev,n_pixeles
Aguadas,2005-12-31,2005,0.7035949534462427,0.7383504083223364,0.005,0.9994,0.14192352421199406,7979.958333333333
Aguadas,2006-12-31,2006,0.6910447776387779,0.731616005047265,0.0121,0.9987,0.15029436058392698,7979.5
Aguadas,2007-12-31,2007,0.6878053542374385,0.7319162010428591,0.0089,0.9991,0.15851145583209597,7980.083333333333
Aguadas,2008-12-31,2008,0.6788291009002497,0.7294874593474107,0.0087,0.9992,0.16553005849900568,7979.791666666667
Aguadas,2009-12-31,2009,0.7055800206320425,0.7488442626341737,0.0,0.9992,0.1479019425489356,7979.75
Aguadas,2010-12-31,2010,0.6550579753571952,0.6933078954069275,0.0142,0.9991,0.1703067274148186,7979.958333333333
Aguadas,2011-12-31,2011,0.68598846203021,0.7327278641578282,-0.0039,0.9995,0.16340285981347388,7979.75
Aguadas,2012-12-31,2012,0.7095856502754331,0.7441134147357386,0.0107,0.9989,0.13857618407408392,7979.958333333333
Aguadas,2013-12-31,2013,0.713569532636357,0.7560236512470877,0.0135,0.9991,0.1427342247360693,7979.916666666667
Aguadas,2014-12-31,2014,0.6955698199179854,0.747041589980118,0.0114,0.9989,0.15918879838406225,7979.75
Aguadas,2015-12-31,2015,0.6956915103290946,0.7221802629827181,0.0073,0.9994,0.12742461092740817,7980.041666666667
Aguadas,2016-12-31,2016,0.6863305744808678,0.715639641443273,0.0087,0.9991,0.13375043739528608,7979.875
Aguadas,2017-12-31,2017,0.7204382974485609,0.7612413416775875,0.0056,0.9994,0.1500947547613828,7979.958333333333
Aguadas,2018-12-31,2018,0.7012694808886292,0.7488095273384507,-0.0198,0.9994,0.15715791514683722,7979.875
Aguadas,2019-12-31,2019,0.7026902937007605,0.7474430103774748,0.0029,0.9992,0.15463379581734987,7979.958333333333
Aguadas,2020-12-31,2020,0.7198856292752366,0.7560151206640261,0.0206,0.9994,0.14157772110675335,7979.875
Aguadas,2021-12-31,2021,0.6859969227590637,0.7442995335046135,-0.0042,0.9994,0.18054831794104131,7979.583333333333
Aguadas,2022-12-31,2022,0.6621081133879553,0.7173063780392753,0.005,0.9991,0.19743880757199875,7973.666666666667
Aguadas,2023-12-31,2023,0.733220153894114,0.764854623620515,0.0168,0.9993,0.12392394056846422,7979.916666666667
Aguadas,2024-12-31,2024,0.731586750057945,0.7602679068491374,0.0032,0.9988,0.12308263093330742,7980.333333333333
Aguadas,2025-12-31,2025,0.7038462501866122,0.7310189927484197,0.0099,0.9994,0.13655179131073344,7979.583333333333
Anserma,2005-12-31,2005,0.6998605743069382,0.74332925889621,0.0308,0.9989,0.14642053741923397,3592.375
Anserma,2006-12-31,2006,0.6994869155066065,0.7357921468386892,0.0221,0.9993,0.14509296558294763,3592.3333333333335
Anserma,2007-12-31,2007,0.7019275122028664,0.7480650639635691,0.0156,0.9992,0.15399547989248064,3592.4166666666665
Anserma,2008-12-31,2008,0.6953865380362516,0.749404459725631,0.04,0.9991,0.16234435337652953,3592.2916666666665
Anserma,2009-12-31,2009,0.7125211540265305,0.7591220973961231,0.0345,0.9987,0.14785430154440068,3592.5
Anserma,2010-12-31,2010,0.6668308514502826,0.6967938665578038,0.0188,0.9981,0.153045733072429,3592.5833333333335
Anserma,2011-12-31,2011,0.6892479885300827,0.7392830613019727,0.0292,0.9993,0.16040941093090724,3592.5416666666665
Anserma,2012-12-31,2012,0.7093616245172706,0.7532524538486743,0.0227,0.9993,0.13890998671658275,3592.25
Anserma,2013-12-31,2013,0.7164011593485832,0.7558391679128365,0.036,0.9987,0.1392896322920745,3592.5
Anserma,2014-12-31,2014,0.7075240678384946,0.7469264564315075,0.0311,0.9991,0.14043810804352766,3592.25
Anserma,2015-12-31,2015,0.7177866928289321,0.7444794042432922,0.0308,0.9989,0.11622228110588255,3592.4583333333335
Anserma,2016-12-31,2016,0.6957131726541933,0.7322536180535192,0.0168,0.9994,0.13517569461915768,3592.25
Anserma,2017-12-31,2017,0.7122434199157971,0.7624709749877784,0.0442,0.9995,0.15676888966600053,3592.4583333333335
Anserma,2018-12-31,2018,0.7110309322108778,0.7543546871107637,0.0458,0.9994,0.15169212446175032,3592.5833333333335
Anserma,2019-12-31,2019,0.7066906319516898,0.7565110584359894,0.0294,0.999,0.15204768445169822,3592.25
Anserma,2020-12-31,2020,0.7068927917535782,0.746073228158506,0.0283,0.9993,0.14330259268995482,3591.9166666666665
Anserma,2021-12-31,2021,0.7040777850762031,0.7587035014695193,0.0351,0.9993,0.16432620778846668,3592.375
Anserma,2022-12-31,2022,0.6635482701212526,0.7293682110535992,0.0244,0.9994,0.192713702602754,3589.7916666666665
Anserma,2023-12-31,2023,0.7202401951187173,0.76009720450221,0.0189,0.9996,0.13225306474494156,3592.4166666666665
Anserma,2024-12-31,2024,0.7202645330158609,0.7601497167197401,0.0249,0.9977,0.13935673049545869,3592.5416666666665
Anserma,2025-12-31,2025,0.6908559096896001,0.7418617284783641,0.0075,0.9987,0.16049026689660786,3592.4166666666665
Aranzazu,2005-12-31,2005,0.5770370820794154,0.6103336409448403,0.0027,0.9987,0.21439484766762,2578.4166666666665
Aranzazu,2006-12-31,2006,0.5981588259493894,0.6406043840583688,0.0126,0.9995,0.20797466504759557,2578.5
Aranzazu,2007-12-31,2007,0.6049889424490492,0.6453086504718152,0.009,0.9987,0.206918487132818,2578.1666666666665
Aranzazu,2008-12-31,2008,0.5162032097684357,0.5269548496921966,0.0065,0.9991,0.219180974624917,2578.125
Aranzazu,2009-12-31,2009,0.593499206521787,0.6304175450075676,0.0095,0.9987,0.21113095745726182,2578.3333333333335
Aranzazu,2010-12-31,2010,0.5453820076425316,0.5555136946158677,0.0051,0.9995,0.18156519239386407,2578.4166666666665
Aranzazu,2011-12-31,2011,0.5356485799508961,0.5661749717100054,0.001,0.9993,0.2204573886765482,2578.4583333333335
Aranzazu,2012-12-31,2012,0.5821932309152537,0.6035782321092017,0.0106,0.9987,0.1975557204888686,2578.2083333333335
Aranzazu,2013-12-31,2013,0.6109076733820443,0.643443722982431,0.0082,0.999,0.2047159995887519,2578.5
Aranzazu,2014-12-31,2014,0.5947895265088695,0.6161439369304378,0.0075,0.9982,0.19759849699567536,2578.4166666666665
Aranzazu,2015-12-31,2015,0.650530016268197,0.6816508695298854,0.0126,0.9993,0.17017427040081204,2578.4166666666665
Aranzazu,2016-12-31,2016,0.6059788842719472,0.6195810009505393,-0.0001,0.9982,0.17832286366734415,2578.2083333333335
Aranzazu,2017-12-31,2017,0.5690468875014808,0.5990695394990055,0.012,0.999,0.21808455070918908,2578.4583333333335
Aranzazu,2018-12-31,2018,0.6052398346203279,0.6348767252771663,-0.0046,0.9995,0.18993888447864257,2578.375
Aranzazu,2019-12-31,2019,0.5970694463389824,0.618208684146834,0.0044,0.9993,0.1990021851834175,2578.5
Aranzazu,2020-12-31,2020,0.6187815555954671,0.6539277674828158,0.017,0.9992,0.19531707425764053,2578.2083333333335
Aranzazu,2021-12-31,2021,0.5369292826452673,0.547811280768386,0.0008,0.9994,0.22167852941455754,2578.2083333333335
Aranzazu,2022-12-31,2022,0.5349369963358374,0.5549294351833985,-0.0092,0.999,0.22420014310175398,2578.0
Aranzazu,2023-12-31,2023,0.7037095803862955,0.7542402653690039,0.0179,0.998,0.16616186999701762,2578.4166666666665
Aranzazu,2024-12-31,2024,0.6751794146179991,0.708617791111786,0.0006000000000000001,0.9994,0.1654360310499922,2578.4166666666665
Aranzazu,2025-12-31,2025,0.6655166539427714,0.6932807708653582,0.0241,0.9992,0.16758804902796973,2578.3333333333335
Belalcázar,2005-12-31,2005,0.7189025577039033,0.7527845173461004,0.0531,0.9985,0.12722372645236704,1966.7916666666667
Belalcázar,2006-12-31,2006,0.7239173741401842,0.7491413512193043,0.0511,0.9977,0.12243855033633187,1966.75
Belalcázar,2007-12-31,2007,0.7296442976128454,0.7542550594470064,0.0636,0.9993,0.11098993717267334,1966.7916666666667
Belalcázar,2008-12-31,2008,0.6891311408222228,0.7345525096513813,0.0437,0.9977,0.15168961791527377,1966.5416666666667
Belalcázar,2009-12-31,2009,0.7274738501743858,0.7637890561503649,0.0376,0.9978,0.12855361904347712,1966.8333333333333
Belalcázar,2010-12-31,2010,0.7002016225656092,0.7338683097644347,0.0498,0.999,0.1337563271888144,1966.7916666666667
Belalcázar,2011-12-31,2011,0.7092995530751728,0.743000968495482,0.0562,0.9994,0.13102724504201677,1966.7916666666667
Belalcázar,2012-12-31,2012,0.7086290377943879,0.7410428195129478,0.0242,0.9994,0.12388243046710747,1966.5416666666667
Belalcázar,2013-12-31,2013,0.7247339660366392,0.7601182131577113,0.0521,0.9994,0.12683686492719792,1966.7083333333333
Belalcázar,2014-12-31,2014,0.7261379369513415,0.7542652385368508,0.0305,0.9977,0.12085233942716435,1966.7083333333333
Belalcázar,2015-12-31,2015,0.7343460332557692,0.75557028294156,0.0538,0.9994,0.10302492704369637,1966.8333333333333
Belalcázar,2016-12-31,2016,0.7252129492474709,0.7514376485226172,0.0516,0.999,0.10961663786866836,1966.625
Belalcázar,2017-12-31,2017,0.7408025875420131,0.7762483029545612,0.0537,0.9988,0.12660450962346004,1966.8333333333333
Belalcázar,2018-12-31,2018,0.7388467055953886,0.773638907939631,0.0594,0.9995,0.12303688039652039,1966.625
Belalcázar,2019-12-31,2019,0.7255561541908113,0.7576209262283862,0.053,0.9989,0.12494984473222698,1966.625
Belalcázar,2020-12-31,2020,0.7380191500229331,0.7636102164349902,0.0552,0.9993,0.11610894612241751,1966.4583333333333
Belalcázar,2021-12-31,2021,0.7367942121451087,0.7694302571268937,0.0215,0.9977,0.12398661819920063,1966.6666666666667
Belalcázar,2022-12-31,2022,0.6900353383569041,0.7330645349860578,0.0139,0.9993,0.15659387447703954,1966.0416666666667
Belalcázar,2023-12-31,2023,0.7494941975439572,0.7764529990163581,0.0653,0.9975,0.10616744797020146,1966.75
Belalcázar,2024-12-31,2024,0.7268142990496803,0.7579700332875613,0.0433,0.9995,0.11684429026645887,1966.875
Belalcázar,2025-12-31,2025,0.7050060673952497,0.7425022056191463,0.0364,0.9983,0.1366759127586577,1966.8333333333333
Chinchiná,2005-12-31,2005,0.7452794517994983,0.7884562233235347,-0.1946,0.9985,0.13983794081672093,1945.1666666666667
Chinchiná,2006-12-31,2006,0.7414039898762753,0.7730553111005071,-0.1762,0.9992,0.13159491231859452,1944.8333333333333
Chinchiná,2007-12-31,2007,0.7353793504871954,0.7741352654143133,-0.179,0.999,0.13693429649684682,1945.25
Chinchiná,2008-12-31,2008,0.7198850081137897,0.775111886141945,-0.1831,0.9982,0.16317742797000714,1945.375
Chinchiná,2009-12-31,2009,0.7419717906055765,0.781381288567554,-0.1075,0.9985,0.1342985071266,1945.25
Chinchiná,2010-12-31,2010,0.6826392550447586,0.7226290004347887,-0.1782,0.9988,0.15436154061083251,1945.2083333333333
Chinchiná,2011-12-31,2011,0.7148017296803449,0.7609365501897085,-0.1871,0.9986,0.1513079373030019,1945.0
Chinchiná,2012-12-31,2012,0.7112355779573902,0.74673504671153,-0.1715,0.9995,0.1373895761647157,1945.625
Chinchiná,2013-12-31,2013,0.7402007920872419,0.7766281275654032,-0.1667,0.9991,0.12971034473015688,1945.4166666666667
Chinchiná,2014-12-31,2014,0.734700575625361,0.7672947947769018,-0.0433,0.9983,0.1311593257929993,1945.4166666666667
Chinchiná,2015-12-31,2015,0.7452799078312191,0.771471287290428,-0.0827,0.9988,0.10999656163498713,1945.4166666666667
Chinchiná,2016-12-31,2016,0.7088856851079933,0.7392208157057705,-0.1114,0.9975,0.1250725200541097,1945.5416666666667
Chinchiná,2017-12-31,2017,0.7455031473447158,0.7870183291666762,-0.1984,0.9984,0.13603765647312385,1945.375
Chinchiná,2018-12-31,2018,0.7431951422587101,0.7823801710778572,-0.1709,0.9993,0.13405221399252404,1945.3333333333333
Chinchiná,2019-12-31,2019,0.7172858581959033,0.7601313598262,0.0391,0.9989,0.1501829813211563,1945.375
Chinchiná,2020-12-31,2020,0.7482516590494944,0.7846129857827077,-0.0279,0.9992,0.13430490104184112,1945.8333333333333
Chinchiná,2021-12-31,2021,0.7271394385434972,0.7757019651742737,-0.0108,0.9995,0.15051306041332074,1945.3333333333333
Chinchiná,2022-12-31,2022,0.7088672780589859,0.7611126382687002,-0.1199,0.9991,0.1624358827386179,1943.5833333333333
Chinchiná,2023-12-31,2023,0.7658700901469638,0.7894885426076925,0.0041,0.9992,0.10160619967765921,1945.4166666666667
Chinchiná,2024-12-31,2024,0.7501952164215159,0.7809236668239327,0.0331,0.9994,0.12042175830018555,1945.2916666666667
Chinchiná,2025-12-31,2025,0.747110681331459,0.7774378850549563,0.0258,0.9992,0.12397815721510515,1945.2916666666667
Filadelfia,2005-12-31,2005,0.7206970972380886,0.7518052911154119,0.0235,0.9978,0.12731439784965312,3246.75
Filadelfia,2006-12-31,2006,0.7266425680908825,0.753194724835835,0.0332,0.9994,0.11889773208931943,3246.75
Filadelfia,2007-12-31,2007,0.7311007235289488,0.7626054254230364,0.0071,0.9995,0.1266691994023216,3246.625
Filadelfia,2008-12-31,2008,0.7147026302135736,0.7591210987107417,0.0284,0.9971,0.14504574183639726,3247.0833333333335
Filadelfia,2009-12-31,2009,0.7357199355878246,0.7627726109861114,0.0327,0.999,0.1146770465382811,3246.75
Filadelfia,2010-12-31,2010,0.6783218189949682,0.7051423168690735,0.023,0.9995,0.14420214710680934,3246.75
Filadelfia,2011-12-31,2011,0.7171216577395122,0.7557006147209049,0.0093,0.9995,0.13753246933489716,3246.7083333333335
Filadelfia,2012-12-31,2012,0.7328865170396265,0.7680273356329167,0.015,0.9992,0.1215366077899433,3247.125
Filadelfia,2013-12-31,2013,0.7469960137534183,0.7800459565060928,-0.0485,0.9992,0.11780964378588649,3246.75
Filadelfia,2014-12-31,2014,0.7412838885776348,0.7687121519538666,0.0562,0.9993,0.1148099697506204,3246.6666666666665
Filadelfia,2015-12-31,2015,0.715498631824195,0.7311641779903139,0.0483,0.9961,0.10274848281874695,3246.7083333333335
Filadelfia,2016-12-31,2016,0.7174434160930243,0.746546629795492,0.0442,0.9976,0.11577426087285318,3247.0833333333335
Filadelfia,2017-12-31,2017,0.7450376483601066,0.7809195891526778,0.0379,0.9983,0.13002195268888664,3246.75
Filadelfia,2018-12-31,2018,0.7458562788708526,0.7836832145474711,0.0548,0.9995,0.12993997283641923,3246.7083333333335
Filadelfia,2019-12-31,2019,0.7334170926611564,0.7716466922895856,0.0382,0.999,0.12617282668518778,3246.75
Filadelfia,2020-12-31,2020,0.7488134538847918,0.7793342915873969,0.0434,0.9996,0.11879347734496425,3247.4166666666665
Filadelfia,2021-12-31,2021,0.7344536162664479,0.78447591598036,0.0195,0.9979,0.14827224240609424,3246.625
Filadelfia,2022-12-31,2022,0.7255180265892286,0.7724862594058308,0.0219,0.9993,0.15521472458794952,3246.25
Filadelfia,2023-12-31,2023,0.7692889233180679,0.788185396998936,0.0471,0.9984,0.08414410807354805,3246.7083333333335
Filadelfia,2024-12-31,2024,0.7423144077485818,0.7697386160737665,0.0398,0.9965,0.10920975031618896,3246.625
Filadelfia,2025-12-31,2025,0.729324605251643,0.7611826035128876,0.0157,0.9992,0.1262081211388381,3246.625
La Dorada,2005-12-31,2005,0.7136309112069128,0.7303900540874122,-0.1986,0.9993,0.11684452700054959,9278.75
La Dorada,2006-12-31,2006,0.6970912789058855,0.7157053244712911,-0.1756,0.9993,0.12699136009318854,9278.708333333334
La Dorada,2007-12-31,2007,0.7137474908127409,0.7354725920881872,-0.1325,0.9992,0.12132389132666765,9278.833333333334
La Dorada,2008-12-31,2008,0.7046383782100326,0.7231446480915434,-0.1401,0.9988,0.1165019959059521,9278.125
La Dorada,2009-12-31,2009,0.7163422072448996,0.7354587138662501,-0.1429,0.9987,0.11929394371404854,9278.708333333334
La Dorada,2010-12-31,2010,0.7137213079423271,0.7330716506940557,-0.168,0.9994,0.12021415833884656,9278.666666666666
La Dorada,2011-12-31,2011,0.6996789728797846,0.7197527560582456,-0.18,0.9993,0.12958348138440834,9278.791666666666
La Dorada,2012-12-31,2012,0.7054669544734359,0.7253902788078643,-0.192,0.9995,0.12928267983680283,9278.291666666666
La Dorada,2013-12-31,2013,0.7284799203004061,0.7464400921844155,-0.1879,0.9993,0.11806977928887517,9278.75
La Dorada,2014-12-31,2014,0.7036531315928832,0.7205911920226811,-0.1981,0.9993,0.12094996388171529,9278.541666666666
La Dorada,2015-12-31,2015,0.6903639713392561,0.7042470694447007,-0.1448,0.9986,0.12191139659183022,9278.75
La Dorada,2016-12-31,2016,0.6901875886686204,0.7031265749532055,-0.16,0.9995,0.1168450242642574,9278.458333333334
La Dorada,2017-12-31,2017,0.7338383870513142,0.7496770361516903,-0.1522,0.9993,0.11792038516689411,9278.75
La Dorada,2018-12-31,2018,0.7279701407258727,0.7412313357206428,-0.1984,0.9993,0.11467277096726862,9278.5
La Dorada,2019-12-31,2019,0.7165299024196089,0.7260527606258718,-0.171,0.9994,0.11939120385103426,9278.708333333334
La Dorada,2020-12-31,2020,0.7472497589349509,0.7620788611106137,-0.159,0.9993,0.1100610409621768,9278.0
La Dorada,2021-12-31,2021,0.7446050595980255,0.7611697290122618,-0.1432,0.9996,0.11631967206484667,9278.541666666666
La Dorada,2022-12-31,2022,0.7234118154196776,0.7493537080491941,-0.0713,0.9996,0.1359063247644096,9274.5
La Dorada,2023-12-31,2023,0.7383297309969268,0.7543378345573828,-0.1926,0.9991,0.11758478408742883,9278.791666666666
La Dorada,2024-12-31,2024,0.7229290895773218,0.7437421148965404,-0.1953,0.9996,0.12070981844843615,9278.75
La Dorada,2025-12-31,2025,0.7155111833437783,0.7366024784583841,-0.1861,0.9993,0.12920536303571062,9278.458333333334
La Merced,2005-12-31,2005,0.7134138142737135,0.7438211493788471,0.0174,0.9993,0.12931472525670867,1533.9166666666667
La Merced,2006-12-31,2006,0.7251337063515053,0.7546241738749698,0.0431,0.9985,0.12346737714164961,1533.8333333333333
La Merced,2007-12-31,2007,0.728223054647582,0.7624774630845392,0.0391,0.9988,0.127519273475288,1533.9166666666667
La Merced,2008-12-31,2008,0.7108236769031396,0.7531955437859364,0.0212,0.998,0.1403258761928443,1534.0833333333333
La Merced,2009-12-31,2009,0.7367435826682555,0.7681408405120066,0.0372,0.9979,0.12057945493204457,1533.8333333333333
La Merced,2010-12-31,2010,0.6827440376555353,0.7138541270199252,0.0291,0.9994,0.14549877623596555,1533.8333333333333
La Merced,2011-12-31,2011,0.7041470913714205,0.7461638296463985,0.0376,0.9985,0.14450234164611944,1533.875
La Merced,2012-12-31,2012,0.7244820465294793,0.7599343051718962,0.0314,0.9992,0.12545793173276074,1534.0833333333333
La Merced,2013-12-31,2013,0.730401366226078,0.7704247080430461,0.0266,0.9992,0.12525170844340458,1533.8333333333333
La Merced,2014-12-31,2014,0.7343003968239784,0.7633924661225171,0.0524,0.997,0.1156940365088751,1533.875
La Merced,2015-12-31,2015,0.707205912980429,0.7246618898979912,0.0649,0.9982,0.10248471703944882,1533.9166666666667
La Merced,2016-12-31,2016,0.7112833306025186,0.7381410216990556,0.0574,0.9984,0.11614807064021082,1534.0833333333333
La Merced,2017-12-31,2017,0.7371326439579601,0.7766342893162568,0.0529,0.9977,0.13249457247731727,1533.9166666666667
La Merced,2018-12-31,2018,0.7312607214475827,0.7618608425871023,0.0417,0.9988,0.130588523426255,1533.9166666666667
La Merced,2019-12-31,2019,0.7212395216640431,0.755627248584756,0.0403,0.9989,0.12643063031520232,1533.8333333333333
La Merced,2020-12-31,2020,0.7461023478815497,0.7714751925802803,0.0304,0.9982,0.11083410293415052,1534.25
La Merced,2021-12-31,2021,0.7174128430817558,0.7643497051463665,0.0261,0.9973,0.15016491470295346,1533.75
La Merced,2022-12-31,2022,0.7088016466158978,0.7649986326568124,0.001,0.9993,0.16629406937341215,1533.875
La Merced,2023-12-31,2023,0.7550879092200188,0.7685721271281691,0.0476,0.9982,0.08349655762511653,1533.9166666666667
La Merced,2024-12-31,2024,0.7306743826941338,0.7587421587056378,0.0253,0.9987,0.11582052519935526,1533.9583333333333
La Merced,2025-12-31,2025,0.717021405111828,0.7496209928287455,0.0157,0.9993,0.12996046392686741,1533.9166666666667
Manizales,2005-12-31,2005,0.6321976877188629,0.7055274382080046,0.0046,0.9989,0.21468634558575028,7421.583333333333
Manizales,2006-12-31,2006,0.6338965509162499,0.6959302110336715,-0.0185,0.9992,0.20550454320532505,7421.583333333333
Manizales,2007-12-31,2007,0.6258004948876823,0.6916033147813425,0.0053,0.9992,0.21956541410324326,7421.791666666667
Manizales,2008-12-31,2008,0.5854021366873362,0.6501681406502354,0.0011,0.9995,0.23416618267077202,7422.083333333333
Manizales,2009-12-31,2009,0.6345517088491881,0.7089769770983337,-0.0006000000000000001,0.9993,0.21318010157760783,7421.791666666667
Manizales,2010-12-31,2010,0.5767974002182932,0.6224629698756851,0.0035,0.9989,0.2198644327246214,7421.416666666667
Manizales,2011-12-31,2011,0.5883684426375394,0.6532639117423933,-0.0208,0.9991,0.23375325615937756,7421.541666666667
Manizales,2012-12-31,2012,0.6262702755463259,0.6890057709672194,0.008,0.9993,0.20770666766315207,7422.0
Manizales,2013-12-31,2013,0.6300493435803688,0.6997202378675192,0.0038,0.9994,0.21364901098328692,7421.833333333333
Manizales,2014-12-31,2014,0.629010418790521,0.6974322466569912,0.0061,0.9995,0.21331199147203284,7421.875
Manizales,2015-12-31,2015,0.6553339914658188,0.7104621605706153,0.0057,0.9995,0.18140224488732629,7421.875
Manizales,2016-12-31,2016,0.6135911676283478,0.6594326002053049,0.003,0.9991,0.1961715977686047,7422.041666666667
Manizales,2017-12-31,2017,0.6310171570473656,0.7055627471990237,0.0036,0.9994,0.22462558015612796,7421.666666666667
Manizales,2018-12-31,2018,0.6362789978936111,0.7079981183649822,0.0082,0.9994,0.2157467012080813,7421.708333333333
Manizales,2019-12-31,2019,0.6244905461483813,0.6858906258484202,-0.0042,0.9993,0.21291343793208953,7421.75
Manizales,2020-12-31,2020,0.6427276030078328,0.7083688998592851,0.005,0.9994,0.20790692417539144,7422.208333333333
Manizales,2021-12-31,2021,0.6040187815178019,0.6768459249878472,-0.0105,0.9995,0.22971047328528157,7421.75
Manizales,2022-12-31,2022,0.5845663413264691,0.6528605485332843,-0.0063,0.9995,0.24315951747336706,7420.083333333333
Manizales,2023-12-31,2023,0.7125047541124846,0.7726821148273452,0.0202,0.9992,0.1677291798561716,7421.791666666667
Manizales,2024-12-31,2024,0.7065228693280852,0.763283945421608,-0.0019,0.9994,0.16715266055882771,7421.458333333333
Manizales,2025-12-31,2025,0.6941578047040374,0.7405206109362226,0.0108,0.999,0.16392424578781942,7421.791666666667
Manzanares,2005-12-31,2005,0.654312063873843,0.6934092452207836,-0.0025,0.9993,0.17617897390567225,3360.9166666666665
Manzanares,2006-12-31,2006,0.6345652915459091,0.6704461453476483,0.0086,0.9994,0.18444443110234085,3360.9166666666665
Manzanares,2007-12-31,2007,0.68583021603347,0.7175772957766616,-0.0118,0.9994,0.15310420096025748,3360.75
Manzanares,2008-12-31,2008,0.5812755688845622,0.6168377998848736,0.0022,0.998,0.2137181331390113,3360.8333333333335
Manzanares,2009-12-31,2009,0.6620738116373287,0.6920960207476673,0.012,0.9993,0.15805018800660056,3361.0416666666665
Manzanares,2010-12-31,2010,0.6321615261610543,0.6706053320981784,0.0133,0.9988,0.18489787058350657,3360.7916666666665
Manzanares,2011-12-31,2011,0.6179527864529927,0.6344187135994913,0.0082,0.9996,0.1844634329887299,3360.7916666666665
Manzanares,2012-12-31,2012,0.6708072921125571,0.7094599481891241,0.0018,0.998,0.1598114092199981,3361.0
Manzanares,2013-12-31,2013,0.6890097764836659,0.7197629772346715,0.002,0.9994,0.15147046904259368,3360.9583333333335
Manzanares,2014-12-31,2014,0.6230582442349052,0.6442133920641467,0.004,0.9991,0.16796358201802164,3361.0416666666665
Manzanares,2015-12-31,2015,0.6993927437650798,0.732211898248511,0.0139,0.9994,0.14230432400952958,3360.9583333333335
Manzanares,2016-12-31,2016,0.6502682508897403,0.6909851098402303,0.0104,0.9994,0.16953226117249565,3360.7083333333335
Manzanares,2017-12-31,2017,0.6831479561355036,0.7195504291963203,0.0132,0.9989,0.1620381894411271,3360.9583333333335
Manzanares,2018-12-31,2018,0.6713571202324528,0.6923810136012691,0.01,0.9996,0.1643948170233717,3360.9166666666665
Manzanares,2019-12-31,2019,0.6891962237843797,0.7229783387806693,0.0157,0.9993,0.1557533349992653,3360.875
Manzanares,2020-12-31,2020,0.6820364741956855,0.7200789529891706,-0.0044,0.9992,0.176080852121233,3361.0
Manzanares,2021-12-31,2021,0.6492228948349822,0.6852640779029867,-0.0079,0.9995,0.18616032997391738,3360.625
Manzanares,2022-12-31,2022,0.5614371693728772,0.5843534575527393,-0.0111,0.9993,0.18767136788538183,3360.1666666666665
Manzanares,2023-12-31,2023,0.6871184451014966,0.7242931369531608,0.0056,0.9996,0.153234301947197,3360.9166666666665
Manzanares,2024-12-31,2024,0.7298415170298241,0.7630279823961827,0.011,0.9996,0.12728599039141736,3361.4166666666665
Manzanares,2025-12-31,2025,0.6909841446878815,0.7078617460915396,-0.0011,0.9984,0.13276593794843916,3360.9583333333335
Marmato,2005-12-31,2005,0.6791394987853739,0.710844569967975,0.0411,0.996,0.1381315172358587,667.3333333333334
Marmato,2006-12-31,2006,0.6758932071648901,0.7025623434292597,0.0283,0.9957,0.15204929889777638,667.6666666666666
Marmato,2007-12-31,2007,0.6771548414885684,0.7218184440803658,0.0409,0.9936,0.15315555342829087,667.7916666666666
Marmato,2008-12-31,2008,0.6613935408391406,0.6913325570538574,0.0411,0.9994,0.15705869266980005,668.0
Marmato,2009-12-31,2009,0.6947756057582039,0.7302026014839081,0.0308,0.9964,0.13341020583089233,667.8333333333334
Marmato,2010-12-31,2010,0.6366389985603268,0.6740731500677248,0.0165,0.9988,0.16306125305530614,667.8333333333334
Marmato,2011-12-31,2011,0.64507558527529,0.6855559196524547,0.0369,0.9921,0.16482062229664657,667.75
Marmato,2012-12-31,2012,0.6788888806386737,0.7060458935401317,0.0536,0.9985,0.13532620494828335,667.9583333333334
Marmato,2013-12-31,2013,0.6996324050431438,0.7427768301446084,0.0371,0.9978,0.13767141974086458,667.7916666666666
Marmato,2014-12-31,2014,0.7103566539737347,0.744148791877106,0.0249,0.9961,0.13048326283958225,667.75
Marmato,2015-12-31,2015,0.7116278436540147,0.7369925110566532,0.0394,0.9994,0.10763948145833319,667.8333333333334
Marmato,2016-12-31,2016,0.6771708575821515,0.6979936383126505,0.0472,0.9975,0.12417862299930793,668.0
Marmato,2017-12-31,2017,0.7061566388336056,0.7431370672884383,0.0591,0.997,0.141902173512735,667.7916666666666
Marmato,2018-12-31,2018,0.6921839825104863,0.722085289008689,0.0367,0.9986,0.1348939371789029,667.75
Marmato,2019-12-31,2019,0.6884051797366947,0.7224702040078554,0.0481,0.9993,0.13690964060269709,667.8333333333334
Marmato,2020-12-31,2020,0.700444082860377,0.7356997842226359,0.0762,0.9993,0.14241571482703164,668.0416666666666
Marmato,2021-12-31,2021,0.6701896097819794,0.711235528464966,0.0433,0.9994,0.17298254918886427,667.625
Marmato,2022-12-31,2022,0.6454298896708791,0.6870083918440607,0.0354,0.9986,0.1825020092816492,666.6666666666666
Marmato,2023-12-31,2023,0.7388849466916078,0.7553727775479553,0.0557,0.9959,0.10415990252780395,667.7916666666666
Marmato,2024-12-31,2024,0.6638437510895957,0.7014255514592538,0.0317,0.998,0.159751795250819,667.875
Marmato,2025-12-31,2025,0.6428501764716843,0.6762704426456505,0.0126,0.9995,0.16450161566230614,667.75
Marquetalia,2005-12-31,2005,0.6880290221890425,0.7288083290569686,0.0176,0.9995,0.1539875880327076,1586.25
Marquetalia,2006-12-31,2006,0.6859723998173743,0.7115643456278301,0.0236,0.9992,0.15707727818477266,1586.2916666666667
Marquetalia,2007-12-31,2007,0.7041646498668418,0.7218246725186589,0.0266,0.9994,0.1326696151939082,1586.1666666666667
Marquetalia,2008-12-31,2008,0.6476847947944657,0.6806702366346077,0.0039,0.9992,0.1721208882693229,1585.9583333333333
Marquetalia,2009-12-31,2009,0.7183201898152226,0.7456061022423831,0.001,0.9993,0.13127777748365677,1586.375
Marquetalia,2010-12-31,2010,0.6990110492936753,0.7288204115474554,0.0133,0.9986,0.15470206983254708,1586.4166666666667
Marquetalia,2011-12-31,2011,0.6623672176337624,0.6868479273239937,0.0307,0.999,0.1647442733753606,1586.2916666666667
Marquetalia,2012-12-31,2012,0.7258479681412516,0.7556044108528374,0.0194,0.9992,0.1270944977814714,1586.0833333333333
Marquetalia,2013-12-31,2013,0.7208344597827877,0.7329453739100499,0.0104,0.9987,0.10385837326867713,1586.3333333333333
Marquetalia,2014-12-31,2014,0.6909218120862647,0.7025631653619068,0.0007,0.9992,0.13594764957287436,1586.4166666666667
Marquetalia,2015-12-31,2015,0.778495435587205,0.8034367773551848,0.0429,0.9989,0.0986437033638296,1586.5
Marquetalia,2016-12-31,2016,0.686753117108355,0.7136714246897456,0.0216,0.9995,0.12889744125930627,1586.1666666666667
Marquetalia,2017-12-31,2017,0.723054913557052,0.755059038190061,0.0205,0.9987,0.13175474472387763,1586.375
Marquetalia,2018-12-31,2018,0.719018746069803,0.7428660794717316,0.0167,0.9995,0.13277038650353826,1586.4166666666667
Marquetalia,2019-12-31,2019,0.7247026253576329,0.7435675643643697,0.0171,0.9995,0.12475760092352023,1586.5
Marquetalia,2020-12-31,2020,0.7523850326154106,0.7782663337977819,0.0325,0.9987,0.1176572390650419,1586.0416666666667
Marquetalia,2021-12-31,2021,0.7159542542026283,0.7512125377588018,0.0159,0.9992,0.15347795232835015,1586.25
Marquetalia,2022-12-31,2022,0.5984992755370814,0.6113317178626488,0.0135,0.9992,0.17900252258542362,1584.75
Marquetalia,2023-12-31,2023,0.7301708535251019,0.746038095142297,0.0135,0.9992,0.12148248482434781,1586.4166666666667
Marquetalia,2024-12-31,2024,0.7329958898269027,0.7578431542651488,0.0047,0.9995,0.11124279295505517,1586.1666666666667
Marquetalia,2025-12-31,2025,0.73058346642371,0.7517415025706721,0.0177,0.9993,0.11146773235593843,1586.3333333333333
Marulanda,2005-12-31,2005,0.5937181029548619,0.6363960805688148,-0.0095,0.9994,0.19243543456794235,6341.208333333333
Marulanda,2006-12-31,2006,0.5686170863663116,0.6012012718269922,0.00030000000000000003,0.9991,0.20483836755392315,6341.25
Marulanda,2007-12-31,2007,0.5960902562280782,0.6411585196420102,0.004,0.9993,0.19078463534234935,6341.375
Marulanda,2008-12-31,2008,0.5165169942515512,0.5563444232493392,0.0018,0.9995,0.2259637654018708,6341.333333333333
Marulanda,2009-12-31,2009,0.5858716563172471,0.6147970109418822,-0.0056,0.9993,0.18561713071806363,6341.25
Marulanda,2010-12-31,2010,0.5678745260553616,0.610386573688236,-0.001,0.999,0.20084969839196898,6341.375
Marulanda,2011-12-31,2011,0.5674350617520478,0.6020820507330535,-0.003,0.9994,0.20995488962069633,6341.5
Marulanda,2012-12-31,2012,0.6021602165610181,0.6451207133405698,-0.0058,0.9994,0.1924698421292019,6341.458333333333
Marulanda,2013-12-31,2013,0.5932333346614025,0.6447411408442427,-0.0065,0.9994,0.20218036205710987,6341.291666666667
Marulanda,2014-12-31,2014,0.5292140043399208,0.5416981757270127,-0.0075,0.999,0.20252324371401484,6341.291666666667
Marulanda,2015-12-31,2015,0.5742507434589985,0.6088355092781916,0.0066,0.9995,0.18354776758283994,6341.458333333333
Marulanda,2016-12-31,2016,0.5792139023473238,0.608115274906705,0.01,0.9994,0.19012589136427574,6341.541666666667
Marulanda,2017-12-31,2017,0.6178890689403597,0.6673746571319744,0.0055,0.9994,0.1981153753111672,6341.333333333333
Marulanda,2018-12-31,2018,0.6011693088187143,0.6382835307832073,-0.0008,0.9994,0.19740303414313284,6341.375
Marulanda,2019-12-31,2019,0.5821154613029357,0.6206421789404039,0.0034,0.9993,0.19871886939285557,6341.458333333333
Marulanda,2020-12-31,2020,0.6156348260352921,0.6678908129018949,0.0046,0.9991,0.20054934313640027,6341.291666666667
Marulanda,2021-12-31,2021,0.5505664093168443,0.5765397643420093,0.0008,0.9993,0.21259974009985458,6341.333333333333
Marulanda,2022-12-31,2022,0.5173903948439829,0.5413853877729133,-0.0009000000000000001,0.9993,0.22297910848400462,6336.333333333333
Marulanda,2023-12-31,2023,0.6527026002364285,0.6825799093068405,0.0046,0.9992,0.1602424047885621,6341.416666666667
Marulanda,2024-12-31,2024,0.6692563113337293,0.7113335547218197,-0.0009000000000000001,0.9993,0.15794005131940067,6340.916666666667
Marulanda,2025-12-31,2025,0.6140946168171961,0.6502221685298598,-0.0022,0.9985,0.17479601506150302,6341.333333333333
Neira,2005-12-31,2005,0.6385960683459179,0.7088325037812511,0.0027,0.9994,0.20062726973631842,6262.0
Neira,2006-12-31,2006,0.646023062174729,0.6992564532885056,-0.0037,0.9984,0.19133744535959687,6262.208333333333
Neira,2007-12-31,2007,0.6385008553875376,0.7005223682539307,-0.0014,0.9995,0.2010784099917727,6262.125
Neira,2008-12-31,2008,0.5835404379824313,0.6478045817749171,0.0065,0.9988,0.22365762353984944,6262.125
Neira,2009-12-31,2009,0.6424729005269124,0.7044240565885591,-0.001,0.9993,0.19704638418070833,6261.916666666667
Neira,2010-12-31,2010,0.6047819240144217,0.6509604440397366,-0.0124,0.9992,0.20545054263548146,6262.125
Neira,2011-12-31,2011,0.6031714047728666,0.6661104717381306,0.0079,0.9987,0.22109064647830393,6262.041666666667
Neira,2012-12-31,2012,0.644131207969077,0.6964629288933523,-0.0015,0.9995,0.19651988261748943,6261.916666666667
Neira,2013-12-31,2013,0.6592129003516782,0.7247319596811873,0.0096,0.9993,0.195270925742098,6262.041666666667
Neira,2014-12-31,2014,0.6326983160433594,0.6906595009279318,0.0105,0.9991,0.20119587339057918,6262.25
Neira,2015-12-31,2015,0.6551028293526286,0.6967577287821541,0.0191,0.9993,0.1734094289860133,6262.083333333333
Neira,2016-12-31,2016,0.6338314630352779,0.6756000066800064,0.011,0.9992,0.1850179540071478,6262.291666666667
Neira,2017-12-31,2017,0.6398069514716678,0.7044359250564926,0.0064,0.9993,0.21030304080635961,6262.25
Neira,2018-12-31,2018,0.6557693140196365,0.7126971685060156,-0.0046,0.9995,0.19680247258027753,6262.208333333333
Neira,2019-12-31,2019,0.6416240513351783,0.708187813700571,-0.0136,0.9996,0.19710425867361356,6262.0
Neira,2020-12-31,2020,0.6530222602131576,0.7122510892422312,0.0053,0.9993,0.19480494018805616,6262.25
Neira,2021-12-31,2021,0.6104644701797333,0.6782857843380228,-0.0047,0.9996,0.22180047214453233,6261.958333333333
Neira,2022-12-31,2022,0.599800823868827,0.6663594057124808,-0.0121,0.9991,0.2344130215781617,6260.833333333333
Neira,2023-12-31,2023,0.7268959585770345,0.7706738135644836,0.0147,0.9989,0.1462539830167585,6262.125
Neira,2024-12-31,2024,0.7093915831248108,0.7575397102185569,0.0038,0.9996,0.15682751286731975,6262.333333333333
Neira,2025-12-31,2025,0.695107680003813,0.7439654265278671,0.0153,0.999,0.16592353094455883,6262.166666666667
Norcasia,2005-12-31,2005,0.7507328317486065,0.7795516682185263,0.0157,0.9995,0.1260268584528784,3900.375
Norcasia,2006-12-31,2006,0.7429322163726604,0.7633945438503419,0.0095,0.9996,0.12396114290098607,3900.5416666666665
Norcasia,2007-12-31,2007,0.7434074118143387,0.7724272703587877,0.0225,0.9995,0.12764872302137462,3900.3333333333335
Norcasia,2008-12-31,2008,0.7315903655858155,0.7605221884632702,0.0156,0.9995,0.13201359126268086,3900.0
Norcasia,2009-12-31,2009,0.7507514314591915,0.7863468207933596,0.0207,0.9994,0.13019565541640696,3900.4166666666665
Norcasia,2010-12-31,2010,0.7474106446836779,0.7789991368650174,0.0415,0.9986,0.1302728596685526,3900.6666666666665
Norcasia,2011-12-31,2011,0.7265149496470379,0.7674852788708484,0.0067,0.9993,0.1487616351055401,3900.5833333333335
Norcasia,2012-12-31,2012,0.7701069734852631,0.7936179793357679,0.0218,0.9989,0.10681736872692778,3900.625
Norcasia,2013-12-31,2013,0.7649618597689444,0.7927065191553327,0.0045,0.9994,0.11750786434117251,3900.4166666666665
Norcasia,2014-12-31,2014,0.729291222049659,0.7580081653310944,0.0202,0.9995,0.14254868462831902,3900.0416666666665
Norcasia,2015-12-31,2015,0.7910983303134675,0.8080771065008667,0.0438,0.9994,0.08739385543310711,3900.7916666666665
Norcasia,2016-12-31,2016,0.7601127397207085,0.7829162336735753,0.0288,0.9994,0.10666863964783437,3900.2916666666665
Norcasia,2017-12-31,2017,0.7745297962408002,0.7924944185850816,0.0315,0.9992,0.11020070775785872,3900.5
Norcasia,2018-12-31,2018,0.7775996632268183,0.8058566699902566,0.0172,0.9994,0.11661007070073455,3900.2916666666665
Norcasia,2019-12-31,2019,0.7597218203971909,0.7903337288297813,0.0219,0.9995,0.12863930553106448,3900.5833333333335
Norcasia,2020-12-31,2020,0.7837322976422968,0.8136550274791642,0.0237,0.9994,0.11608135654595787,3900.125
Norcasia,2021-12-31,2021,0.7697689460349272,0.8008384975682835,-0.0088,0.9993,0.12503479423650496,3900.3333333333335
Norcasia,2022-12-31,2022,0.685696762386243,0.715202858361557,-0.0323,0.9996,0.17284210237131706,3895.0416666666665
Norcasia,2023-12-31,2023,0.7635122348714126,0.7871388527801594,0.0216,0.9994,0.11758686550154124,3900.375
Norcasia,2024-12-31,2024,0.7567258312034775,0.7806341161824103,0.0114,0.9996,0.12107515004698922,3900.1666666666665
Norcasia,2025-12-31,2025,0.7453322156576361,0.7688451626809729,-0.0493,0.9994,0.10832680815919177,3900.4583333333335
Palestina,2005-12-31,2005,0.7703295681814133,0.7884976440118631,0.038,0.9971,0.097174764344902,1962.4166666666667
Palestina,2006-12-31,2006,0.7693628731289004,0.7857063577152231,0.0425,0.9991,0.09262566289300343,1962.4166666666667
Palestina,2007-12-31,2007,0.768423046714446,0.7890388507219708,0.0045,0.9973,0.09944942303029343,1962.4166666666667
Palestina,2008-12-31,2008,0.7600292342951835,0.7848687692777033,0.0481,0.9995,0.1082389893466853,1962.375
Palestina,2009-12-31,2009,0.7765868025759822,0.7966521472786559,0.0407,0.9957,0.09332698547998637,1962.4166666666667
Palestina,2010-12-31,2010,0.7334477703780774,0.7631406211351281,0.0352,0.9979,0.11638715732209193,1962.4166666666667
Palestina,2011-12-31,2011,0.7529696776665812,0.7776492110717373,0.0471,0.9983,0.10694283572930319,1962.375
Palestina,2012-12-31,2012,0.7489054827210655,0.7718205481425269,0.0364,0.9986,0.09806978771522597,1962.375
Palestina,2013-12-31,2013,0.7637134163460005,0.7868438963881813,0.0239,0.9987,0.0920676106158278,1962.4166666666667
Palestina,2014-12-31,2014,0.761537137279907,0.7823876370507657,0.0572,0.9995,0.09558987551730469,1962.4166666666667
Palestina,2015-12-31,2015,0.7562034581995901,0.7673861910226867,0.0948,0.9868,0.07490955354277902,1962.4166666666667
Palestina,2016-12-31,2016,0.7301037950200214,0.7510427355974807,0.055,0.9955,0.09504112475452536,1962.375
Palestina,2017-12-31,2017,0.7678422263485888,0.7915859935226144,0.0613,0.9985,0.09411137400384323,1962.4166666666667
Palestina,2018-12-31,2018,0.7670401671862227,0.7919116568147487,0.0609,0.9987,0.09602281175732101,1962.4166666666667
Palestina,2019-12-31,2019,0.7578127863005694,0.7839289092346354,0.0507,0.9984,0.09913167663072349,1962.4166666666667
Palestina,2020-12-31,2020,0.7669382316103004,0.7899118985310049,0.0251,0.9958,0.09820905707616519,1962.2916666666667
Palestina,2021-12-31,2021,0.7604730921079442,0.7834467294777608,0.0427,0.9987,0.09672960391914882,1962.4166666666667
Palestina,2022-12-31,2022,0.7483527646865089,0.7806150971562893,0.0306,0.9991,0.11466921632628728,1962.4166666666667
Palestina,2023-12-31,2023,0.768916636775523,0.7897846738393555,0.1163,0.9939,0.07897393746232394,1962.4166666666667
Palestina,2024-12-31,2024,0.763070359137897,0.78641632168145,0.0447,0.9972,0.09153654243557076,1962.5
Palestina,2025-12-31,2025,0.746469627110023,0.7759935726500188,0.0246,0.9992,0.10983590967263947,1962.25
Pensilvania,2005-12-31,2005,0.5852576950888211,0.6261411922313445,-0.0089,0.9994,0.22014228951749992,8357.083333333334
Pensilvania,2006-12-31,2006,0.5442444157749132,0.5579889090351569,-0.0027,0.9993,0.22332024237667125,8357.166666666666
Pensilvania,2007-12-31,2007,0.5978014155449018,0.6336217340953778,-0.0087,0.9992,0.21052376039627294,8357.166666666666
Pensilvania,2008-12-31,2008,0.49746402759442393,0.504696527807119,-0.0196,0.9994,0.24385474730313902,8356.541666666666
Pensilvania,2009-12-31,2009,0.5808320738972709,0.6058253735467594,-0.0024,0.9993,0.2145755520399104,8357.041666666666
Pensilvania,2010-12-31,2010,0.5438170533229748,0.5860460443784897,0.008,0.9994,0.24511961316541664,8357.083333333334
Pensilvania,2011-12-31,2011,0.5423772521113138,0.5591205431348732,-0.003,0.9996,0.22537416436593916,8357.25
Pensilvania,2012-12-31,2012,0.6030786095074253,0.6548219520954905,-0.0085,0.9993,0.22052124804404763,8357.041666666666
Pensilvania,2013-12-31,2013,0.6250529584415107,0.6683634547516116,-0.0146,0.9994,0.20065159547467784,8357.166666666666
Pensilvania,2014-12-31,2014,0.5612999368826821,0.575165293609823,-0.0019,0.9995,0.20552439855311708,8357.25
Pensilvania,2015-12-31,2015,0.6290467511138546,0.6657505171992112,0.0013,0.9993,0.20402557132359758,8356.916666666666
Pensilvania,2016-12-31,2016,0.5818722505649744,0.6185859666830794,-0.0171,0.9994,0.20961594810030182,8356.291666666666
Pensilvania,2017-12-31,2017,0.5951875545178276,0.6350990228901455,-0.0065,0.9993,0.22261280290959026,8356.791666666666
Pensilvania,2018-12-31,2018,0.6028783959509497,0.6239399665086273,-0.0052,0.9995,0.20797346172855072,8357.166666666666
Pensilvania,2019-12-31,2019,0.6028789499189924,0.631200016413329,0.0051,0.9995,0.20066562866944548,8357.166666666666
Pensilvania,2020-12-31,2020,0.6312995195695316,0.6745884610274863,0.0037,0.9995,0.21025013889044528,8356.5
Pensilvania,2021-12-31,2021,0.5599598751384399,0.5725327857961311,-0.0077,0.9995,0.23074817395446523,8357.208333333334
Pensilvania,2022-12-31,2022,0.4766827888203134,0.485601825612273,-0.0165,0.9995,0.23862471609789296,8354.25
Pensilvania,2023-12-31,2023,0.6158774391037632,0.6561759951796291,0.0102,0.9992,0.20255911169713714,8357.125
Pensilvania,2024-12-31,2024,0.654155252686167,0.6844247852011268,0.0006000000000000001,0.9995,0.17561448996289775,8356.833333333334
Pensilvania,2025-12-31,2025,0.6251913001148731,0.6635560957144628,-0.0032,0.9994,0.18461047287169838,8356.5
Pácora,2005-12-31,2005,0.6842864092515168,0.7272044419266894,0.0059,0.9982,0.16174194777264325,4324.208333333333
Pácora,2006-12-31,2006,0.6706526461338923,0.7139032283373781,0.0172,0.9989,0.17554282601072255,4324.166666666667
Pácora,2007-12-31,2007,0.6697216033559362,0.7236370561524939,0.0151,0.9988,0.1850921890031193,4324.166666666667
Pácora,2008-12-31,2008,0.628012144296649,0.6830732517359093,0.0137,0.9975,0.1977118731227975,4324.291666666667
Pácora,2009-12-31,2009,0.6814128264071893,0.7409102567657717,0.0051,0.999,0.17620476621871461,4324.208333333333
Pácora,2010-12-31,2010,0.6134644882098889,0.6423718246927533,0.0114,0.9994,0.19247908149852566,4324.291666666667
Pácora,2011-12-31,2011,0.6389448403015189,0.6950150008513069,0.0115,0.9993,0.19693393770289222,4324.208333333333
Pácora,2012-12-31,2012,0.6810995971453488,0.7235457827467854,0.0107,0.9992,0.16512750137161164,4324.541666666667
Pácora,2013-12-31,2013,0.6809241068275971,0.735451286740089,0.0042,0.9995,0.17488560127817465,4324.25
Pácora,2014-12-31,2014,0.673429068606818,0.7361574107955926,0.0173,0.999,0.18307614219150595,4324.25
Pácora,2015-12-31,2015,0.6884993938182888,0.7144993119813687,0.014,0.999,0.13644593089458368,4324.25
Pácora,2016-12-31,2016,0.6665011577562155,0.7034898873741052,0.0087,0.9995,0.1570548474125708,4324.25
Pácora,2017-12-31,2017,0.682973579677682,0.7322863708253506,0.0056,0.9995,0.1795397073799552,4324.166666666667
Pácora,2018-12-31,2018,0.6729582189019062,0.714764927617117,-0.0194,0.9993,0.17565759398455158,4324.166666666667
Pácora,2019-12-31,2019,0.6800399654878854,0.7346381372796565,0.0114,0.9993,0.17774266937875347,4324.333333333333
Pácora,2020-12-31,2020,0.6980866553429449,0.7421325899349336,0.0198,0.9994,0.16605859532258002,4324.75
Pácora,2021-12-31,2021,0.6389780594496012,0.6981394083303459,-0.0076,0.999,0.2147586545505306,4324.25
Pácora,2022-12-31,2022,0.6148440856840596,0.6617745455213313,0.0099,0.9993,0.22126673229210372,4323.416666666667
Pácora,2023-12-31,2023,0.749787148243171,0.7869953851941128,0.0285,0.9986,0.1278662586937138,4324.25
Pácora,2024-12-31,2024,0.7208666381189625,0.7580660990133161,0.0177,0.9994,0.14164525601824143,4324.291666666667
Pácora,2025-12-31,2025,0.6876706914468752,0.7187033737083515,-0.0088,0.9987,0.14925917786566018,4324.0
Riosucio,2005-12-31,2005,0.6586555779542279,0.6932754084212589,-0.0088,0.9995,0.17533668667791946,6439.625
Riosucio,2006-12-31,2006,0.649916457760867,0.6978919428398371,-0.0021,0.9989,0.18832535890502758,6439.5
Riosucio,2007-12-31,2007,0.651188276737635,0.6849614721268676,0.0029,0.9995,0.17406519694452616,6439.291666666667
Riosucio,2008-12-31,2008,0.6131482721929963,0.6629663594672219,-0.0024,0.9994,0.20873044939242547,6439.458333333333
Riosucio,2009-12-31,2009,0.6555458685630745,0.7062393238777794,-0.0107,0.9992,0.18348309908482321,6439.541666666667
Riosucio,2010-12-31,2010,0.5993390952672283,0.6153783905083371,-0.0005,0.9995,0.19068968652587226,6439.375
Riosucio,2011-12-31,2011,0.6146736889611327,0.6524398962331998,-0.0087,0.9993,0.20347893872730186,6439.333333333333
Riosucio,2012-12-31,2012,0.667754847719031,0.6962560995272887,-0.005,0.9992,0.16252955348846634,6439.416666666667
Riosucio,2013-12-31,2013,0.6663632086340794,0.714328830526993,-0.0011,0.9996,0.17891649407566287,6439.208333333333
Riosucio,2014-12-31,2014,0.657848355177668,0.6893662969140274,-0.0041,0.9994,0.17206197252242392,6439.5
Riosucio,2015-12-31,2015,0.6960323460521783,0.7252448330229071,0.0108,0.999,0.14372619298203196,6439.416666666667
Riosucio,2016-12-31,2016,0.6729455950187154,0.7147091777535618,0.0139,0.9994,0.16897744528211503,6439.166666666667
Riosucio,2017-12-31,2017,0.6592014571373009,0.6974314365758696,0.001,0.9995,0.17932202179131326,6439.583333333333
Riosucio,2018-12-31,2018,0.6525048689582433,0.6886546356434722,0.0083,0.9995,0.17436008322021565,6439.375
Riosucio,2019-12-31,2019,0.6754224681143063,0.7219884768341173,0.0112,0.9993,0.1767569658470763,6439.5
Riosucio,2020-12-31,2020,0.7038008355581868,0.7427657164452106,0.0011,0.9994,0.16220310585934772,6439.458333333333
Riosucio,2021-12-31,2021,0.6451548756905651,0.6837227891702357,-0.0093,0.9993,0.1899190975808435,6439.583333333333
Riosucio,2022-12-31,2022,0.5702373950647766,0.5960933532900915,-0.006,0.9995,0.2242015202931097,6436.208333333333
Riosucio,2023-12-31,2023,0.7114117048773082,0.7565316902930665,0.0031,0.9991,0.15632158174399705,6439.333333333333
Riosucio,2024-12-31,2024,0.7016818221890895,0.7454576596793201,0.00030000000000000003,0.9995,0.15924345369881585,6439.541666666667
Riosucio,2025-12-31,2025,0.6915183329901321,0.7168919166012285,-0.0027,0.9994,0.14626676650995069,6439.208333333333
Risaralda,2005-12-31,2005,0.7092406498440039,0.7479693277904014,0.0308,0.9979,0.14504125967892786,1604.125
Risaralda,2006-12-31,2006,0.7202018705693396,0.7565948345273122,0.0301,0.9984,0.13849032688889293,1604.125
Risaralda,2007-12-31,2007,0.7168803772977301,0.7607576546484506,0.0169,0.9984,0.14456025038877343,1604.0833333333333
Risaralda,2008-12-31,2008,0.7038353123455813,0.7585939968751266,0.0451,0.9973,0.15666501841041516,1604.4583333333333
Risaralda,2009-12-31,2009,0.7366585722936821,0.7734960094841842,0.0599,0.9992,0.13118765121235268,1604.1666666666667
Risaralda,2010-12-31,2010,0.6745351808860413,0.7102437504242199,0.0297,0.9989,0.14907292616425274,1604.1666666666667
Risaralda,2011-12-31,2011,0.6992398997222619,0.744846901457083,0.0346,0.9988,0.15351607199932651,1604.1666666666667
Risaralda,2012-12-31,2012,0.708387399782123,0.7513795867066908,0.0352,0.9995,0.13624563745267315,1604.3333333333333
Risaralda,2013-12-31,2013,0.7260797370070721,0.7627894933331693,0.0418,0.9994,0.1272429617155056,1604.0833333333333
Risaralda,2014-12-31,2014,0.7241445777601001,0.7542164020933607,0.0491,0.9994,0.1269579247742717,1604.125
Risaralda,2015-12-31,2015,0.7263456315440497,0.7481624242498804,0.0495,0.9986,0.10890942451029106,1604.1666666666667
Risaralda,2016-12-31,2016,0.7021812705892382,0.7358720648493694,0.0466,0.9992,0.12830666436114616,1604.4583333333333
Risaralda,2017-12-31,2017,0.7287930365735901,0.7733759852358686,0.0508,0.9995,0.14418052498903028,1604.0833333333333
Risaralda,2018-12-31,2018,0.7250614787293624,0.7593384233629178,0.0404,0.9993,0.13361418892239602,1604.1666666666667
Risaralda,2019-12-31,2019,0.722184489877482,0.7651306606167018,0.0341,0.9995,0.136103451215865,1603.9583333333333
Risaralda,2020-12-31,2020,0.7159033812094989,0.7585823859712345,0.0131,0.9991,0.13890650324367568,1604.6666666666667
Risaralda,2021-12-31,2021,0.7204723901409583,0.7668786870998395,0.027,0.9992,0.14527558771638996,1604.0833333333333
Risaralda,2022-12-31,2022,0.6714258202934325,0.7297686104973476,0.0261,0.9989,0.18003731012699434,1602.75
Risaralda,2023-12-31,2023,0.7197602443674658,0.7540576954861472,0.0428,0.9997,0.1259616710666519,1604.125
Risaralda,2024-12-31,2024,0.7293192696572607,0.7662578028865985,0.0367,0.9991,0.12577354495404822,1603.875
Risaralda,2025-12-31,2025,0.7005044648613558,0.7381627978275181,0.0168,0.9994,0.14890832567577986,1604.0
Salamina,2005-12-31,2005,0.6523681522922383,0.691717363860071,0.0162,0.999,0.16463933230093913,6506.666666666667
Salamina,2006-12-31,2006,0.6218890354817029,0.6418261427024081,-0.005,0.9994,0.17053121890351533,6506.625
Salamina,2007-12-31,2007,0.6394829141250863,0.6807880168024179,0.0143,0.9988,0.17285526581505173,6506.583333333333
Salamina,2008-12-31,2008,0.5927099088016231,0.6380998169218691,0.0096,0.9995,0.19846689735010678,6506.833333333333
Salamina,2009-12-31,2009,0.6459812371464714,0.6892837770667075,0.0,0.9994,0.17296436211799915,6506.583333333333
Salamina,2010-12-31,2010,0.5923644471190946,0.6114071149108317,0.0078,0.9994,0.17838700555355747,6506.666666666667
Salamina,2011-12-31,2011,0.6090801313900197,0.6412130504624952,0.0102,0.9995,0.18542185045597362,6506.5
Salamina,2012-12-31,2012,0.6391662232779064,0.6671252281353447,0.0082,0.9995,0.1657927664518365,6507.083333333333
Salamina,2013-12-31,2013,0.6591196476082015,0.6995873688943237,-0.0179,0.9994,0.16579417902006358,6506.416666666667
Salamina,2014-12-31,2014,0.625325874908038,0.6517495771518996,0.0075,0.9992,0.1720282187205938,6506.708333333333
Salamina,2015-12-31,2015,0.6431002065009991,0.6690678640308337,0.0126,0.9993,0.148007753859616,6506.75
Salamina,2016-12-31,2016,0.6233852109210749,0.6383768119617834,0.0136,0.9994,0.15060900775439048,6507.041666666667
Salamina,2017-12-31,2017,0.6399689103962811,0.6785752023089618,0.0116,0.9995,0.17980648821776446,6506.5
Salamina,2018-12-31,2018,0.6452591786322905,0.6829690264430966,0.0072,0.9995,0.17143312439267325,6506.541666666667
Salamina,2019-12-31,2019,0.640512423465889,0.6802680014549747,0.0002,0.9991,0.17482249394700164,6506.583333333333
Salamina,2020-12-31,2020,0.6598338524187304,0.6984333731183817,-0.0041,0.999,0.1653116231208098,6507.291666666667
Salamina,2021-12-31,2021,0.6092733813332513,0.6624299267014708,-0.0018,0.9995,0.20521886676954662,6506.458333333333
Salamina,2022-12-31,2022,0.5971625708223142,0.6350472930108687,-0.0078,0.9995,0.20630173328915327,6504.458333333333
Salamina,2023-12-31,2023,0.704894795019695,0.7297691478339251,0.0177,0.9994,0.1381284530886906,6506.458333333333
Salamina,2024-12-31,2024,0.6981997483877612,0.7240333195252662,0.0006000000000000001,0.9994,0.13579503242182525,6506.625
Salamina,2025-12-31,2025,0.6816498058212939,0.7042200272279238,0.0125,0.9991,0.1444814356187105,6506.625
Samaná,2005-12-31,2005,0.6643097255761338,0.7003959543005367,-0.0048,0.9995,0.18533196071712318,12603.875
Samaná,2006-12-31,2006,0.66373084528891,0.6959276701171834,0.0075,0.9995,0.18233948805241154,12604.458333333334
Samaná,2007-12-31,2007,0.6846312615954412,0.7164957534768907,-0.1582,0.9994,0.17065085556813542,12604.583333333334
Samaná,2008-12-31,2008,0.6300803021533631,0.6739263010826759,-0.1761,0.9994,0.21069958227655664,12603.041666666666
Samaná,2009-12-31,2009,0.680153553391682,0.7130906438367114,-0.1417,0.9994,0.17581670604076619,12604.083333333334
Samaná,2010-12-31,2010,0.6610414374057344,0.711093817409163,-0.1364,0.9995,0.20786336441599831,12604.083333333334
Samaná,2011-12-31,2011,0.6356738783415788,0.6682429908658998,-0.196,0.9995,0.19944628073384021,12604.583333333334
Samaná,2012-12-31,2012,0.7232254616070185,0.7579600875555742,-0.1608,0.9995,0.1513187443177851,12604.166666666666
Samaná,2013-12-31,2013,0.6947720172884315,0.7186188250680888,-0.1535,0.9996,0.1528755184402442,12604.458333333334
Samaná,2014-12-31,2014,0.6649147025722127,0.6849848583556836,-0.0125,0.9995,0.16806139987493748,12604.041666666666
Samaná,2015-12-31,2015,0.7577128340169974,0.7910222803753354,0.0124,0.9995,0.13171359403913624,12605.041666666666
Samaná,2016-12-31,2016,0.6871448495347315,0.7233173459887534,-0.0456,0.9996,0.16208992886694754,12604.0
Samaná,2017-12-31,2017,0.6995228820536742,0.744437889061182,-0.0656,0.9995,0.17628248286243486,12603.791666666666
Samaná,2018-12-31,2018,0.7109239239150352,0.7509181538394788,-0.117,0.9995,0.16352285683988182,12604.208333333334
Samaná,2019-12-31,2019,0.6931424995133565,0.7194319675322495,-0.1939,0.9995,0.1598834482009141,12604.125
Samaná,2020-12-31,2020,0.7072780175944535,0.7362026889534109,-0.1756,0.9996,0.1674595611911088,12603.166666666666
Samaná,2021-12-31,2021,0.6938768589464902,0.7385483122355856,-0.1428,0.9995,0.1783553958568657,12603.625
Samaná,2022-12-31,2022,0.5678948574399074,0.5889502572885112,-0.1244,0.9996,0.21318520571212538,12595.208333333334
Samaná,2023-12-31,2023,0.6926940405467451,0.7229801610850436,-0.1566,0.9994,0.15409405079837357,12604.0
Samaná,2024-12-31,2024,0.6918025001194882,0.7130020607395333,-0.1506,0.9995,0.15027249952106767,12603.833333333334
Samaná,2025-12-31,2025,0.6847611916928007,0.7216658925058166,-0.1477,0.9993,0.1552476707541621,12604.5
San José,2005-12-31,2005,0.6988918108876708,0.7478512429895035,0.0324,0.999,0.14605433773499435,1095.2916666666667
San José,2006-12-31,2006,0.7181396047947919,0.7647580936242032,0.038,0.9992,0.13835540535817567,1095.3333333333333
San José,2007-12-31,2007,0.7057400200580459,0.7384901727425085,0.043,0.9976,0.135170219110371,1095.2083333333333
San José,2008-12-31,2008,0.6937331534243342,0.7491209363888026,0.0395,0.9974,0.1588324422007318,1095.375
San José,2009-12-31,2009,0.7275949539395725,0.770867208551739,0.0397,0.9993,0.1329468638873357,1095.3333333333333
San José,2010-12-31,2010,0.6763701424880427,0.7212353444421709,0.0518,0.9962,0.15079607752480897,1095.3333333333333
San José,2011-12-31,2011,0.7002554162189112,0.7499709177588584,0.0468,0.9964,0.1572116364066908,1095.1666666666667
San José,2012-12-31,2012,0.7029132548252218,0.7435685912558555,0.0178,0.999,0.13666974766374446,1095.375
San José,2013-12-31,2013,0.708367913693381,0.7533943680883951,0.0362,0.9994,0.13865883675780957,1095.2916666666667
San José,2014-12-31,2014,0.7197282873645982,0.7545578441389506,0.0183,0.9995,0.13238875093443275,1095.2916666666667
San José,2015-12-31,2015,0.7212601820518839,0.7419321064134078,0.0622,0.9983,0.11110170873208024,1095.3333333333333
San José,2016-12-31,2016,0.7099052942890508,0.7462778683731885,0.0301,0.9964,0.1270592256097349,1095.3333333333333
San José,2017-12-31,2017,0.7225344700026519,0.771204999782053,0.0537,0.9993,0.1460172787070908,1095.25
San José,2018-12-31,2018,0.7184581377125007,0.7593084823908477,0.0533,0.9992,0.136231717097124,1095.3333333333333
San José,2019-12-31,2019,0.7213709966571286,0.766393494164796,0.0571,0.9994,0.13918021974320194,1095.3333333333333
San José,2020-12-31,2020,0.7135996081142325,0.7564228952232264,0.0454,0.9993,0.13796020074513624,1095.3333333333333
San José,2021-12-31,2021,0.719348909776592,0.7601542138078017,0.0121,0.9992,0.1371179676637686,1095.3333333333333
San José,2022-12-31,2022,0.681138995793949,0.7472473183810875,0.0139,0.9976,0.17722287495510217,1094.875
San José,2023-12-31,2023,0.7341305463132909,0.767343368765017,0.0513,0.996,0.11545515552715047,1095.3333333333333
San José,2024-12-31,2024,0.7308887552386535,0.7669456326145733,0.0242,0.9977,0.12276757085936806,1095.2916666666667
San José,2025-12-31,2025,0.7011796902172338,0.7493757357312895,0.0277,0.9984,0.15069803095561776,1095.3333333333333
Supia,2005-12-31,2005,0.6870823814819418,0.7242768267979395,0.0193,0.9995,0.13819372205533698,2094.1666666666665
Supia,2006-12-31,2006,0.6792175899898275,0.7207255172472399,0.0153,0.9994,0.15505281953916664,2094.25
Supia,2007-12-31,2007,0.683254349410707,0.7196020448180215,0.016,0.9972,0.14979354556554172,2094.2083333333335
Supia,2008-12-31,2008,0.666830039007014,0.7170255341947146,0.0214,0.9989,0.16620430383612975,2094.25
Supia,2009-12-31,2009,0.6879217571230787,0.738370380396182,0.032,0.9991,0.14899838384270514,2094.25
Supia,2010-12-31,2010,0.6575237303123469,0.6944389369092169,-0.0077,0.9988,0.15693703781862336,2094.25
Supia,2011-12-31,2011,0.6621911932677533,0.718029437289657,0.0176,0.9993,0.17505820766775507,2093.9583333333335
Supia,2012-12-31,2012,0.6914172820360892,0.7304269091375187,0.0138,0.9971,0.1389755833919252,2094.2083333333335
Supia,2013-12-31,2013,0.7009133908699278,0.7421849497700008,0.0274,0.9984,0.14150221303974275,2094.1666666666665
Supia,2014-12-31,2014,0.6937320401577641,0.7318426191249404,0.036,0.9994,0.14053477213182367,2094.2083333333335
Supia,2015-12-31,2015,0.7099165819755097,0.7318019970809811,0.0394,0.9968,0.10419054804222733,2094.25
Supia,2016-12-31,2016,0.699787520216406,0.7290420851879071,0.0411,0.9993,0.12165405932958723,2094.25
Supia,2017-12-31,2017,0.7024129262936479,0.7442176518205312,0.0127,0.9966,0.14754272421694503,2094.25
Supia,2018-12-31,2018,0.7141468542130762,0.7505928038046732,0.0259,0.9973,0.1431859725522115,2094.0416666666665
Supia,2019-12-31,2019,0.7121352266998545,0.7562298715353695,0.0226,0.9986,0.13927448210262142,2094.2083333333335
Supia,2020-12-31,2020,0.7271317653979535,0.760766478372248,0.0304,0.9991,0.1255795857977917,2094.2083333333335
Supia,2021-12-31,2021,0.688558502354804,0.7323072256929192,0.001,0.9992,0.16047534706377653,2094.0
Supia,2022-12-31,2022,0.648399924388777,0.7004287239581185,0.0148,0.999,0.19416319791646527,2092.25
Supia,2023-12-31,2023,0.7472402630717404,0.7755777839860579,0.0339,0.9967,0.10887614462466778,2094.2083333333335
Supia,2024-12-31,2024,0.7027514274873917,0.7449644252901928,0.0317,0.9995,0.1392396689986993,2094.0833333333335
Supia,2025-12-31,2025,0.6710702266882307,0.7044614013832572,0.0218,0.9985,0.15274521968232443,2094.0
Victoria,2005-12-31,2005,0.7660076471671369,0.7886830677028093,-0.0651,0.9995,0.10755668707604348,9334.583333333334
Victoria,2006-12-31,2006,0.7440494280447303,0.7604280225596319,0.0289,0.9994,0.11090951477512108,9335.125
Victoria,2007-12-31,2007,0.7569591882527437,0.7815662487491722,0.0228,0.9995,0.1114798192300714,9335.25
Victoria,2008-12-31,2008,0.7425097240475699,0.7674566550749974,-0.012,0.9994,0.1128164318147334,9334.5
Victoria,2009-12-31,2009,0.7697242362429192,0.7908089867784004,0.0138,0.9994,0.10496568782593746,9334.75
Victoria,2010-12-31,2010,0.7635373474030799,0.7808061784589703,0.0214,0.9994,0.10279347625279199,9334.791666666666
Victoria,2011-12-31,2011,0.733357490090028,0.7630313036315685,0.0238,0.9996,0.12908589244778104,9335.041666666666
Victoria,2012-12-31,2012,0.7733155657482335,0.788910856036796,0.0145,0.9993,0.09461128386378141,9334.666666666666
Victoria,2013-12-31,2013,0.7741448001364173,0.7938736197871653,-0.0762,0.9995,0.09977959726498538,9334.791666666666
Victoria,2014-12-31,2014,0.7391207545684022,0.7642410274494574,-0.0046,0.9996,0.12558428685830733,9334.583333333334
Victoria,2015-12-31,2015,0.7702548478859651,0.7823536210218123,0.0304,0.9995,0.09096545991306582,9335.291666666666
Victoria,2016-12-31,2016,0.7511237235616908,0.7712907248713089,0.0074,0.9994,0.10300397611125413,9335.083333333334
Victoria,2017-12-31,2017,0.778004247439026,0.794409117905876,0.0149,0.9996,0.09875515168943051,9335.041666666666
Victoria,2018-12-31,2018,0.7854680837941005,0.8085012670713331,0.0172,0.9994,0.1048908156448924,9334.708333333334
Victoria,2019-12-31,2019,0.7769386312405843,0.795573620385765,0.033,0.9995,0.10598640191897118,9334.916666666666
Victoria,2020-12-31,2020,0.7981353415629787,0.8173875348240897,0.0251,0.9995,0.09556110448310003,9334.458333333334
Victoria,2021-12-31,2021,0.7888843035722326,0.8110367870356003,0.0194,0.9994,0.10635218235343384,9335.25
Victoria,2022-12-31,2022,0.723499382346729,0.7595248295464359,0.0041,0.9995,0.15900263739110398,9320.333333333334
Victoria,2023-12-31,2023,0.7923740584716775,0.8173440354042105,0.011,0.9994,0.10298678495988538,9334.833333333334
Victoria,2024-12-31,2024,0.7681249088653489,0.7888304955663278,-0.0053,0.9996,0.10605799730548325,9334.625
Victoria,2025-12-31,2025,0.7638044508608014,0.7864310399595856,-0.0185,0.9994,0.10335698718867477,9334.458333333334
Villamaria,2005-12-31,2005,0.46745806946699014,0.4904183955065325,-0.1183,0.9993,0.26216130186888004,7587.291666666667
Villamaria,2006-12-31,2006,0.45346534139970984,0.46730632262823996,-0.113,0.9993,0.2525416436985765,7587.333333333333
Villamaria,2007-12-31,2007,0.44654872221405895,0.4615602569310205,-0.1168,0.9993,0.25770034109200607,7587.0
Villamaria,2008-12-31,2008,0.3924748236650704,0.37791783869941314,-0.1059,0.9994,0.25202904138312165,7587.291666666667
Villamaria,2009-12-31,2009,0.45912972003311997,0.46982778665980013,-0.1082,0.9991,0.25234848266838705,7587.291666666667
Villamaria,2010-12-31,2010,0.3916701520361507,0.38031081157508356,-0.1096,0.9995,0.2309069121791785,7587.416666666667
Villamaria,2011-12-31,2011,0.4087656043332004,0.397634110306572,-0.1256,0.9995,0.2501631332786816,7587.291666666667
Villamaria,2012-12-31,2012,0.43762090817313853,0.44215316959037326,-0.1059,0.9989,0.2547852198453117,7587.25
Villamaria,2013-12-31,2013,0.4310481781520101,0.4193797501041286,-0.1025,0.9992,0.26545288795545585,7587.375
Villamaria,2014-12-31,2014,0.46764713776885164,0.4820756574001066,-0.1072,0.9995,0.2584665420299568,7587.458333333333
Villamaria,2015-12-31,2015,0.48063968160289594,0.4965597960141208,-0.1063,0.9994,0.25849974722503655,7587.625
Villamaria,2016-12-31,2016,0.43581510612954427,0.44382212534075743,-0.1104,0.9995,0.23805461057166064,7587.041666666667
Villamaria,2017-12-31,2017,0.42652759957678144,0.4128701471887566,-0.1236,0.999,0.2634826088028397,7587.291666666667
Villamaria,2018-12-31,2018,0.46784274089408046,0.483458000526525,-0.1193,0.9994,0.2600124009924056,7587.375
Villamaria,2019-12-31,2019,0.42806052316227294,0.42001967385044936,-0.1179,0.9994,0.2492521936448737,7587.333333333333
Villamaria,2020-12-31,2020,0.45736407332945334,0.463296739442622,-0.0976,0.9992,0.25842768933085397,7587.625
Villamaria,2021-12-31,2021,0.40830694331435846,0.38600162749941386,-0.1248,0.9993,0.26253767274394996,7587.208333333333
Villamaria,2022-12-31,2022,0.38225824167142486,0.33406638297511576,-0.1104,0.9991,0.2604821353138396,7585.708333333333
Villamaria,2023-12-31,2023,0.5594204389070961,0.6161211850510934,-0.1117,0.9994,0.25643167689310914,7587.583333333333
Villamaria,2024-12-31,2024,0.5765977336903186,0.6380356791722334,-0.1045,0.9995,0.24621139029445238,7587.583333333333
Villamaria,2025-12-31,2025,0.5851061087590231,0.6471811271365012,-0.11,0.9994,0.2424962881838664,7587.458333333333
Viterbo,2005-12-31,2005,0.7331180171268826,0.7543953106133872,0.0801,0.9981,0.09608616738216681,1973.5833333333333
Viterbo,2006-12-31,2006,0.7380502934256579,0.7607033106574762,0.0855,0.9987,0.09723036047818967,1973.7083333333333
Viterbo,2007-12-31,2007,0.7267164766800356,0.7462556402384487,0.049,0.9982,0.09553879936244175,1973.75
Viterbo,2008-12-31,2008,0.7338079212634594,0.7565442906006731,0.0518,0.997,0.09865601359046111,1973.4166666666667
Viterbo,2009-12-31,2009,0.7420965289170898,0.7603965046477891,0.0282,0.9949,0.09092485795301113,1973.75
Viterbo,2010-12-31,2010,0.7175841522123195,0.7354945298585522,0.0374,0.9991,0.09735563205000165,1973.625
Viterbo,2011-12-31,2011,0.7277402782873331,0.7488979293904915,0.0783,0.9981,0.09947947314528664,1973.75
Viterbo,2012-12-31,2012,0.724900621581305,0.7445225958424587,0.0172,0.9979,0.09321481955131287,1973.5833333333333
Viterbo,2013-12-31,2013,0.7548276008551987,0.7729128305429906,0.0578,0.9992,0.08699940016136905,1973.375
Viterbo,2014-12-31,2014,0.7459696981084633,0.7649068995211752,0.0896,0.9989,0.08956126317757361,1973.5833333333333
Viterbo,2015-12-31,2015,0.7289880836677138,0.7439784636202033,0.079,0.9959,0.08221607857349345,1973.6666666666667
Viterbo,2016-12-31,2016,0.7346312054473004,0.7510661847334967,0.0421,0.9994,0.08708223396474778,1973.625
Viterbo,2017-12-31,2017,0.7566226357352269,0.773484105244772,0.0892,0.999,0.08905179178922086,1973.7083333333333
Viterbo,2018-12-31,2018,0.7490460842429888,0.7658300439151402,0.0823,0.9993,0.08931089916670064,1973.75
Viterbo,2019-12-31,2019,0.7428896526768954,0.7652194939699801,0.0988,0.9979,0.09804255683869223,1973.7083333333333
Viterbo,2020-12-31,2020,0.7464506751662445,0.7654509022731092,0.0931,0.999,0.08810712158840672,1973.5416666666667
Viterbo,2021-12-31,2021,0.7430086814609441,0.7622496701756805,0.0108,0.9992,0.09732475798562855,1973.6666666666667
Viterbo,2022-12-31,2022,0.732505759046171,0.7597489534295292,0.0214,0.9992,0.1129572274807326,1973.3333333333333
Viterbo,2023-12-31,2023,0.7462338888726228,0.7699100466164338,0.0727,0.9841,0.09384237744076081,1973.75
Viterbo,2024-12-31,2024,0.7372009295991514,0.7548346965915297,0.0909,0.9993,0.09288438034280301,1973.5833333333333
Viterbo,2025-12-31,2025,0.7319791469720988,0.7573561254119682,0.0294,0.9994,0.10732907012329794,1973.7083333333333
