municipio,date,anio,mes,precip_mm,precip_mean_mm,precip_max_mm,n_pixeles
Aguadas,2005-12-31,2005,12,2381.3986584376726,6.5037024998048025,46.49587902145366,27.0
Aguadas,2006-12-31,2006,12,2531.5943926625905,6.926494306479353,38.74760493010819,27.0
Aguadas,2007-12-31,2007,12,2660.3525751541006,7.242477852407107,70.68127605348442,27.0
Aguadas,2008-12-31,2008,12,3191.778939644345,8.714073046543211,53.19621708048533,27.0
Aguadas,2009-12-31,2009,12,2173.0982469626842,5.956387277893589,68.45236762666424,27.0
Aguadas,2010-12-31,2010,12,3076.801926522308,8.415972547130805,60.007248496381706,27.0
Aguadas,2011-12-31,2011,12,2939.5845542714374,8.061822832136974,54.76604915262626,27.0
Aguadas,2012-12-31,2012,12,2287.931081736851,6.247606590264943,38.67483600644455,27.0
Aguadas,2013-12-31,2013,12,2331.697349619938,6.393651708878335,41.187440544887295,27.0
Aguadas,2014-12-31,2014,12,1864.9280674112233,5.111507487164678,37.05681301002048,27.0
Aguadas,2015-12-31,2015,12,1707.846710437915,4.671205176767061,40.8333169651828,27.0
Aguadas,2016-12-31,2016,12,2058.39592994937,5.615851671040972,34.83375881014519,27.0
Aguadas,2017-12-31,2017,12,2647.0487637822307,7.232230187345213,60.98266208892955,27.0
Aguadas,2018-12-31,2018,12,2413.0755628020493,6.59913149814519,42.99162002105829,27.0
Aguadas,2019-12-31,2019,12,2119.7400194596594,5.808644277608537,47.67645813042349,27.0
Aguadas,2020-12-31,2020,12,2227.3869644285105,6.08720992720133,43.541836389316174,27.0
Aguadas,2021-12-31,2021,12,2217.2698947536255,6.068112415618098,45.48837770989682,27.0
Aguadas,2022-12-31,2022,12,3066.053614799385,8.404884605712878,76.45126767497639,27.0
Aguadas,2023-12-31,2023,12,2161.1051215929674,5.8927572534603065,50.82001855107266,27.0
Aguadas,2024-12-31,2024,12,2240.17319737584,6.129544466664427,66.57187675132357,27.0
Aguadas,2025-12-31,2025,12,2846.0272328043848,7.887781514948059,105.91505883500956,27.0
Anserma,2005-12-31,2005,12,2292.5708866244468,6.275903705774245,63.98904520007147,16.0
Anserma,2006-12-31,2006,12,2204.242866201677,6.025947003475861,48.69925386511761,16.0
Anserma,2007-12-31,2007,12,2168.859973072107,5.90401922372014,37.790492372374594,16.0
Anserma,2008-12-31,2008,12,2731.116663652641,7.465420933824767,59.439978476261736,16.0
Anserma,2009-12-31,2009,12,1981.6668526129788,5.42902028459059,44.300070645981926,16.0
Anserma,2010-12-31,2010,12,2590.0964994474766,7.083073380339058,70.24723222152045,16.0
Anserma,2011-12-31,2011,12,2576.9196561800914,7.066734746199042,52.71081927534462,16.0
Anserma,2012-12-31,2012,12,1861.4856958662942,5.0809744822907446,47.8129210684956,16.0
Anserma,2013-12-31,2013,12,2134.7545901669623,5.862561709597908,48.36883105291835,16.0
Anserma,2014-12-31,2014,12,1778.4932467609556,4.878765005231801,37.58856860395791,16.0
Anserma,2015-12-31,2015,12,1782.7609498249271,4.877222260281808,45.18479865253835,16.0
Anserma,2016-12-31,2016,12,1722.3285595607063,4.708402787834863,31.327831575697736,16.0
Anserma,2017-12-31,2017,12,2183.357318834913,5.965236324382022,64.41267668793166,16.0
Anserma,2018-12-31,2018,12,2174.9804518505453,5.948685947593185,47.18945549342941,16.0
Anserma,2019-12-31,2019,12,2001.9027591699098,5.490356840957525,55.926863184389845,16.0
Anserma,2020-12-31,2020,12,1993.4648722546167,5.439623283264815,50.32313804958177,16.0
Anserma,2021-12-31,2021,12,2031.3870521484594,5.5707339668294,50.33454496079595,16.0
Anserma,2022-12-31,2022,12,2618.9445342207987,7.181781050628458,78.16320789945297,16.0
Anserma,2023-12-31,2023,12,2001.209448951016,5.459596375644104,51.91703454059103,16.0
Anserma,2024-12-31,2024,12,2141.580416207823,5.85007680222721,77.418854796921,16.0
Anserma,2025-12-31,2025,12,2440.6776868010083,6.767105431930268,91.99131232220194,16.0
Aranzazu,2005-12-31,2005,12,2067.8440028840355,5.657644266027593,61.90144092815751,11.0
Aranzazu,2006-12-31,2006,12,1988.289734920659,5.4358696229748205,50.307184818072805,11.0
Aranzazu,2007-12-31,2007,12,2106.5466677830236,5.732379422071681,72.6176819268126,11.0
Aranzazu,2008-12-31,2008,12,2574.3394097055484,7.027398522543073,59.463849293157296,11.0
Aranzazu,2009-12-31,2009,12,1781.8794011931636,4.886638738371901,54.952800781201226,11.0
Aranzazu,2010-12-31,2010,12,2385.2795654998035,6.5237668698808156,53.41114627972196,11.0
Aranzazu,2011-12-31,2011,12,2442.3281171455164,6.708033690592532,61.856638564088456,11.0
Aranzazu,2012-12-31,2012,12,1710.8879035854106,4.668409034326013,44.02751158449214,11.0
Aranzazu,2013-12-31,2013,12,1941.0564928542306,5.327918955425461,50.72642838535979,11.0
Aranzazu,2014-12-31,2014,12,1595.4506238850347,4.36834271457729,36.75013468745416,11.0
Aranzazu,2015-12-31,2015,12,1638.5821905774046,4.493761496831908,42.40928102377504,11.0
Aranzazu,2016-12-31,2016,12,1687.7807866306346,4.609868873967617,31.02217501954148,11.0
Aranzazu,2017-12-31,2017,12,2187.849335298751,5.977293095259416,54.13294601745116,11.0
Aranzazu,2018-12-31,2018,12,2152.887997916343,5.89480974824394,42.66195942266298,11.0
Aranzazu,2019-12-31,2019,12,2019.8606144232676,5.541426992398769,47.39548799252737,11.0
Aranzazu,2020-12-31,2020,12,1842.1648264365808,5.031207546170522,65.89118521510602,11.0
Aranzazu,2021-12-31,2021,12,1961.0033930107804,5.378261834738055,65.8268103005406,11.0
Aranzazu,2022-12-31,2022,12,2643.98414738514,7.243415642705038,69.3111361421335,11.0
Aranzazu,2023-12-31,2023,12,2052.332934606189,5.599108608020909,57.691652072504304,11.0
Aranzazu,2024-12-31,2024,12,2061.500323013209,5.634201557278687,61.50980205657762,11.0
Aranzazu,2025-12-31,2025,12,2359.9936145843676,6.541022005669423,90.0751093964988,11.0
Belalcázar,2005-12-31,2005,12,2479.7567189116094,6.792035944651903,55.82028846417443,13.0
Belalcázar,2006-12-31,2006,12,2479.992441843248,6.782701864081486,55.205189478599415,13.0
Belalcázar,2007-12-31,2007,12,2429.5829588424854,6.615046304541651,61.02807059126386,13.0
Belalcázar,2008-12-31,2008,12,2763.845586503461,7.54716779375741,75.29487034021797,13.0
Belalcázar,2009-12-31,2009,12,2200.503642977168,6.0302197055972035,42.57032259035918,13.0
Belalcázar,2010-12-31,2010,12,2805.241403940118,7.6760962488227875,68.37136536937649,13.0
Belalcázar,2011-12-31,2011,12,2884.495520604869,7.910445079151745,70.81455553184122,13.0
Belalcázar,2012-12-31,2012,12,2085.6204980267053,5.696978279385909,63.57751841464285,13.0
Belalcázar,2013-12-31,2013,12,2305.2288864845946,6.331726610691509,42.64616072379936,13.0
Belalcázar,2014-12-31,2014,12,2005.3833137341474,5.50317070576249,33.69828173467668,13.0
Belalcázar,2015-12-31,2015,12,1880.384129709359,5.1410250251960665,65.29021296662798,13.0
Belalcázar,2016-12-31,2016,12,1961.9849274143323,5.3629496405405375,45.76943513094368,13.0
Belalcázar,2017-12-31,2017,12,2357.152794421224,6.431115310567383,56.19066605325472,13.0
Belalcázar,2018-12-31,2018,12,2087.7250914199876,5.715987384391163,47.12432053533652,13.0
Belalcázar,2019-12-31,2019,12,2140.0296425243555,5.863037186210271,53.256534257177584,13.0
Belalcázar,2020-12-31,2020,12,1968.4387690720416,5.373564255159237,53.2313570612568,13.0
Belalcázar,2021-12-31,2021,12,2109.547470602444,5.785627500837923,40.69762394387843,13.0
Belalcázar,2022-12-31,2022,12,2626.657333085345,7.219714441618595,61.83386693566532,13.0
Belalcázar,2023-12-31,2023,12,2018.0051816067958,5.504946085392277,46.49769789485609,13.0
Belalcázar,2024-12-31,2024,12,2186.8368409615427,5.9775224069916035,52.302693813534106,13.0
Belalcázar,2025-12-31,2025,12,2575.638790715454,7.127529705522602,78.47136735512038,13.0
Chinchiná,2005-12-31,2005,12,2621.7423292140666,7.183150776884644,62.825904427454056,13.0
Chinchiná,2006-12-31,2006,12,2550.807634254711,6.975313162362014,54.0784380396687,13.0
Chinchiná,2007-12-31,2007,12,2530.9975653639476,6.891549982943446,51.88442936215783,13.0
Chinchiná,2008-12-31,2008,12,3010.70702479621,8.224725296087888,64.9716610201889,13.0
Chinchiná,2009-12-31,2009,12,2386.0831092949365,6.538288190131083,56.88191728141776,13.0
Chinchiná,2010-12-31,2010,12,2885.2045578359903,7.9000330815209425,66.42785304516521,13.0
Chinchiná,2011-12-31,2011,12,3058.522097753772,8.403567680328184,57.958035717157045,13.0
Chinchiná,2012-12-31,2012,12,2207.5694339114407,6.026096649055707,65.17151024626847,13.0
Chinchiná,2013-12-31,2013,12,2591.519219510249,7.125544859850563,75.6725093787117,13.0
Chinchiná,2014-12-31,2014,12,2261.4632118331874,6.204340605160287,41.44168215604042,13.0
Chinchiná,2015-12-31,2015,12,2069.1387203861145,5.667731965761226,57.822269481571006,13.0
Chinchiná,2016-12-31,2016,12,2170.7822355454628,5.937021156886697,39.51031340254648,13.0
Chinchiná,2017-12-31,2017,12,2652.9680093687793,7.240104730155696,73.6686821570119,13.0
Chinchiná,2018-12-31,2018,12,2472.2445274752563,6.781570480873023,79.0372171077456,13.0
Chinchiná,2019-12-31,2019,12,2507.9040395209868,6.876739170200451,74.38915958257982,13.0
Chinchiná,2020-12-31,2020,12,2221.07510288908,6.06248650755938,53.371760358925584,13.0
Chinchiná,2021-12-31,2021,12,2424.1131167631643,6.652273950494795,72.70300778704078,13.0
Chinchiná,2022-12-31,2022,12,3174.5069346466516,8.737607180416365,104.79180170387912,13.0
Chinchiná,2023-12-31,2023,12,2569.1495610340758,7.008064474620543,60.97307451417758,13.0
Chinchiná,2024-12-31,2024,12,2571.3139590251653,7.033470101292024,51.24130693094397,13.0
Chinchiná,2025-12-31,2025,12,2926.8684756833973,8.113698501823416,124.91776402093448,13.0
Filadelfia,2005-12-31,2005,12,2256.674910177238,6.174072114019842,59.02070057931258,13.0
Filadelfia,2006-12-31,2006,12,2150.6031565547887,5.8800897038726445,43.62941101208404,13.0
Filadelfia,2007-12-31,2007,12,2262.6457114789505,6.157193799729007,69.48152082050265,13.0
Filadelfia,2008-12-31,2008,12,2833.34143167195,7.737270713775513,69.49403482945121,13.0
Filadelfia,2009-12-31,2009,12,1923.7576662766276,5.274635090323515,43.3086086613449,13.0
Filadelfia,2010-12-31,2010,12,2557.8607439585967,6.997376242363835,58.25947476152199,13.0
Filadelfia,2011-12-31,2011,12,2583.1643999777543,7.091838061062152,42.73811647520593,13.0
Filadelfia,2012-12-31,2012,12,1879.889413019221,5.130125680654378,40.43093538763535,13.0
Filadelfia,2013-12-31,2013,12,2050.52453362485,5.629325578625615,48.05956338518229,13.0
Filadelfia,2014-12-31,2014,12,1690.026320287031,4.632725580364345,39.12369077888565,13.0
Filadelfia,2015-12-31,2015,12,1706.3198895240248,4.6762539606365,36.70176282959368,13.0
Filadelfia,2016-12-31,2016,12,1709.1927582853702,4.668152110936931,34.577404324133795,13.0
Filadelfia,2017-12-31,2017,12,2243.7415877583635,6.12886245098582,53.03293868884369,13.0
Filadelfia,2018-12-31,2018,12,2213.2712864935324,6.0543031712873905,45.47819486934336,13.0
Filadelfia,2019-12-31,2019,12,2090.6835782701273,5.733023461253974,52.49608022483749,13.0
Filadelfia,2020-12-31,2020,12,1946.0911915035515,5.312733626484055,46.41417713021514,13.0
Filadelfia,2021-12-31,2021,12,2003.1649293337935,5.493367824649588,68.43537493806387,13.0
Filadelfia,2022-12-31,2022,12,2684.1611835150034,7.35783038155589,90.79108983428036,13.0
Filadelfia,2023-12-31,2023,12,2085.2529440277335,5.688379210081933,61.60364187183092,13.0
Filadelfia,2024-12-31,2024,12,2137.0462413513237,5.839198187181132,76.14740550218515,13.0
Filadelfia,2025-12-31,2025,12,2472.9697828502563,6.864711056471869,110.9357990859142,13.0
La Dorada,2005-12-31,2005,12,2859.513167547588,7.8042634507253625,56.40984224781008,36.0
La Dorada,2006-12-31,2006,12,3070.7763770546208,8.399128677386459,66.43685396753175,36.0
La Dorada,2007-12-31,2007,12,3047.8434825729632,8.288479388914471,49.81587933467886,36.0
La Dorada,2008-12-31,2008,12,3373.9704728197726,9.217994345531158,61.4823491905256,36.0
La Dorada,2009-12-31,2009,12,2767.1367883220228,7.569488803195515,64.57579249188102,36.0
La Dorada,2010-12-31,2010,12,2940.119228298616,8.037867690488412,74.2352299679776,36.0
La Dorada,2011-12-31,2011,12,3268.430628352695,8.973583156338076,55.14105855952661,36.0
La Dorada,2012-12-31,2012,12,2472.4479145733444,6.740655623705565,49.84302586843217,36.0
La Dorada,2013-12-31,2013,12,3010.749421854421,8.244597562729199,52.041233727007416,36.0
La Dorada,2014-12-31,2014,12,3174.421039244717,8.710706766711015,71.29091078532488,36.0
La Dorada,2015-12-31,2015,12,2504.9610505946434,6.855935764376002,44.20718806010879,36.0
La Dorada,2016-12-31,2016,12,2866.7448042971446,7.826203277834668,74.08558622284002,36.0
La Dorada,2017-12-31,2017,12,3403.0371556639357,9.29108232694831,60.177709184092905,36.0
La Dorada,2018-12-31,2018,12,3096.734796809511,8.456463679252016,46.2727519367471,36.0
La Dorada,2019-12-31,2019,12,2807.3980576407375,7.715733540830179,53.74298709120517,36.0
La Dorada,2020-12-31,2020,12,2456.056919579259,6.717048856091975,43.59421770081585,36.0
La Dorada,2021-12-31,2021,12,2855.72021407902,7.81359488793468,44.285403190917705,36.0
La Dorada,2022-12-31,2022,12,3850.0060319370527,10.541731207567171,182.28448563057657,36.0
La Dorada,2023-12-31,2023,12,2975.9329683290116,8.12566789386815,55.46897960976126,36.0
La Dorada,2024-12-31,2024,12,2839.660186617605,7.761565702965455,69.58858569902864,36.0
La Dorada,2025-12-31,2025,12,3542.162648604452,9.757474979116473,58.1651944104757,36.0
La Merced,2005-12-31,2005,12,2220.1836536642645,6.069795674420185,50.72610784517664,7.0
La Merced,2006-12-31,2006,12,2201.570586655091,6.022238710204575,40.07588145716661,7.0
La Merced,2007-12-31,2007,12,2345.403502543605,6.381463603563142,69.13292566416214,7.0
La Merced,2008-12-31,2008,12,2854.484748080961,7.794589516548213,59.557778302666286,7.0
La Merced,2009-12-31,2009,12,1961.9674314675688,5.381410320902567,55.5807949455417,7.0
La Merced,2010-12-31,2010,12,2618.3528603780837,7.165246577871268,67.71588798055845,7.0
La Merced,2011-12-31,2011,12,2589.5600918497357,7.108519461801014,48.14472125306422,7.0
La Merced,2012-12-31,2012,12,1964.5758319481702,5.36225117937159,41.94216526576451,7.0
La Merced,2013-12-31,2013,12,2020.6265362664956,5.543303840784833,49.34506691653712,7.0
La Merced,2014-12-31,2014,12,1678.4778555466205,4.597028285299273,38.4668536205681,7.0
La Merced,2015-12-31,2015,12,1665.0017404757389,4.564330634879217,32.65602269594361,7.0
La Merced,2016-12-31,2016,12,1735.1534245315863,4.737504406772681,34.2461950782205,7.0
La Merced,2017-12-31,2017,12,2286.198334231831,6.245357378293729,45.31410818813609,7.0
La Merced,2018-12-31,2018,12,2266.790106608967,6.198652629613547,44.29797027484089,7.0
La Merced,2019-12-31,2019,12,2010.618275530241,5.514040015232042,43.114106465034745,7.0
La Merced,2020-12-31,2020,12,1916.6954677331407,5.234453316574983,55.9550158338482,7.0
La Merced,2021-12-31,2021,12,1982.980997047619,5.435005766435814,56.414755477386265,7.0
La Merced,2022-12-31,2022,12,2698.904385369745,7.399516323727788,96.68070223023292,7.0
La Merced,2023-12-31,2023,12,2024.4788421676274,5.522600714905528,63.96291901984183,7.0
La Merced,2024-12-31,2024,12,2108.0339610387678,5.762546244322859,54.34013105119979,7.0
La Merced,2025-12-31,2025,12,2442.9606464732365,6.780242749706379,100.42799353567112,7.0
Manizales,2005-12-31,2005,12,2206.807149755714,6.042577459080992,68.70300720015055,25.0
Manizales,2006-12-31,2006,12,2111.3677257275035,5.773127331626585,35.80333380457227,25.0
Manizales,2007-12-31,2007,12,2160.191570164334,5.880765903471986,50.2370252739323,25.0
Manizales,2008-12-31,2008,12,2667.6090624319095,7.286251989227449,50.210496430051045,25.0
Manizales,2009-12-31,2009,12,1957.0688674698354,5.364156381191744,54.3381482221621,25.0
Manizales,2010-12-31,2010,12,2483.708616735567,6.795713187512562,67.79059748589765,25.0
Manizales,2011-12-31,2011,12,2639.2420177962763,7.253340343806003,51.3897306361097,25.0
Manizales,2012-12-31,2012,12,1795.4561748731612,4.8986055720250645,48.32975849686459,25.0
Manizales,2013-12-31,2013,12,2047.7822344975918,5.6257252402320335,51.70864924770589,25.0
Manizales,2014-12-31,2014,12,1733.5489425795104,4.752935402857006,36.96865589320822,25.0
Manizales,2015-12-31,2015,12,1723.4964451925127,4.725020896176525,41.45181465357038,25.0
Manizales,2016-12-31,2016,12,1747.8884797893581,4.781052291698692,33.64184206844482,25.0
Manizales,2017-12-31,2017,12,2197.9496549450823,6.003738914070001,69.45645835968034,25.0
Manizales,2018-12-31,2018,12,2171.228557222719,5.95717859427116,55.46345223407569,25.0
Manizales,2019-12-31,2019,12,2065.9574785382124,5.667131195794188,64.95943826466262,25.0
Manizales,2020-12-31,2020,12,1836.7863601414824,5.014481675162286,46.86930116485912,25.0
Manizales,2021-12-31,2021,12,2088.7752307892756,5.7324273320729064,67.6940088370948,25.0
Manizales,2022-12-31,2022,12,2699.475231437298,7.4067292726353715,82.76350548614651,25.0
Manizales,2023-12-31,2023,12,2210.084819408173,6.028807710852397,54.07863414450156,25.0
Manizales,2024-12-31,2024,12,2101.1298543854955,5.745007717159435,54.04215609721649,25.0
Manizales,2025-12-31,2025,12,2400.615690086111,6.652290126859788,97.09545908010664,25.0
Manzanares,2005-12-31,2005,12,3091.29354609964,8.461185426687466,89.01525431395153,12.0
Manzanares,2006-12-31,2006,12,2866.615775196806,7.839878080658614,87.27897542440863,12.0
Manzanares,2007-12-31,2007,12,2983.840223162573,8.12076707829076,84.63882464762172,12.0
Manzanares,2008-12-31,2008,12,3311.791125085755,9.050537725689894,73.30257480889198,12.0
Manzanares,2009-12-31,2009,12,2535.5452149495954,6.948538534594786,66.10928395527614,12.0
Manzanares,2010-12-31,2010,12,3281.6754706301354,8.984586829189405,73.71088258406152,12.0
Manzanares,2011-12-31,2011,12,3277.1205831449342,8.992140861212874,73.21293490966355,12.0
Manzanares,2012-12-31,2012,12,2446.004028145323,6.676999918787185,86.14275392435364,12.0
Manzanares,2013-12-31,2013,12,2478.7014235563342,6.819426273670731,52.45884327045653,12.0
Manzanares,2014-12-31,2014,12,2117.508934268038,5.802446446653049,49.00816156327292,12.0
Manzanares,2015-12-31,2015,12,2163.1865693058,5.9412873064395795,47.29119284909228,12.0
Manzanares,2016-12-31,2016,12,2524.2317940496073,6.890233675448357,68.37614533052606,12.0
Manzanares,2017-12-31,2017,12,3059.609819659526,8.357291340873992,65.83666077768542,12.0
Manzanares,2018-12-31,2018,12,3098.2162485607373,8.468211403132026,66.06699056602275,12.0
Manzanares,2019-12-31,2019,12,2606.7394656396987,7.173343314265019,76.37553800855363,12.0
Manzanares,2020-12-31,2020,12,2463.1700381769756,6.739719067968676,64.30275873179586,12.0
Manzanares,2021-12-31,2021,12,2723.5846089953084,7.474387266709436,81.4128444339115,12.0
Manzanares,2022-12-31,2022,12,4204.7682225897515,11.551759837992938,115.3430788719048,12.0
Manzanares,2023-12-31,2023,12,2785.1245444181395,7.616194268483054,86.47774394776575,12.0
Manzanares,2024-12-31,2024,12,2823.04498142737,7.724923242930725,69.46893638675496,12.0
Manzanares,2025-12-31,2025,12,3524.7148204556706,9.776459619483274,108.11391905260432,12.0
Marmato,2005-12-31,2005,12,2313.2820787657256,6.318066622924118,52.05503082275393,5.0
Marmato,2006-12-31,2006,12,2346.5883392538685,6.421377581728474,45.84187113611323,5.0
Marmato,2007-12-31,2007,12,2504.513502354685,6.81531934439965,86.27761539660005,5.0
Marmato,2008-12-31,2008,12,3097.0633405776407,8.453952979249662,90.80798210595783,5.0
Marmato,2009-12-31,2009,12,2058.146011175294,5.639392178440244,57.729673925199016,5.0
Marmato,2010-12-31,2010,12,2883.7734242736515,7.88809728971673,65.78496020718626,5.0
Marmato,2011-12-31,2011,12,2766.1274706901695,7.585780948242495,48.53629639274197,5.0
Marmato,2012-12-31,2012,12,2120.0291336437595,5.788711864525621,33.686404686225096,5.0
Marmato,2013-12-31,2013,12,2219.7863485613157,6.08574123951302,55.61240990538347,5.0
Marmato,2014-12-31,2014,12,1772.2879077400037,4.854522251745866,39.53597696203935,5.0
Marmato,2015-12-31,2015,12,1764.6127154536941,4.831810345646409,34.26623807455365,5.0
Marmato,2016-12-31,2016,12,1866.013183485913,5.09182549117824,34.86150813102723,5.0
Marmato,2017-12-31,2017,12,2422.5029975842494,6.6156091155939665,67.59717502092063,5.0
Marmato,2018-12-31,2018,12,2332.670623354124,6.376687849919179,43.39641958788823,5.0
Marmato,2019-12-31,2019,12,2036.57618480215,5.579884414354772,45.071792866054345,5.0
Marmato,2020-12-31,2020,12,2101.571412706013,5.738688565852826,47.561458286486186,5.0
Marmato,2021-12-31,2021,12,2076.561631125055,5.682372316189894,37.47139734343479,5.0
Marmato,2022-12-31,2022,12,2835.9928304404025,7.772703909405866,80.68914533916275,5.0
Marmato,2023-12-31,2023,12,2040.5849668842402,5.563964699602425,57.68682694435121,5.0
Marmato,2024-12-31,2024,12,2197.239694085524,6.005603399073325,59.173210595783445,5.0
Marmato,2025-12-31,2025,12,2584.149625076165,7.162989872450628,77.33223597626939,5.0
Marquetalia,2005-12-31,2005,12,4065.9132816444576,11.136820420502694,169.71098036314046,8.0
Marquetalia,2006-12-31,2006,12,3804.420828123755,10.413088537279174,113.59610231855363,8.0
Marquetalia,2007-12-31,2007,12,3911.5219860054626,10.648214661215583,117.19359487780584,8.0
Marquetalia,2008-12-31,2008,12,4557.45301319999,12.475870247536365,120.6870975316128,8.0
Marquetalia,2009-12-31,2009,12,3627.006667328295,9.94412035243011,73.73253794060213,8.0
Marquetalia,2010-12-31,2010,12,4225.486911663226,11.576882466681676,92.57765718264,8.0
Marquetalia,2011-12-31,2011,12,4588.73467619381,12.609625735797769,89.54053053200167,8.0
Marquetalia,2012-12-31,2012,12,3546.314179990575,9.683123245499145,90.49709077639004,8.0
Marquetalia,2013-12-31,2013,12,3283.2107228236464,9.05906052572868,95.5642471822782,8.0
Marquetalia,2014-12-31,2014,12,2770.9439197676047,7.608402340723843,71.5831618671901,8.0
Marquetalia,2015-12-31,2015,12,2597.6011961770155,7.138629848783478,66.46421438097477,8.0
Marquetalia,2016-12-31,2016,12,3207.345016231206,8.760666160943057,85.55359519276028,8.0
Marquetalia,2017-12-31,2017,12,3892.877297298931,10.642282847990849,70.87915789778624,8.0
Marquetalia,2018-12-31,2018,12,3905.530291177681,10.684946539180197,95.57028581239832,8.0
Marquetalia,2019-12-31,2019,12,3326.4200142333125,9.184505107140891,90.33721812799553,8.0
Marquetalia,2020-12-31,2020,12,2999.268350479973,8.21519914325597,91.41031933976748,8.0
Marquetalia,2021-12-31,2021,12,3339.3921649131344,9.174873023567288,97.99425265181048,8.0
Marquetalia,2022-12-31,2022,12,5196.612547847553,14.283475565166404,102.46312247099324,8.0
Marquetalia,2023-12-31,2023,12,3499.1647706354893,9.578600725139061,106.00939088829053,8.0
Marquetalia,2024-12-31,2024,12,3563.467645951287,9.750729090627635,95.35634432743008,8.0
Marquetalia,2025-12-31,2025,12,4526.995448882631,12.543460110505366,104.28220138244224,8.0
Marulanda,2005-12-31,2005,12,2176.8926268938403,5.957927670203539,65.54176885137478,26.0
Marulanda,2006-12-31,2006,12,2079.048743769059,5.684546429507656,37.32675797925572,26.0
Marulanda,2007-12-31,2007,12,2179.6237806052027,5.931263515637904,64.26354697478251,26.0
Marulanda,2008-12-31,2008,12,2489.1027324700003,6.79588805867667,49.93225737710221,26.0
Marulanda,2009-12-31,2009,12,1824.6262860827846,5.001145027239209,46.429222012969525,26.0
Marulanda,2010-12-31,2010,12,2461.989757009141,6.735819962177952,56.81444860984329,26.0
Marulanda,2011-12-31,2011,12,2455.5667594716247,6.736351072411401,72.09954754419991,26.0
Marulanda,2012-12-31,2012,12,1730.9273194695463,4.724210809035048,42.0007959800276,26.0
Marulanda,2013-12-31,2013,12,1896.4732258063968,5.203577425773333,39.66400320378924,26.0
Marulanda,2014-12-31,2014,12,1589.1035071826675,4.350442372204057,37.16789849599203,26.0
Marulanda,2015-12-31,2015,12,1679.3787974574134,4.608476182900467,34.31792602795328,26.0
Marulanda,2016-12-31,2016,12,1857.9909405717844,5.072686497497647,37.16898706793708,26.0
Marulanda,2017-12-31,2017,12,2320.8539737247916,6.3391066071918205,42.49490815587937,26.0
Marulanda,2018-12-31,2018,12,2292.524026973027,6.273056993382831,53.288072426198624,26.0
Marulanda,2019-12-31,2019,12,1962.2091851826167,5.387094100434453,54.86552410467419,26.0
Marulanda,2020-12-31,2020,12,1949.036759980472,5.327182514565872,51.67936620266866,26.0
Marulanda,2021-12-31,2021,12,2075.780971150252,5.693372498823821,44.27487540168786,26.0
Marulanda,2022-12-31,2022,12,3058.8024484067687,8.389215073074775,65.7154108671065,26.0
Marulanda,2023-12-31,2023,12,2120.1562475474384,5.791631688134572,55.85176340128777,26.0
Marulanda,2024-12-31,2024,12,2166.8508244341724,5.925423464083869,56.03889549228524,26.0
Marulanda,2025-12-31,2025,12,2649.138541161882,7.346445779224212,96.28062399670776,26.0
Neira,2005-12-31,2005,12,2137.227350111304,5.849322939562774,64.60760478513035,23.0
Neira,2006-12-31,2006,12,2039.0886607095447,5.573992988685305,36.97887804550199,23.0
Neira,2007-12-31,2007,12,2132.004218265229,5.803285241694546,63.50886936150417,23.0
Neira,2008-12-31,2008,12,2592.742321140689,7.080551614028946,58.3686805079361,23.0
Neira,2009-12-31,2009,12,1834.342090558982,5.0281515678316575,50.51424924921382,23.0
Neira,2010-12-31,2010,12,2428.599645497591,6.642840446099405,61.48745879330667,23.0
Neira,2011-12-31,2011,12,2529.3859296589985,6.945915046095545,52.2262127236144,23.0
Neira,2012-12-31,2012,12,1732.8468148485938,4.728107847081697,51.337462271574026,23.0
Neira,2013-12-31,2013,12,1978.2210317844665,5.4313857511549335,47.59269599267569,23.0
Neira,2014-12-31,2014,12,1622.7979247854641,4.446482680514721,34.50494223953615,23.0
Neira,2015-12-31,2015,12,1667.884793070625,4.570821917913567,37.682275105207,23.0
Neira,2016-12-31,2016,12,1687.4539210290898,4.612024624281907,29.75206694195492,23.0
Neira,2017-12-31,2017,12,2154.4460784032767,5.884476439465785,54.32824738011667,23.0
Neira,2018-12-31,2018,12,2140.1081254054047,5.861392845760925,41.94654132833063,23.0
Neira,2019-12-31,2019,12,2027.2452907642732,5.559492523088189,54.64294890710439,23.0
Neira,2020-12-31,2020,12,1833.5397598565821,5.006474107517359,63.92933696963315,23.0
Neira,2021-12-31,2021,12,2000.7463723515573,5.486656107098889,60.44657308948014,23.0
Neira,2022-12-31,2022,12,2643.3429002485864,7.242379349927664,70.85400299052355,23.0
Neira,2023-12-31,2023,12,2087.191533991618,5.692821374471666,57.28618095905578,23.0
Neira,2024-12-31,2024,12,2057.256980783757,5.621721669297653,61.61032091303736,23.0
Neira,2025-12-31,2025,12,2386.7596555725368,6.615023074212597,91.69681455011236,23.0
Norcasia,2005-12-31,2005,12,3625.915175106212,9.901324429182052,76.34666875337301,16.0
Norcasia,2006-12-31,2006,12,3933.1563057610238,10.759102183438761,75.7797733086034,16.0
Norcasia,2007-12-31,2007,12,4047.6054087253624,11.007252094370164,64.2228098799053,16.0
Norcasia,2008-12-31,2008,12,4351.288980589416,11.894106124492799,59.35920581215308,16.0
Norcasia,2009-12-31,2009,12,3832.639060263195,10.503664827885892,66.18061482278925,16.0
Norcasia,2010-12-31,2010,12,3863.553449132694,10.563659283308823,73.16122155842031,16.0
Norcasia,2011-12-31,2011,12,4421.111968703522,12.134256443225466,81.33438782541377,16.0
Norcasia,2012-12-31,2012,12,3573.4954221082994,9.748339253854509,64.64589192440637,16.0
Norcasia,2013-12-31,2013,12,3876.9389584910873,10.628566248320281,64.50260575947007,16.0
Norcasia,2014-12-31,2014,12,3834.2458478957105,10.53426736400869,70.80374734175834,16.0
Norcasia,2015-12-31,2015,12,2867.0573158362668,7.847810722726397,45.37312014931128,16.0
Norcasia,2016-12-31,2016,12,3386.6363521246226,9.249050582242873,87.35179427297491,16.0
Norcasia,2017-12-31,2017,12,4077.634421288591,11.138764854177717,63.36178373637953,16.0
Norcasia,2018-12-31,2018,12,3897.096140369882,10.646181881163201,63.42771420729788,16.0
Norcasia,2019-12-31,2019,12,3559.8287592252855,9.78457537492467,66.79313927299098,16.0
Norcasia,2020-12-31,2020,12,3046.88909746599,8.32960756540774,47.94940589704013,16.0
Norcasia,2021-12-31,2021,12,3378.2874167772975,9.255244798616225,67.43409358175178,16.0
Norcasia,2022-12-31,2022,12,4768.562743342613,13.060611778718405,145.55799120852825,16.0
Norcasia,2023-12-31,2023,12,3574.3456814510578,9.763889088454846,66.40915311712969,16.0
Norcasia,2024-12-31,2024,12,3532.228522545285,9.64886264831409,86.79747557188337,16.0
Norcasia,2025-12-31,2025,12,4540.289179955425,12.529783243884706,102.89417949274969,16.0
Palestina,2005-12-31,2005,12,2614.9919866769224,7.163836688949497,60.64734981388881,11.0
Palestina,2006-12-31,2006,12,2504.0823060096855,6.847097003699549,54.82515464774493,11.0
Palestina,2007-12-31,2007,12,2467.370262821687,6.716895482940424,51.860637150961786,11.0
Palestina,2008-12-31,2008,12,3097.350137109387,8.463122824653178,54.97783572509372,11.0
Palestina,2009-12-31,2009,12,2324.543945935266,6.369038338709089,59.85240541655443,11.0
Palestina,2010-12-31,2010,12,2893.2611935513805,7.9195241444792375,70.08475635791648,11.0
Palestina,2011-12-31,2011,12,3038.1070818320436,8.348190777722035,63.6646087210754,11.0
Palestina,2012-12-31,2012,12,2131.61800423059,5.817145922237688,71.9067790549377,11.0
Palestina,2013-12-31,2013,12,2490.5809580917507,6.847786396667144,62.6768066800874,11.0
Palestina,2014-12-31,2014,12,2140.0851943205143,5.871148330977551,44.30378999175697,11.0
Palestina,2015-12-31,2015,12,2009.8909718828472,5.5049437570066075,57.74082144992106,11.0
Palestina,2016-12-31,2016,12,2063.6594758316364,5.644255736302987,41.5076398890594,11.0
Palestina,2017-12-31,2017,12,2551.0080698445954,6.965990178862353,71.26723237695366,11.0
Palestina,2018-12-31,2018,12,2498.60805780158,6.850303375944161,68.9174801275648,11.0
Palestina,2019-12-31,2019,12,2445.273611804535,6.708359634142902,80.40051139634231,11.0
Palestina,2020-12-31,2020,12,2191.8736221036847,5.982212818895706,47.62776839322058,11.0
Palestina,2021-12-31,2021,12,2385.2423300979467,6.545199786014923,82.39661666442608,11.0
Palestina,2022-12-31,2022,12,3122.793794154736,8.585521216448976,104.43478671435656,11.0
Palestina,2023-12-31,2023,12,2449.484880201519,6.682668287659486,57.22041298192124,11.0
Palestina,2024-12-31,2024,12,2532.9218920005796,6.925962800616593,59.98498069417889,11.0
Palestina,2025-12-31,2025,12,2876.941383323728,7.984298403036511,134.66945248636708,11.0
Pensilvania,2005-12-31,2005,12,3208.646249025795,8.776482507357665,95.15846668523427,31.0
Pensilvania,2006-12-31,2006,12,3093.286991199489,8.459840755946717,51.16435942529341,31.0
Pensilvania,2007-12-31,2007,12,3199.536819058033,8.704090619745047,79.29801931186131,31.0
Pensilvania,2008-12-31,2008,12,3592.3640478741822,9.81451876429862,71.10248887926231,31.0
Pensilvania,2009-12-31,2009,12,2857.40095233266,7.8345632142106325,63.06195898503604,31.0
Pensilvania,2010-12-31,2010,12,3532.2254227856292,9.662539810014314,66.01769508334274,31.0
Pensilvania,2011-12-31,2011,12,3555.1576142783347,9.752306651664922,62.04011390768663,31.0
Pensilvania,2012-12-31,2012,12,2744.0890253639395,7.489681379758307,55.0900052884282,31.0
Pensilvania,2013-12-31,2013,12,2686.25874411278,7.385382654249569,46.580112875698575,31.0
Pensilvania,2014-12-31,2014,12,2268.99891095982,6.222264187520332,44.97117340005262,31.0
Pensilvania,2015-12-31,2015,12,2091.7331052239765,5.737410950753525,36.31805846998122,31.0
Pensilvania,2016-12-31,2016,12,2635.8562098254943,7.191882876273657,50.664050353563226,31.0
Pensilvania,2017-12-31,2017,12,3312.7394222419903,9.048752896727711,53.7357238356387,31.0
Pensilvania,2018-12-31,2018,12,3300.549732197216,9.019088227918187,46.90903571963168,31.0
Pensilvania,2019-12-31,2019,12,2769.608700332616,7.617229791593558,64.70431572722471,31.0
Pensilvania,2020-12-31,2020,12,2587.291953507127,7.073681131231901,50.68891458063781,31.0
Pensilvania,2021-12-31,2021,12,2736.737356377394,7.507078125294979,70.30017726085677,31.0
Pensilvania,2022-12-31,2022,12,4299.768545100286,11.785611600785854,96.9583014519206,31.0
Pensilvania,2023-12-31,2023,12,2765.7388989214433,7.555822113426745,61.71396465645801,31.0
Pensilvania,2024-12-31,2024,12,2984.6932356442708,8.157392103072398,60.49961262139459,31.0
Pensilvania,2025-12-31,2025,12,3685.8527356896125,10.188955135182207,76.630419509649,31.0
Pácora,2005-12-31,2005,12,2235.5546777191407,6.108092366991865,47.860787902016895,18.0
Pácora,2006-12-31,2006,12,2346.671835599822,6.42368200597883,37.13745715490769,18.0
Pácora,2007-12-31,2007,12,2479.3197738709805,6.7489925463254155,72.19279449234082,18.0
Pácora,2008-12-31,2008,12,2969.4220615331833,8.106558070083205,55.274198113810606,18.0
Pácora,2009-12-31,2009,12,2062.2608019713502,5.65562406447845,81.01051203469417,18.0
Pácora,2010-12-31,2010,12,2823.2297862620703,7.72660020122126,63.79599134164543,18.0
Pácora,2011-12-31,2011,12,2728.182266260546,7.485616300842243,55.32425959800714,18.0
Pácora,2012-12-31,2012,12,2103.4323030067253,5.74284143833134,39.471537356747575,18.0
Pácora,2013-12-31,2013,12,2142.843712939402,5.876443243244523,46.46648421819344,18.0
Pácora,2014-12-31,2014,12,1754.4580115896306,4.806540727476413,34.91612076066652,18.0
Pácora,2015-12-31,2015,12,1681.983916055352,4.609140178338289,30.642368986993173,18.0
Pácora,2016-12-31,2016,12,1904.8012161420238,5.199874820996525,39.0762743873918,18.0
Pácora,2017-12-31,2017,12,2458.3692147225674,6.715437663205592,66.25006275302133,18.0
Pácora,2018-12-31,2018,12,2349.7425825321457,6.426349284687269,37.839657528778055,18.0
Pácora,2019-12-31,2019,12,2049.4534151496296,5.619588352565781,49.254320071362514,18.0
Pácora,2020-12-31,2020,12,2103.680853805623,5.749350069307355,49.30883239023911,18.0
Pácora,2021-12-31,2021,12,2062.536967493601,5.6492687573133535,37.383443061056376,18.0
Pácora,2022-12-31,2022,12,2923.8030987157726,8.0189751159273,94.82041035395643,18.0
Pácora,2023-12-31,2023,12,2076.4207102823393,5.6645122620676025,60.47278377600888,18.0
Pácora,2024-12-31,2024,12,2154.2454090269407,5.893602746394695,59.39465428828748,18.0
Pácora,2025-12-31,2025,12,2656.5079163892656,7.368525220658015,89.06493894832651,18.0
Riosucio,2005-12-31,2005,12,2405.5283673882186,6.576644246496552,57.02791464306288,24.0
Riosucio,2006-12-31,2006,12,2364.8923232026964,6.467893256134974,63.03483053695325,24.0
Riosucio,2007-12-31,2007,12,2492.1790962097857,6.784689110813939,72.73412626603353,24.0
Riosucio,2008-12-31,2008,12,2948.6012215546884,8.055176446554976,98.81767481786513,24.0
Riosucio,2009-12-31,2009,12,2140.5633358047266,5.8678231175870375,44.20972249973953,24.0
Riosucio,2010-12-31,2010,12,2844.930729766674,7.786173221927715,62.8939709426621,24.0
Riosucio,2011-12-31,2011,12,2700.05458470795,7.40525626306352,53.74697516805192,24.0
Riosucio,2012-12-31,2012,12,2124.591808832943,5.802882843319941,48.257571411012925,24.0
Riosucio,2013-12-31,2013,12,2265.8635676495314,6.215658945762677,48.22393699324709,24.0
Riosucio,2014-12-31,2014,12,1881.8627489132,5.160981104726734,38.38861777930796,24.0
Riosucio,2015-12-31,2015,12,1955.4446443943839,5.354178920119403,35.731170811943855,24.0
Riosucio,2016-12-31,2016,12,1919.4989518759612,5.240968416461785,39.330095996053466,24.0
Riosucio,2017-12-31,2017,12,2451.8916900538184,6.696601439746083,48.49550544743565,24.0
Riosucio,2018-12-31,2018,12,2308.6462425755617,6.30919892785024,48.16913400394672,24.0
Riosucio,2019-12-31,2019,12,2097.679642919547,5.750760096601574,52.06833665165641,24.0
Riosucio,2020-12-31,2020,12,2161.7781477251906,5.90042990628072,45.16352926118804,24.0
Riosucio,2021-12-31,2021,12,2166.296065136968,5.934374898482961,40.04548508472072,24.0
Riosucio,2022-12-31,2022,12,2790.718513861561,7.648857586514346,69.88871017122777,24.0
Riosucio,2023-12-31,2023,12,2060.7837123065005,5.622551184139831,54.667914367186654,24.0
Riosucio,2024-12-31,2024,12,2212.2787884837107,6.042118681276296,52.625496520852245,24.0
Riosucio,2025-12-31,2025,12,2583.742093287619,7.165628334835639,92.47155914810148,24.0
Risaralda,2005-12-31,2005,12,2458.4956127597443,6.731538291695621,57.94287715419646,9.0
Risaralda,2006-12-31,2006,12,2392.5576968258747,6.5399324363673905,52.085185086855326,9.0
Risaralda,2007-12-31,2007,12,2306.926649183035,6.278125975277994,48.75492598933558,9.0
Risaralda,2008-12-31,2008,12,2874.8107829122773,7.853900769531843,60.57090295258389,9.0
Risaralda,2009-12-31,2009,12,2151.0906610814154,5.891297927028661,50.80972846605445,9.0
Risaralda,2010-12-31,2010,12,2770.117508771599,7.574151954630988,74.83031172393471,9.0
Risaralda,2011-12-31,2011,12,2824.083690069055,7.745562507324724,64.36516746910671,9.0
Risaralda,2012-12-31,2012,12,1988.6438688831306,5.426932682367163,48.13548473645282,9.0
Risaralda,2013-12-31,2013,12,2296.132133645076,6.309021642063296,53.96994820461478,9.0
Risaralda,2014-12-31,2014,12,1938.3667718117597,5.318052798498773,32.68746883894808,9.0
Risaralda,2015-12-31,2015,12,1873.0895943660892,5.122630567210101,47.38369676630984,9.0
Risaralda,2016-12-31,2016,12,1848.5644687398149,5.0524772710310915,37.31612621327883,9.0
Risaralda,2017-12-31,2017,12,2308.2948752914067,6.303146598639329,68.08443424778599,9.0
Risaralda,2018-12-31,2018,12,2252.492226876399,6.164238852094152,52.28164781037199,9.0
Risaralda,2019-12-31,2019,12,2121.108576333651,5.81596406105911,58.15164803433163,9.0
Risaralda,2020-12-31,2020,12,2061.2650014259802,5.6237528528391865,49.12695046394102,9.0
Risaralda,2021-12-31,2021,12,2135.034854077524,5.8538617259698436,55.68308662599132,9.0
Risaralda,2022-12-31,2022,12,2781.3885728065525,7.639388853837843,87.59654370174614,9.0
Risaralda,2023-12-31,2023,12,2109.0653616928607,5.752228851231265,51.12476017141855,9.0
Risaralda,2024-12-31,2024,12,2264.5818326719886,6.186946725950668,53.76323099546536,9.0
Risaralda,2025-12-31,2025,12,2613.8373517819473,7.249584743488771,113.5995025019492,9.0
Salamina,2005-12-31,2005,12,2006.0998469754404,5.486204027016387,45.9407921329048,25.0
Salamina,2006-12-31,2006,12,2020.999235423603,5.529328575941908,35.894058563398275,25.0
Salamina,2007-12-31,2007,12,2120.196090032336,5.770346867046242,64.63031158328796,25.0
Salamina,2008-12-31,2008,12,2516.865893173736,6.871406340242622,57.0819828619868,25.0
Salamina,2009-12-31,2009,12,1783.0233645423227,4.890938802219692,61.16880871198192,25.0
Salamina,2010-12-31,2010,12,2430.1193818250795,6.65081060674084,52.595023245248726,25.0
Salamina,2011-12-31,2011,12,2370.9825880354974,6.507170154973732,64.73376886889059,25.0
Salamina,2012-12-31,2012,12,1747.4754504107168,4.76947163135456,36.014386726758495,25.0
Salamina,2013-12-31,2013,12,1889.6379594333976,5.184767091296095,45.63300115928886,25.0
Salamina,2014-12-31,2014,12,1606.047977077239,4.3970112506067505,38.082521613340205,25.0
Salamina,2015-12-31,2015,12,1596.2326083132568,4.378051847771324,29.87267459964159,25.0
Salamina,2016-12-31,2016,12,1770.5602879892224,4.834493922278943,32.30650937038919,25.0
Salamina,2017-12-31,2017,12,2287.644714916678,6.251243167586168,44.04992471185529,25.0
Salamina,2018-12-31,2018,12,2238.10245907379,6.125776243379213,39.24753971085045,25.0
Salamina,2019-12-31,2019,12,1979.2061132265542,5.432778585803258,41.6560353723372,25.0
Salamina,2020-12-31,2020,12,1922.4068963783166,5.251823222315842,46.08060996606482,25.0
Salamina,2021-12-31,2021,12,1919.181973234689,5.263366213312681,46.5179257375113,25.0
Salamina,2022-12-31,2022,12,2781.4194735872857,7.622475606882646,71.40534536468316,25.0
Salamina,2023-12-31,2023,12,1999.7765083402949,5.459393822932017,50.41679870771325,25.0
Salamina,2024-12-31,2024,12,2061.938610948328,5.638905617419119,55.44278340961622,25.0
Salamina,2025-12-31,2025,12,2467.8007238892883,6.839432632236252,81.03375183721506,25.0
Samaná,2005-12-31,2005,12,4064.9882416758287,11.112367301221019,83.04122841325999,39.0
Samaná,2006-12-31,2006,12,4111.786568993592,11.249322833819226,73.70967012332397,39.0
Samaná,2007-12-31,2007,12,4262.4794809273235,11.594995685586328,73.92791602595261,39.0
Samaná,2008-12-31,2008,12,4733.227923694273,12.939783762680925,75.82170208753318,39.0
Samaná,2009-12-31,2009,12,4069.8467884911834,11.162158853109062,60.576534629265645,39.0
Samaná,2010-12-31,2010,12,4222.990243512012,11.55284219212011,71.26695743189438,39.0
Samaná,2011-12-31,2011,12,4868.579962801418,13.361216796560482,74.74395404589713,39.0
Samaná,2012-12-31,2012,12,3955.9859350579527,10.795600168473483,69.90443533512264,39.0
Samaná,2013-12-31,2013,12,3754.1168220308027,10.325993580870476,63.323777870467794,39.0
Samaná,2014-12-31,2014,12,3301.5956199048946,9.070467398280181,53.44004249603043,39.0
Samaná,2015-12-31,2015,12,2638.1777448335374,7.23041054033796,49.212580359926754,39.0
Samaná,2016-12-31,2016,12,3253.7251806869112,8.883393604498577,68.28670874818725,39.0
Samaná,2017-12-31,2017,12,4019.890528861939,10.98104499332541,67.2904094564587,39.0
Samaná,2018-12-31,2018,12,4025.2365594646003,10.996258095195893,59.78335041762799,39.0
Samaná,2019-12-31,2019,12,3540.865727238275,9.745233011084593,60.44513881102391,39.0
Samaná,2020-12-31,2020,12,3040.5973964496366,8.313018593850156,61.03017978659125,39.0
Samaná,2021-12-31,2021,12,3366.767365873986,9.234504605733182,51.23543926509805,39.0
Samaná,2022-12-31,2022,12,5089.182889116232,13.950251961268874,135.45707487579142,39.0
Samaná,2023-12-31,2023,12,3466.8028518628444,9.469277323636767,72.63617793412291,39.0
Samaná,2024-12-31,2024,12,3657.5161478529585,9.990457510449927,64.61309488413731,39.0
Samaná,2025-12-31,2025,12,4673.146439143051,12.92146594409783,90.74731211414672,39.0
San José,2005-12-31,2005,12,2461.2054222040997,6.740089314050109,52.48523354386996,7.0
San José,2006-12-31,2006,12,2440.953781514464,6.673645826305967,50.05792976333525,7.0
San José,2007-12-31,2007,12,2352.335728307525,6.402047326412223,47.77567528244966,7.0
San José,2008-12-31,2008,12,2796.270843713221,7.636598670782315,62.188003463592224,7.0
San José,2009-12-31,2009,12,2167.60365529218,5.938688130011226,57.82158348221101,7.0
San José,2010-12-31,2010,12,2813.9983286891047,7.6951103613045815,73.50023894223995,7.0
San José,2011-12-31,2011,12,2885.325383758736,7.910599982024777,73.00809934382926,7.0
San José,2012-12-31,2012,12,2006.4587787516368,5.478272860586091,58.05057198442294,7.0
San José,2013-12-31,2013,12,2247.6278690771014,6.173562641969499,44.23153146808753,7.0
San José,2014-12-31,2014,12,1927.8814754364246,5.2923567385776975,32.898188038675,7.0
San José,2015-12-31,2015,12,1852.4960403948842,5.0640736124392935,59.467738638898894,7.0
San José,2016-12-31,2016,12,1843.7516992402695,5.038791628987443,44.700409294847006,7.0
San José,2017-12-31,2017,12,2247.8379511761523,6.135989916876302,56.70549017346215,7.0
San José,2018-12-31,2018,12,2107.441180276667,5.7658195957994325,46.92976799852145,7.0
San José,2019-12-31,2019,12,2052.376491087472,5.625763265895023,53.94910605971464,7.0
San José,2020-12-31,2020,12,1995.0839765359738,5.444368898920046,51.68997143456835,7.0
San José,2021-12-31,2021,12,2072.0296508037973,5.680595521562666,45.91844800287832,7.0
San José,2022-12-31,2022,12,2643.020370981975,7.266046474134445,99.78898544923096,7.0
San José,2023-12-31,2023,12,1977.4022537811484,5.393558092954624,44.671044084017645,7.0
San José,2024-12-31,2024,12,2173.6601103016274,5.939656276746604,63.52819188945519,7.0
San José,2025-12-31,2025,12,2539.9289793597313,7.0396703030427545,114.23487883053706,7.0
Supia,2005-12-31,2005,12,2345.7435216436293,6.410816296668311,57.50249067438711,12.0
Supia,2006-12-31,2006,12,2318.2042699044887,6.342449148411653,54.63705139537849,12.0
Supia,2007-12-31,2007,12,2470.1358807157762,6.722356604767835,98.61507934721392,12.0
Supia,2008-12-31,2008,12,3029.9846863838707,8.274895189677204,94.35080960717534,12.0
Supia,2009-12-31,2009,12,2064.1778951551655,5.658936133809678,57.62842226689405,12.0
Supia,2010-12-31,2010,12,2828.5805185070135,7.73888046011729,68.17679018454976,12.0
Supia,2011-12-31,2011,12,2726.067927822028,7.4786171272873645,52.29258672506501,12.0
Supia,2012-12-31,2012,12,2119.5265868192855,5.788635990875744,37.8886900949006,12.0
Supia,2013-12-31,2013,12,2266.7960323717334,6.217511456061097,55.04330712120133,12.0
Supia,2014-12-31,2014,12,1825.9915309026692,5.003733625849107,44.01502461197353,12.0
Supia,2015-12-31,2015,12,1848.4809625295131,5.063972571705551,36.53486501297149,12.0
Supia,2016-12-31,2016,12,1892.804995507179,5.165974088477312,54.05588301668072,12.0
Supia,2017-12-31,2017,12,2471.0295853339803,6.749112393704968,53.17288599675245,12.0
Supia,2018-12-31,2018,12,2372.479207944162,6.485240117926776,43.01604954747871,12.0
Supia,2019-12-31,2019,12,2091.2968181410643,5.732054319461413,46.73469808597376,12.0
Supia,2020-12-31,2020,12,2134.729890239239,5.828248207147193,49.55478759614549,12.0
Supia,2021-12-31,2021,12,2147.439035164012,5.880194676864979,41.11012619131862,12.0
Supia,2022-12-31,2022,12,2866.7116260695134,7.860227794267819,78.38070303284296,12.0
Supia,2023-12-31,2023,12,2097.255167022436,5.720473266550351,63.78401753265079,12.0
Supia,2024-12-31,2024,12,2250.3438088597286,6.148639730323953,52.645528627150135,12.0
Supia,2025-12-31,2025,12,2628.839664741021,7.295661059283318,99.7931419523636,12.0
Victoria,2005-12-31,2005,12,3592.631748127655,9.80633476127041,79.05693953465853,30.0
Victoria,2006-12-31,2006,12,3628.3112083842093,9.921875040924583,88.26007450625254,30.0
Victoria,2007-12-31,2007,12,3775.8712286232108,10.268550546467914,79.86628500011432,30.0
Victoria,2008-12-31,2008,12,4219.800398950582,11.535300815816818,77.32026993142776,30.0
Victoria,2009-12-31,2009,12,3487.445177717897,9.543933606971576,77.40236403729098,30.0
Victoria,2010-12-31,2010,12,3578.0255617920884,9.783265861772673,84.5035578478268,30.0
Victoria,2011-12-31,2011,12,4189.049961228058,11.499413482923481,78.20142514872474,30.0
Victoria,2012-12-31,2012,12,3256.853899860228,8.88146667063356,66.95899396717742,30.0
Victoria,2013-12-31,2013,12,3197.9481686443764,8.776994069112893,60.458526716447885,30.0
Victoria,2014-12-31,2014,12,3117.186738811345,8.551758960436734,76.91218845133376,30.0
Victoria,2015-12-31,2015,12,2570.868711158354,7.043332258472181,51.036986467835725,30.0
Victoria,2016-12-31,2016,12,3060.609693700659,8.358653796480981,73.25355127784229,30.0
Victoria,2017-12-31,2017,12,3753.7682436746854,10.249792042434358,56.60747191528716,30.0
Victoria,2018-12-31,2018,12,3692.265620493234,10.085129463181344,56.240676478292514,30.0
Victoria,2019-12-31,2019,12,3145.1527686337417,8.658567530242598,59.70314856160703,30.0
Victoria,2020-12-31,2020,12,2720.785166427558,7.443355901977573,61.47090113858489,30.0
Victoria,2021-12-31,2021,12,3073.10622161664,8.421166597142744,50.37985712960924,30.0
Victoria,2022-12-31,2022,12,4617.428746796574,12.664184257735606,195.6159913587622,30.0
Victoria,2023-12-31,2023,12,3347.2115727550636,9.140247307650116,75.67471714984742,30.0
Victoria,2024-12-31,2024,12,3363.9160873378705,9.193622851107673,66.53834648584011,30.0
Victoria,2025-12-31,2025,12,4142.160377496445,11.427699839591808,85.97355691070064,30.0
Villamaria,2005-12-31,2005,12,2107.793447340574,5.771278435794108,77.52014210506616,25.0
Villamaria,2006-12-31,2006,12,2035.5999731242166,5.568314543687695,38.80134911667344,25.0
Villamaria,2007-12-31,2007,12,2080.4217736331784,5.665211436405624,47.90953090252182,25.0
Villamaria,2008-12-31,2008,12,2413.819206352895,6.5925822049041995,61.57623916047654,25.0
Villamaria,2009-12-31,2009,12,1887.3441156125846,5.174170563509128,42.7315133097568,25.0
Villamaria,2010-12-31,2010,12,2301.272404149771,6.30172737914145,66.74760598881062,25.0
Villamaria,2011-12-31,2011,12,2486.5889766087366,6.83840676260591,63.02455156348032,25.0
Villamaria,2012-12-31,2012,12,1703.142908473499,4.645176625109472,47.578451851714114,25.0
Villamaria,2013-12-31,2013,12,1965.5341548669126,5.397749392014872,46.33918947128348,25.0
Villamaria,2014-12-31,2014,12,1777.9639927370933,4.875263611496746,52.61631773385766,25.0
Villamaria,2015-12-31,2015,12,1732.2901467454233,4.755812583320554,61.80156222560061,25.0
Villamaria,2016-12-31,2016,12,1820.4141344425059,4.981987421902798,36.361581765464784,25.0
Villamaria,2017-12-31,2017,12,2225.046774515479,6.076672959722237,78.86177394006539,25.0
Villamaria,2018-12-31,2018,12,2133.6875125274332,5.864073468361858,58.55381017321464,25.0
Villamaria,2019-12-31,2019,12,2025.7800427289862,5.561832218056093,52.44853179713253,25.0
Villamaria,2020-12-31,2020,12,1794.789397625045,4.900110282293065,39.302348297911806,25.0
Villamaria,2021-12-31,2021,12,2173.684152181857,5.971393364971199,68.19838015457505,25.0
Villamaria,2022-12-31,2022,12,2793.515947867988,7.672452128525021,76.80882178760793,25.0
Villamaria,2023-12-31,2023,12,2348.1002844248846,6.41404745939547,48.61917171736089,25.0
Villamaria,2024-12-31,2024,12,2088.704415807732,5.716981531394584,52.71815848432672,25.0
Villamaria,2025-12-31,2025,12,2364.645313971947,6.541828530805193,84.26857604697372,25.0
Viterbo,2005-12-31,2005,12,2475.35789850009,6.776742932596527,60.14689030581402,11.0
Viterbo,2006-12-31,2006,12,2534.61882972768,6.931309965021392,60.70829644035964,11.0
Viterbo,2007-12-31,2007,12,2461.92041877099,6.701438517993658,60.01782823293039,11.0
Viterbo,2008-12-31,2008,12,2806.8577614491855,7.666474690555533,113.16964795460233,11.0
Viterbo,2009-12-31,2009,12,2212.0267481883707,6.062464237178234,49.52764943656962,11.0
Viterbo,2010-12-31,2010,12,2903.6941271182964,7.941460362361014,71.21472292017354,11.0
Viterbo,2011-12-31,2011,12,2980.3601074094604,8.168695557447721,82.48461651776728,11.0
Viterbo,2012-12-31,2012,12,2099.2966062916203,5.733230136073286,57.591659789131,11.0
Viterbo,2013-12-31,2013,12,2423.8538902079517,6.654072403226334,44.37046635188914,11.0
Viterbo,2014-12-31,2014,12,2095.864159015743,5.75624793522734,43.86151971523111,11.0
Viterbo,2015-12-31,2015,12,2076.321068930575,5.673606787096177,61.08261573783397,11.0
Viterbo,2016-12-31,2016,12,2075.10174561307,5.670917836844704,54.67746180859687,11.0
Viterbo,2017-12-31,2017,12,2486.017758933568,6.786633862034717,65.24469569182929,11.0
Viterbo,2018-12-31,2018,12,2247.634678009086,6.148172065021146,52.21224832484117,11.0
Viterbo,2019-12-31,2019,12,2206.507365071305,6.046659048051473,50.19260036375267,11.0
Viterbo,2020-12-31,2020,12,2152.464418949534,5.873722203422241,47.11603946665522,11.0
Viterbo,2021-12-31,2021,12,2269.91518033805,6.225452919884391,53.71293903233268,11.0
Viterbo,2022-12-31,2022,12,2776.633112719538,7.632551415276449,71.27360493318433,11.0
Viterbo,2023-12-31,2023,12,2069.064790526308,5.6447987630462615,64.5812006229802,11.0
Viterbo,2024-12-31,2024,12,2278.067164637774,6.22469385105423,68.72204111081,11.0
Viterbo,2025-12-31,2025,12,2737.1417952963448,7.580014293005653,98.35939506668596,11.0
