municipio,date,anio,mes,temp_mean,temp_min,temp_max,n_pixeles
Aguadas,2005-12-31,2005,12,17.46380633224068,10.194099918438788,26.278290248519884,11.0
Aguadas,2006-12-31,2006,12,17.30531800943309,10.457882662658411,27.34531717175061,11.0
Aguadas,2007-12-31,2007,12,17.091233466050323,10.312652948917613,27.03056262009549,11.0
Aguadas,2008-12-31,2008,12,16.696953062026036,10.095355820149605,25.34259840730953,11.0
Aguadas,2009-12-31,2009,12,17.257226344656505,10.502290552523093,27.55335664353793,11.0
Aguadas,2010-12-31,2010,12,17.45495096593105,10.582733407324346,27.844509412497462,11.0
Aguadas,2011-12-31,2011,12,16.84870423157081,9.94458421913512,25.80969356155013,11.0
Aguadas,2012-12-31,2012,12,17.251934042992733,9.952210126824786,27.153049363308927,11.0
Aguadas,2013-12-31,2013,12,17.392708780649457,9.829632586873606,26.79131718125457,11.0
Aguadas,2014-12-31,2014,12,17.69647773925053,10.610505899982844,28.033494714441904,11.0
Aguadas,2015-12-31,2015,12,18.17113151391713,10.751506707448955,28.487859410053588,11.0
Aguadas,2016-12-31,2016,12,18.217192832083786,10.568436508255878,28.66390707943634,11.0
Aguadas,2017-12-31,2017,12,17.726856705946812,10.267674003886528,26.898385697259737,11.0
Aguadas,2018-12-31,2018,12,17.820151755120417,9.979448145296532,27.333345888020208,11.0
Aguadas,2019-12-31,2019,12,18.273733563618936,10.252052429014102,28.83239556940312,11.0
Aguadas,2020-12-31,2020,12,17.98438438997663,10.663451660896843,28.10645045636279,11.0
Aguadas,2021-12-31,2021,12,17.390471995909675,9.928571007152929,26.683265298779776,11.0
Aguadas,2022-12-31,2022,12,16.979320084999674,9.580581100355891,25.85493955853256,11.0
Aguadas,2023-12-31,2023,12,17.92378288372621,10.576692068564787,27.53515807673474,11.0
Aguadas,2024-12-31,2024,12,18.47157384423997,10.992494394516468,29.10153803656632,11.0
Aguadas,2025-12-31,2025,12,17.459563431993413,10.429267048618817,26.255791063761965,11.0
Anserma,2005-12-31,2005,12,18.143801382660744,12.10925481399436,26.00295819788173,6.0
Anserma,2006-12-31,2006,12,17.979776694981314,11.653419655068095,26.774860431577288,6.0
Anserma,2007-12-31,2007,12,17.881403092957104,11.11213821308727,26.02490091686549,6.0
Anserma,2008-12-31,2008,12,17.593084303102103,11.205614032788054,26.63842593199457,6.0
Anserma,2009-12-31,2009,12,18.04221675165706,12.029505384475083,25.677681436901416,6.0
Anserma,2010-12-31,2010,12,18.27245553769538,12.327737119533891,27.180221871668348,6.0
Anserma,2011-12-31,2011,12,17.773590362271513,11.205283664643654,25.51972296456632,6.0
Anserma,2012-12-31,2012,12,17.845038786424475,11.196826677087726,25.55220943852028,6.0
Anserma,2013-12-31,2013,12,18.053696437634663,11.781654757301304,26.57242194054113,6.0
Anserma,2014-12-31,2014,12,18.10909781978221,11.410075047298855,26.922871095115465,6.0
Anserma,2015-12-31,2015,12,18.40490902679271,11.506259489806196,26.49764240444109,6.0
Anserma,2016-12-31,2016,12,18.608288912956684,11.2958362144112,27.022969775445265,6.0
Anserma,2017-12-31,2017,12,18.340347419821843,11.8640724950189,26.03362276559444,6.0
Anserma,2018-12-31,2018,12,18.24218502244015,11.081114978491616,26.315728008773792,6.0
Anserma,2019-12-31,2019,12,18.572054084868878,10.937905201069215,26.947069896040905,6.0
Anserma,2020-12-31,2020,12,18.40593869809597,10.90243445616176,26.87421750744986,6.0
Anserma,2021-12-31,2021,12,17.994300058563393,11.506027672274824,26.61848877089672,6.0
Anserma,2022-12-31,2022,12,17.83040494578021,11.52848420623167,27.07287058990276,6.0
Anserma,2023-12-31,2023,12,18.555927819476796,11.75176063896028,27.639464758546588,6.0
Anserma,2024-12-31,2024,12,18.97984119404776,12.020367042490324,27.460887190372908,6.0
Anserma,2025-12-31,2025,12,18.339235251705613,12.126586545393796,26.979020195946088,6.0
Aranzazu,2005-12-31,2005,12,15.322162793408395,8.51317015056371,23.86582606834704,5.0
Aranzazu,2006-12-31,2006,12,15.118087850029134,8.540397817877297,23.78888932240162,5.0
Aranzazu,2007-12-31,2007,12,14.965246127013799,7.455178253560148,24.19959088096138,5.0
Aranzazu,2008-12-31,2008,12,14.714009128744415,8.195966966846342,22.781934018678324,5.0
Aranzazu,2009-12-31,2009,12,15.146847901370414,8.465232829806192,24.10632950022253,5.0
Aranzazu,2010-12-31,2010,12,15.425690765265715,8.44327601179294,25.10154577327682,5.0
Aranzazu,2011-12-31,2011,12,14.874261081373604,8.020733439771456,23.351028326493296,5.0
Aranzazu,2012-12-31,2012,12,14.965472636438733,8.16156679950185,23.618007109436824,5.0
Aranzazu,2013-12-31,2013,12,15.193994693756524,8.541081179848224,24.448625859127784,5.0
Aranzazu,2014-12-31,2014,12,15.27623372905026,7.966056804415568,24.16452092037927,5.0
Aranzazu,2015-12-31,2015,12,15.599940832171692,8.216715829583684,24.71833847625348,5.0
Aranzazu,2016-12-31,2016,12,15.847755452591427,8.414597986921502,25.582582575158245,5.0
Aranzazu,2017-12-31,2017,12,15.47048722248154,7.586376605456411,24.15447276634508,5.0
Aranzazu,2018-12-31,2018,12,15.392002243167163,8.26620708417291,24.45790928707849,5.0
Aranzazu,2019-12-31,2019,12,15.753691243868765,8.096415729764162,24.82076338755936,5.0
Aranzazu,2020-12-31,2020,12,15.464612434672516,7.268372431887878,25.92948554316656,5.0
Aranzazu,2021-12-31,2021,12,14.962701242214564,8.128035996835465,24.23980358461792,5.0
Aranzazu,2022-12-31,2022,12,14.641698984910454,8.236579103107715,23.14173056686983,5.0
Aranzazu,2023-12-31,2023,12,15.256355579859376,7.464301464225694,24.62851017819177,5.0
Aranzazu,2024-12-31,2024,12,15.843193309902292,8.113956190664577,25.02347953892963,5.0
Aranzazu,2025-12-31,2025,12,15.079821493020674,7.936898996860188,23.78000928661493,5.0
Belalcázar,2005-12-31,2005,12,18.085086025837054,12.654941421900062,30.25395948621964,6.0
Belalcázar,2006-12-31,2006,12,17.954468329264586,12.709734038002493,28.65139766595305,6.0
Belalcázar,2007-12-31,2007,12,17.887070144127932,11.306246661324808,28.48824958475229,6.0
Belalcázar,2008-12-31,2008,12,17.56382749598099,11.911085627629229,30.868433399689525,6.0
Belalcázar,2009-12-31,2009,12,18.053013642214918,12.82228195320849,30.913929957202377,6.0
Belalcázar,2010-12-31,2010,12,18.219687869958868,12.97816098205047,30.338056541508102,6.0
Belalcázar,2011-12-31,2011,12,17.726316984287852,11.620767342331083,29.96141087458686,6.0
Belalcázar,2012-12-31,2012,12,17.81642374843595,12.24935237525877,29.186399567432915,6.0
Belalcázar,2013-12-31,2013,12,18.042995689183684,12.581238862388178,29.012977887015083,6.0
Belalcázar,2014-12-31,2014,12,18.126279309936518,12.825597153362072,27.858508796365875,6.0
Belalcázar,2015-12-31,2015,12,18.386696184588562,13.00711622971757,30.077182372003563,6.0
Belalcázar,2016-12-31,2016,12,18.560090166601835,11.893902796557848,28.98365942800149,6.0
Belalcázar,2017-12-31,2017,12,18.283200156856335,12.67161040998934,32.7235778026092,6.0
Belalcázar,2018-12-31,2018,12,18.20277362920886,11.912399709326614,28.473314555893616,6.0
Belalcázar,2019-12-31,2019,12,18.539980215433697,12.521938643496282,30.6274855132796,6.0
Belalcázar,2020-12-31,2020,12,18.011213092374337,12.587629425831354,28.69217091095756,6.0
Belalcázar,2021-12-31,2021,12,17.70439886709912,12.261902664054176,27.13525647546493,6.0
Belalcázar,2022-12-31,2022,12,17.566028413647146,12.356296663202814,29.68482204339445,6.0
Belalcázar,2023-12-31,2023,12,18.37768720226724,12.375625766851986,31.440793968265915,6.0
Belalcázar,2024-12-31,2024,12,18.7585648998817,13.417678598257234,29.69900821783606,6.0
Belalcázar,2025-12-31,2025,12,18.196715984305683,13.016348188351383,29.036113667284347,6.0
Chinchiná,2005-12-31,2005,12,17.299958488271756,11.665345171924072,28.98483982870025,5.0
Chinchiná,2006-12-31,2006,12,17.09149520751622,10.972900766869136,29.851223977842302,5.0
Chinchiná,2007-12-31,2007,12,17.040640963977648,10.057548515981756,27.141380790814985,5.0
Chinchiná,2008-12-31,2008,12,16.801802549317994,10.159554984036124,27.798521095868136,5.0
Chinchiná,2009-12-31,2009,12,17.200419948779352,11.679135842519283,30.53093621240905,5.0
Chinchiná,2010-12-31,2010,12,17.44102143107233,11.343127274186664,29.01156207916401,5.0
Chinchiná,2011-12-31,2011,12,17.01974067441634,10.607417443680456,27.064820757304176,5.0
Chinchiná,2012-12-31,2012,12,16.94626102369803,10.558063761393251,27.61642988370436,5.0
Chinchiná,2013-12-31,2013,12,17.188921780573054,11.536067694398389,29.886665615970163,5.0
Chinchiná,2014-12-31,2014,12,17.21915593675029,10.97520136027578,29.96753204206356,5.0
Chinchiná,2015-12-31,2015,12,17.479758947380535,11.220298272398532,28.23006842626286,5.0
Chinchiná,2016-12-31,2016,12,17.734297371662986,11.19165236939036,29.4318255002096,5.0
Chinchiná,2017-12-31,2017,12,17.4199203025966,10.706493736510977,28.96643891356309,5.0
Chinchiná,2018-12-31,2018,12,17.346511673848692,10.844075409353616,28.8261106586892,5.0
Chinchiná,2019-12-31,2019,12,17.61782375033034,10.820196170894,33.04546397309326,5.0
Chinchiná,2020-12-31,2020,12,17.39535831468199,10.421011617303462,26.54593149124217,5.0
Chinchiná,2021-12-31,2021,12,17.082002081627277,11.06105127900705,26.93921319273511,5.0
Chinchiná,2022-12-31,2022,12,16.97818322180418,11.5845787292202,26.88619621660069,5.0
Chinchiná,2023-12-31,2023,12,17.724977211580512,11.091345827982328,28.62650200830749,5.0
Chinchiná,2024-12-31,2024,12,18.089491110936326,11.792081120460566,27.35766750666651,5.0
Chinchiná,2025-12-31,2025,12,17.567846688655916,11.27899214513772,30.06862158927745,5.0
Filadelfia,2005-12-31,2005,12,19.46523529220754,11.87476336193327,28.711657169063407,6.0
Filadelfia,2006-12-31,2006,12,19.235946492573476,11.46618852975689,28.05734976280849,6.0
Filadelfia,2007-12-31,2007,12,19.112462943300496,11.242424499358002,28.39495481399807,6.0
Filadelfia,2008-12-31,2008,12,18.876780630612846,11.335206776962494,27.09875888776421,6.0
Filadelfia,2009-12-31,2009,12,19.23473944509523,11.867409932403202,28.09030594141119,6.0
Filadelfia,2010-12-31,2010,12,19.576281184728774,11.760791238549396,29.68010183954121,6.0
Filadelfia,2011-12-31,2011,12,19.06057243439675,10.989052960374217,27.45291691931432,6.0
Filadelfia,2012-12-31,2012,12,19.102568521813044,11.230035438825883,27.514797035813057,6.0
Filadelfia,2013-12-31,2013,12,19.30962289751639,11.50079381063545,28.865478023653992,6.0
Filadelfia,2014-12-31,2014,12,19.39737930980743,11.086825323224994,28.642587318708696,6.0
Filadelfia,2015-12-31,2015,12,19.72972779769776,11.611609363315711,29.02933620193445,6.0
Filadelfia,2016-12-31,2016,12,19.961937359813827,11.138412252661588,29.751470501416904,6.0
Filadelfia,2017-12-31,2017,12,19.710354402798924,11.42452934514968,28.61341935549337,6.0
Filadelfia,2018-12-31,2018,12,19.631123423393372,11.231066118139488,28.65195694546257,6.0
Filadelfia,2019-12-31,2019,12,19.952364353974748,11.220862754226054,29.56162645162205,6.0
Filadelfia,2020-12-31,2020,12,19.788900353737443,10.781081392302642,30.0469030269748,6.0
Filadelfia,2021-12-31,2021,12,19.263867292207824,11.268894885469168,28.60347650561587,6.0
Filadelfia,2022-12-31,2022,12,18.969360912163584,11.705987241346252,27.656023009177744,6.0
Filadelfia,2023-12-31,2023,12,19.5465348430179,11.609404871866168,29.04454494831847,6.0
Filadelfia,2024-12-31,2024,12,20.09108941253696,11.60480163727962,29.74050346778084,6.0
Filadelfia,2025-12-31,2025,12,19.336819234072426,11.73468621780052,28.158143827116483,6.0
La Dorada,2005-12-31,2005,12,26.561996112301795,19.237691664238067,36.416609687206034,14.0
La Dorada,2006-12-31,2006,12,26.134748158039447,18.61953511129917,35.94849119602492,14.0
La Dorada,2007-12-31,2007,12,26.519211669308785,19.34912694694695,37.76775848228897,14.0
La Dorada,2008-12-31,2008,12,25.513965578375817,18.545778585437315,34.7429750931825,14.0
La Dorada,2009-12-31,2009,12,26.521508730587076,19.029266338781152,36.35081055326615,14.0
La Dorada,2010-12-31,2010,12,26.22357207595789,18.692159198008728,37.975260997193054,14.0
La Dorada,2011-12-31,2011,12,25.384737383431702,19.194287399638203,34.710753803353064,14.0
La Dorada,2012-12-31,2012,12,26.427737105868733,19.632777689722435,36.52484591019717,14.0
La Dorada,2013-12-31,2013,12,26.74070423907818,19.48395587062339,36.23135519244079,14.0
La Dorada,2014-12-31,2014,12,27.00161371389201,19.5112835363152,37.04937200363189,14.0
La Dorada,2015-12-31,2015,12,27.779445077452383,19.2593893693588,37.6352893183577,14.0
La Dorada,2016-12-31,2016,12,27.89620310878354,19.68557869210504,38.9791516688482,14.0
La Dorada,2017-12-31,2017,12,27.23066984251734,18.421787622794664,37.24835876944181,14.0
La Dorada,2018-12-31,2018,12,27.422318193116155,19.42023615279541,38.02926676485555,14.0
La Dorada,2019-12-31,2019,12,27.9700784848945,19.77057736381813,38.22676541260195,14.0
La Dorada,2020-12-31,2020,12,27.94045216485965,19.76533896561071,38.7763001287171,14.0
La Dorada,2021-12-31,2021,12,27.176854785827004,19.84725879715794,37.46676968080214,14.0
La Dorada,2022-12-31,2022,12,26.793887101094665,19.16455626163185,36.60508559727963,14.0
La Dorada,2023-12-31,2023,12,27.77523780128436,19.71044892049795,38.45220832225543,14.0
La Dorada,2024-12-31,2024,12,28.157163161469487,20.677970561348776,39.67286358046076,14.0
La Dorada,2025-12-31,2025,12,26.55345369124153,20.1516436645082,36.172833768568346,14.0
La Merced,2005-12-31,2005,12,19.074817976741535,11.329339852517505,28.0916354016046,4.0
La Merced,2006-12-31,2006,12,18.864220040010355,11.5169071260737,27.8567337626252,4.0
La Merced,2007-12-31,2007,12,18.715554770092133,11.14269130980773,28.39596394069947,4.0
La Merced,2008-12-31,2008,12,18.397150397330257,11.095183280818391,26.544535650601063,4.0
La Merced,2009-12-31,2009,12,18.83242446498404,11.604026887166588,28.448356805453663,4.0
La Merced,2010-12-31,2010,12,19.16194916370436,11.539411395162531,29.43928136667496,4.0
La Merced,2011-12-31,2011,12,18.560043356642215,10.416859967142202,27.01565421931653,4.0
La Merced,2012-12-31,2012,12,18.760628890244362,10.71332913393476,27.59353305542669,4.0
La Merced,2013-12-31,2013,12,18.96038722666361,11.443594967331038,28.49431265309373,4.0
La Merced,2014-12-31,2014,12,19.11742891542485,11.029823058744842,28.381735836471663,4.0
La Merced,2015-12-31,2015,12,19.556179398978884,11.510685165152386,29.04711826387692,4.0
La Merced,2016-12-31,2016,12,19.68316687642892,10.934755407512538,29.908782588052507,4.0
La Merced,2017-12-31,2017,12,19.345637997408385,11.027984922630376,28.39433968054,4.0
La Merced,2018-12-31,2018,12,19.32004741688345,10.50059252997132,28.758941869577672,4.0
La Merced,2019-12-31,2019,12,19.70577566739844,11.20698400676582,29.678479492861943,4.0
La Merced,2020-12-31,2020,12,19.36373437406914,11.33201469294935,30.17729057185559,4.0
La Merced,2021-12-31,2021,12,18.739132315149032,10.71717940694063,28.590275599021304,4.0
La Merced,2022-12-31,2022,12,18.35406587563914,10.511960159217477,27.407359811350805,4.0
La Merced,2023-12-31,2023,12,19.02607755851835,11.25581171025231,28.83998062386699,4.0
La Merced,2024-12-31,2024,12,19.58390458787105,11.58686504890908,29.04361287322494,4.0
La Merced,2025-12-31,2025,12,18.688129312459164,11.225946719343511,28.22448229710702,4.0
Manizales,2005-12-31,2005,12,15.503709762276236,9.145280981845566,26.76267500080049,10.0
Manizales,2006-12-31,2006,12,15.252385710583669,8.368733573871907,27.0373664897648,10.0
Manizales,2007-12-31,2007,12,15.170600073113349,7.802401383196745,27.041977262236408,10.0
Manizales,2008-12-31,2008,12,14.964476473768533,8.154420729673648,26.03323085764069,10.0
Manizales,2009-12-31,2009,12,15.342991631358549,9.153983978104748,26.073530286778546,10.0
Manizales,2010-12-31,2010,12,15.624968754042861,8.474117091444695,28.08716759186627,10.0
Manizales,2011-12-31,2011,12,15.139695970343077,8.570596213418954,25.49690445029673,10.0
Manizales,2012-12-31,2012,12,15.115768216573038,8.035473399344713,25.79376962797241,10.0
Manizales,2013-12-31,2013,12,15.363452099836763,8.883736165364606,25.859399314004897,10.0
Manizales,2014-12-31,2014,12,15.379873691493254,8.113060756329002,26.02774933361619,10.0
Manizales,2015-12-31,2015,12,15.67565976088378,8.419005580547752,26.60161071110296,10.0
Manizales,2016-12-31,2016,12,15.972175106579023,9.145948616403071,26.67721896145516,10.0
Manizales,2017-12-31,2017,12,15.613160608189766,7.699895656564871,26.169712821251736,10.0
Manizales,2018-12-31,2018,12,15.516222792817379,8.64104432486448,26.654145204304378,10.0
Manizales,2019-12-31,2019,12,15.794712204026686,8.191244023224067,27.41138190597787,10.0
Manizales,2020-12-31,2020,12,16.05813799490187,7.567277184991912,26.44805956564317,10.0
Manizales,2021-12-31,2021,12,15.646258292413355,9.197737229977824,27.80016567876433,10.0
Manizales,2022-12-31,2022,12,15.409346604509727,8.921986814405122,27.1990517037814,10.0
Manizales,2023-12-31,2023,12,16.02334112221146,8.420113885598129,28.393383922472697,10.0
Manizales,2024-12-31,2024,12,16.510957465096745,9.314234015459595,27.066242188834128,10.0
Manizales,2025-12-31,2025,12,15.892788746089265,8.330997971498272,27.76972080918612,10.0
Manzanares,2005-12-31,2005,12,17.00478229681013,9.82236033446668,24.90253747288662,4.0
Manzanares,2006-12-31,2006,12,16.9120657569629,9.508691068832084,25.19967580884332,4.0
Manzanares,2007-12-31,2007,12,16.868106530642027,8.364842790233439,24.810541633774687,4.0
Manzanares,2008-12-31,2008,12,16.369286989063003,9.43923943446956,23.69044251687992,4.0
Manzanares,2009-12-31,2009,12,16.984343125564603,10.602904531118057,25.321942836002307,4.0
Manzanares,2010-12-31,2010,12,17.159745146647754,9.954092309750292,26.13553805714453,4.0
Manzanares,2011-12-31,2011,12,16.471434266998198,10.08204377945286,24.322644777790067,4.0
Manzanares,2012-12-31,2012,12,16.836369283897984,10.738005399586845,24.6467114647718,4.0
Manzanares,2013-12-31,2013,12,17.0393647188579,10.244502494493362,25.596226655177485,4.0
Manzanares,2014-12-31,2014,12,17.17613107643179,9.336535412087803,25.564627052700807,4.0
Manzanares,2015-12-31,2015,12,17.55437025879229,10.770257980759103,26.295806142446185,4.0
Manzanares,2016-12-31,2016,12,17.695758534117207,8.399842365836653,26.688416097205184,4.0
Manzanares,2017-12-31,2017,12,17.437603436712653,10.39856467657068,25.975080830342087,4.0
Manzanares,2018-12-31,2018,12,17.21877981406922,9.75876507583358,25.58013073220595,4.0
Manzanares,2019-12-31,2019,12,17.790098292974445,10.336743374011466,26.41588527670073,4.0
Manzanares,2020-12-31,2020,12,17.635354623457783,10.811444039309665,26.42742811948137,4.0
Manzanares,2021-12-31,2021,12,17.097603396069314,10.807397198501349,25.188098249505742,4.0
Manzanares,2022-12-31,2022,12,16.678915745907926,9.506712150105118,25.126073521419613,4.0
Manzanares,2023-12-31,2023,12,17.23214758960845,10.237828330150132,25.59725622978494,4.0
Manzanares,2024-12-31,2024,12,17.757643840557716,10.990656679795496,26.612290523444724,4.0
Manzanares,2025-12-31,2025,12,16.769671235758764,10.235472965474818,24.043327882658964,4.0
Marmato,2005-12-31,2005,12,19.087750199126376,11.689599609375025,28.05945739746096,1.0
Marmato,2006-12-31,2006,12,18.88039134166047,12.060815429687525,27.69747314453128,1.0
Marmato,2007-12-31,2007,12,18.73890556443938,11.74036560058596,28.41550598144533,1.0
Marmato,2008-12-31,2008,12,18.34825203966135,11.844445800781273,26.410989379882835,1.0
Marmato,2009-12-31,2009,12,18.895588313265677,12.147500610351583,28.490106201171898,1.0
Marmato,2010-12-31,2010,12,19.158809826455055,12.281243896484398,29.44928894042971,1.0
Marmato,2011-12-31,2011,12,18.498598591266894,11.092889404296898,26.841653442382835,1.0
Marmato,2012-12-31,2012,12,18.83325875712942,11.091577148437525,27.479898071289085,1.0
Marmato,2013-12-31,2013,12,19.022442982969583,11.314630126953148,28.31907043457033,1.0
Marmato,2014-12-31,2014,12,19.215528391920945,11.409448242187525,28.698526000976585,1.0
Marmato,2015-12-31,2015,12,19.708823020052538,11.827447509765648,28.865563964843773,1.0
Marmato,2016-12-31,2016,12,19.761361391356857,11.705377197265648,29.809960937500023,1.0
Marmato,2017-12-31,2017,12,19.331961498856263,11.56086120605471,28.137811279296898,1.0
Marmato,2018-12-31,2018,12,19.345044719527927,10.699884033203148,28.67102966308596,1.0
Marmato,2019-12-31,2019,12,19.778151083342532,11.215478515625025,29.630654907226585,1.0
Marmato,2020-12-31,2020,12,19.578324482993285,12.50837097167971,30.009149169921898,1.0
Marmato,2021-12-31,2021,12,18.970945095348593,11.778222656250025,28.31638488769533,1.0
Marmato,2022-12-31,2022,12,18.61043552256911,10.918328857421898,27.32032165527346,1.0
Marmato,2023-12-31,2023,12,19.46835389664241,11.88465270996096,29.116265869140648,1.0
Marmato,2024-12-31,2024,12,19.926812574838213,12.379541015625025,29.161172485351585,1.0
Marmato,2025-12-31,2025,12,19.03722583635573,12.142510986328148,27.543069458007835,1.0
Marquetalia,2005-12-31,2005,12,18.770073540989443,12.461499670780093,27.201431181936577,2.0
Marquetalia,2006-12-31,2006,12,18.636092275333358,11.417229762221847,27.7307946407434,2.0
Marquetalia,2007-12-31,2007,12,18.715522394771003,10.490358664772751,27.125157119288613,2.0
Marquetalia,2008-12-31,2008,12,18.028585511039875,11.417263978900356,26.014850408380703,2.0
Marquetalia,2009-12-31,2009,12,18.719213151154925,11.882974243164083,27.762481134588093,2.0
Marquetalia,2010-12-31,2010,12,18.90686371158647,11.898565951260675,28.04825166644474,2.0
Marquetalia,2011-12-31,2011,12,18.128054626232174,11.889024815414912,26.653084402373366,2.0
Marquetalia,2012-12-31,2012,12,18.605967189765305,12.07227339311082,27.163947273023226,2.0
Marquetalia,2013-12-31,2013,12,18.792800978534395,11.696166899710011,27.92274512088662,2.0
Marquetalia,2014-12-31,2014,12,18.934320097904525,11.68504185532081,27.872079467773464,2.0
Marquetalia,2015-12-31,2015,12,19.399051866731554,12.66323103471238,28.66303683194249,2.0
Marquetalia,2016-12-31,2016,12,19.58948949572547,9.998405595259255,29.046644176136382,2.0
Marquetalia,2017-12-31,2017,12,19.1262076928128,11.890178241151776,28.14078489361389,2.0
Marquetalia,2018-12-31,2018,12,18.959358113441827,11.75324401855471,27.592834842566308,2.0
Marquetalia,2019-12-31,2019,12,19.568149093633437,12.763690740411953,28.60924913810964,2.0
Marquetalia,2020-12-31,2020,12,19.516795280882796,12.311909438624548,28.005419551964987,2.0
Marquetalia,2021-12-31,2021,12,18.96175404376902,12.43302075935135,27.3462634462299,2.0
Marquetalia,2022-12-31,2022,12,18.62176291790593,11.881465010209538,27.58041742498227,2.0
Marquetalia,2023-12-31,2023,12,19.2582205714524,11.845681300307788,27.92704162597659,2.0
Marquetalia,2024-12-31,2024,12,19.755349397940364,12.254461484966878,29.53435345274032,2.0
Marquetalia,2025-12-31,2025,12,18.701764694644115,11.486814001834777,26.62355957031252,2.0
Marulanda,2005-12-31,2005,12,13.142882283230698,7.078347935021635,21.571079247294737,11.0
Marulanda,2006-12-31,2006,12,12.984408540338265,6.741904446524764,21.09645318360631,11.0
Marulanda,2007-12-31,2007,12,12.877015251195482,5.168050986842128,21.255207348726856,11.0
Marulanda,2008-12-31,2008,12,12.538969025131275,6.598899349658289,20.14749831859508,11.0
Marulanda,2009-12-31,2009,12,13.042207450275532,7.415422635941535,21.36500040820691,11.0
Marulanda,2010-12-31,2010,12,13.281685152216383,7.314449450354544,22.2345357441933,11.0
Marulanda,2011-12-31,2011,12,12.669095182617902,6.9147875059860135,21.195248985045705,11.0
Marulanda,2012-12-31,2012,12,12.825403048664034,7.164373207337154,20.770207835284392,11.0
Marulanda,2013-12-31,2013,12,13.065545812522409,6.801370337196147,21.661071922292475,11.0
Marulanda,2014-12-31,2014,12,13.15380145147378,6.101255588751878,21.60073453734257,11.0
Marulanda,2015-12-31,2015,12,13.470083506807347,7.821706992701503,22.402293162902936,11.0
Marulanda,2016-12-31,2016,12,13.694482117367672,5.548150223424736,22.65101567514444,11.0
Marulanda,2017-12-31,2017,12,13.29903366682469,7.130664740233144,21.562198299070094,11.0
Marulanda,2018-12-31,2018,12,13.155672242304114,6.701615484626998,21.564767553993025,11.0
Marulanda,2019-12-31,2019,12,13.608470618143826,6.956236978122015,22.296713252918423,11.0
Marulanda,2020-12-31,2020,12,13.533503496745197,7.012678886286279,23.340091855167906,11.0
Marulanda,2021-12-31,2021,12,13.059517362861847,7.701087636298814,21.4872385673866,11.0
Marulanda,2022-12-31,2022,12,12.70274693648684,6.45968356444688,20.829249515949712,11.0
Marulanda,2023-12-31,2023,12,13.200051406299023,6.963627755749081,22.388498120681334,11.0
Marulanda,2024-12-31,2024,12,13.789105753322714,7.737956749030983,22.9561198243128,11.0
Marulanda,2025-12-31,2025,12,12.964675068408786,6.734669508340292,20.679932588667885,11.0
Neira,2005-12-31,2005,12,15.770957835859122,9.073855594820015,24.07884113916722,9.0
Neira,2006-12-31,2006,12,15.550853739691172,8.66582739593788,25.52573195391216,9.0
Neira,2007-12-31,2007,12,15.430175079213884,7.970069831258215,24.2689742102067,9.0
Neira,2008-12-31,2008,12,15.204498617893927,8.415833635442713,25.348389527807097,9.0
Neira,2009-12-31,2009,12,15.603468660211774,9.11342149487019,23.87224547459916,9.0
Neira,2010-12-31,2010,12,15.891645609986348,8.989166275764378,25.32788421510872,9.0
Neira,2011-12-31,2011,12,15.377471606009921,8.714962076609623,23.566233939674568,9.0
Neira,2012-12-31,2012,12,15.39925707611503,8.451346937107092,23.787219462263497,9.0
Neira,2013-12-31,2013,12,15.629363268299038,8.999785153050276,24.643038004503985,9.0
Neira,2014-12-31,2014,12,15.673804371753626,8.246254193267246,24.070357652416728,9.0
Neira,2015-12-31,2015,12,15.967705393959427,8.560768193436193,24.54231849760405,9.0
Neira,2016-12-31,2016,12,16.24597006996171,8.891565601353898,25.95112265490613,9.0
Neira,2017-12-31,2017,12,15.912560918786006,8.048814762060506,24.296184150825813,9.0
Neira,2018-12-31,2018,12,15.805341532881096,8.637865434999101,24.584599922150204,9.0
Neira,2019-12-31,2019,12,16.1308923841346,8.514971707845287,24.79544370958723,9.0
Neira,2020-12-31,2020,12,16.167295199361565,7.854886372217523,25.847180783733027,9.0
Neira,2021-12-31,2021,12,15.722553247864198,8.890160012901399,24.626185801894785,9.0
Neira,2022-12-31,2022,12,15.478889776172325,8.70377150469341,24.72449885977051,9.0
Neira,2023-12-31,2023,12,16.100203660217044,8.28830717594254,25.208701333462194,9.0
Neira,2024-12-31,2024,12,16.64688145350196,8.904818049639603,25.76687387688916,9.0
Neira,2025-12-31,2025,12,15.958813157501675,8.524323545683437,25.40838774634847,9.0
Norcasia,2005-12-31,2005,12,24.642490343085722,17.575730800229657,34.56405383632774,8.0
Norcasia,2006-12-31,2006,12,24.22345679593946,16.721115457063963,34.53503905739248,8.0
Norcasia,2007-12-31,2007,12,24.494249438999436,16.974497417625546,35.30356578108658,8.0
Norcasia,2008-12-31,2008,12,23.630214708570566,16.642057276769684,33.15109542782838,8.0
Norcasia,2009-12-31,2009,12,24.467633841441074,17.407564899013654,34.95788372470747,8.0
Norcasia,2010-12-31,2010,12,24.382984480013636,17.348123360478255,35.4070121988592,8.0
Norcasia,2011-12-31,2011,12,23.57342692319114,17.58596121177516,33.607679384622635,8.0
Norcasia,2012-12-31,2012,12,24.60861257099411,17.593035895056325,35.212377980762966,8.0
Norcasia,2013-12-31,2013,12,24.72656282164907,17.556879428241064,34.70893252703936,8.0
Norcasia,2014-12-31,2014,12,24.932016608486762,17.725301600500156,34.98475732524029,8.0
Norcasia,2015-12-31,2015,12,25.752873957254028,17.02017048472642,35.60275488179101,8.0
Norcasia,2016-12-31,2016,12,25.95948235183471,17.584657638741362,37.11841984832638,8.0
Norcasia,2017-12-31,2017,12,25.139899588381525,16.555345121886464,35.173641342099266,8.0
Norcasia,2018-12-31,2018,12,25.4001206993331,17.889393309270012,35.744962167141345,8.0
Norcasia,2019-12-31,2019,12,25.955981027157247,18.41304906102905,36.47528685246554,8.0
Norcasia,2020-12-31,2020,12,25.64600361269287,17.361016590325928,35.88073132886052,8.0
Norcasia,2021-12-31,2021,12,24.994023254492078,18.14692032945707,34.798600864809444,8.0
Norcasia,2022-12-31,2022,12,24.617916729191688,18.02353329199629,34.46981845999365,8.0
Norcasia,2023-12-31,2023,12,25.72620280410564,17.506168406977334,36.1420108938816,8.0
Norcasia,2024-12-31,2024,12,26.04657337103474,18.184325303592463,36.88321570232825,8.0
Norcasia,2025-12-31,2025,12,24.73896720264649,17.553845291456938,34.81159541557026,8.0
Palestina,2005-12-31,2005,12,17.841770112087133,11.900609572109229,29.78114745565309,4.0
Palestina,2006-12-31,2006,12,17.631744846861196,11.30675507252353,32.311820726270824,4.0
Palestina,2007-12-31,2007,12,17.564456970959558,10.29108495670998,27.002536895884084,4.0
Palestina,2008-12-31,2008,12,17.339035122709486,10.267300005495828,29.238305399841067,4.0
Palestina,2009-12-31,2009,12,17.719045383250123,11.851855957559716,31.730770068148026,4.0
Palestina,2010-12-31,2010,12,17.975694341024123,11.469613052962684,31.328799993341644,4.0
Palestina,2011-12-31,2011,12,17.553143298567104,10.994125537954904,27.81661984662475,4.0
Palestina,2012-12-31,2012,12,17.485843326010787,10.700971634769877,28.96431646966317,4.0
Palestina,2013-12-31,2013,12,17.71208009761965,11.743603436358589,30.57965210753604,4.0
Palestina,2014-12-31,2014,12,17.7447817684187,11.112237813049603,31.23526579621553,4.0
Palestina,2015-12-31,2015,12,18.00881607458638,11.177987803009188,29.845494759960115,4.0
Palestina,2016-12-31,2016,12,18.27139183794559,11.452724942294056,31.21694989885605,4.0
Palestina,2017-12-31,2017,12,17.982386159322772,11.0284944740725,30.341446689093804,4.0
Palestina,2018-12-31,2018,12,17.900160171948446,11.091666983732436,30.185706768613898,4.0
Palestina,2019-12-31,2019,12,18.16032017933775,10.922576613653296,33.07221341484039,4.0
Palestina,2020-12-31,2020,12,18.015513838324278,10.760921039003335,29.30280397093144,4.0
Palestina,2021-12-31,2021,12,17.677389451783167,11.369236643077,29.50453606147273,4.0
Palestina,2022-12-31,2022,12,17.565558524794152,11.65090886896309,28.02359382662424,4.0
Palestina,2023-12-31,2023,12,18.299717984810755,11.469950001373974,31.5872525698179,4.0
Palestina,2024-12-31,2024,12,18.686901414154196,12.011769982540269,28.911217270888315,4.0
Palestina,2025-12-31,2025,12,18.148523547026457,11.438869565493125,31.68168168501423,4.0
Pensilvania,2005-12-31,2005,12,16.40117356164217,10.308080028537669,24.9331490415642,11.0
Pensilvania,2006-12-31,2006,12,16.24721579374884,9.383773157177238,25.35421026913837,11.0
Pensilvania,2007-12-31,2007,12,16.27879424334992,7.746712144679323,24.67228654837356,11.0
Pensilvania,2008-12-31,2008,12,15.666567165474872,9.307738685422573,23.634433970993555,11.0
Pensilvania,2009-12-31,2009,12,16.2850490820701,10.309673837971316,25.32105090379485,11.0
Pensilvania,2010-12-31,2010,12,16.524263473914452,9.827709919417009,25.580258537566834,11.0
Pensilvania,2011-12-31,2011,12,15.76975698329575,10.251600354846204,24.06637455205299,11.0
Pensilvania,2012-12-31,2012,12,16.199216044096048,10.23279184354408,24.84601923550533,11.0
Pensilvania,2013-12-31,2013,12,16.392593124055576,9.753487047023071,25.49491577445016,11.0
Pensilvania,2014-12-31,2014,12,16.541041791309524,9.48190538056045,25.65980700908993,11.0
Pensilvania,2015-12-31,2015,12,17.037836846711397,10.828170174319752,26.671183911797165,11.0
Pensilvania,2016-12-31,2016,12,17.19030070959401,7.774341718935086,26.704909765245407,11.0
Pensilvania,2017-12-31,2017,12,16.657467081279844,9.90189441499258,25.729787967781995,11.0
Pensilvania,2018-12-31,2018,12,16.564062312482957,9.460788699373468,25.3752552681229,11.0
Pensilvania,2019-12-31,2019,12,17.12102779626695,10.926880318777924,26.49847473500424,11.0
Pensilvania,2020-12-31,2020,12,16.9314925649949,9.93166351170074,25.76883872340792,11.0
Pensilvania,2021-12-31,2021,12,16.374951238875827,10.357893850550845,24.691039703932663,11.0
Pensilvania,2022-12-31,2022,12,15.967437828999435,9.519939817793771,24.462143187527552,11.0
Pensilvania,2023-12-31,2023,12,16.581617540190848,9.666481787678824,25.60379848943625,11.0
Pensilvania,2024-12-31,2024,12,17.15779421715732,9.510798572358654,27.21981170031491,11.0
Pensilvania,2025-12-31,2025,12,16.106786724975652,8.72088220297887,24.01231927602936,11.0
Pácora,2005-12-31,2005,12,17.011617628646192,9.797504050722752,27.22428149391205,8.0
Pácora,2006-12-31,2006,12,16.83575351006358,9.631290632955166,26.339527441589148,8.0
Pácora,2007-12-31,2007,12,16.654128536461425,9.783102268404752,26.609706590059567,8.0
Pácora,2008-12-31,2008,12,16.27732447466887,9.301833632108446,24.932780988028902,8.0
Pácora,2009-12-31,2009,12,16.79047816721274,9.826011583421138,29.289499844326087,8.0
Pácora,2010-12-31,2010,12,17.04778177753902,10.0372714039092,27.37732323350087,8.0
Pácora,2011-12-31,2011,12,16.433534497243294,9.282880187302515,27.16439411863408,8.0
Pácora,2012-12-31,2012,12,16.738646026375726,9.052840169270857,26.23138971793074,8.0
Pácora,2013-12-31,2013,12,16.91900531504802,9.39787602228174,26.1929933469394,8.0
Pácora,2014-12-31,2014,12,17.16044408876532,10.167477279834554,27.02813767565326,8.0
Pácora,2015-12-31,2015,12,17.633699003637805,10.249170721961338,27.68114935485613,8.0
Pácora,2016-12-31,2016,12,17.698573709106885,9.596273312229366,28.04427741690077,8.0
Pácora,2017-12-31,2017,12,17.239088123510292,9.628453641169996,26.21411859748071,8.0
Pácora,2018-12-31,2018,12,17.284293980662326,8.789334540777908,26.68997404977179,8.0
Pácora,2019-12-31,2019,12,17.717661946392287,9.486015702722694,27.883303250087803,8.0
Pácora,2020-12-31,2020,12,17.46553216566586,9.518317930528758,27.684302523609425,8.0
Pácora,2021-12-31,2021,12,16.887102711504337,9.36483680067886,26.50834285436054,8.0
Pácora,2022-12-31,2022,12,16.49113838130499,9.129065192861974,26.39190694973265,8.0
Pácora,2023-12-31,2023,12,17.308318938629892,9.88495451394987,27.27269937465256,8.0
Pácora,2024-12-31,2024,12,17.863938835188808,10.347372002190887,28.05606703168893,8.0
Pácora,2025-12-31,2025,12,16.897288418284273,9.719486376587392,25.85262808353269,8.0
Riosucio,2005-12-31,2005,12,15.709425408140348,9.226276877074138,23.849798935071583,10.0
Riosucio,2006-12-31,2006,12,15.523082490060874,9.244952400294352,23.15549762402717,10.0
Riosucio,2007-12-31,2007,12,15.413650818090579,9.084476101534127,23.561223076628696,10.0
Riosucio,2008-12-31,2008,12,15.073950457250996,9.09628086789371,22.09024313288907,10.0
Riosucio,2009-12-31,2009,12,15.60280145748237,9.76580912014931,23.892598102246485,10.0
Riosucio,2010-12-31,2010,12,15.87559971270052,9.725845715007974,24.469310593635207,10.0
Riosucio,2011-12-31,2011,12,15.267375892060713,8.502583916781095,22.944529124186424,10.0
Riosucio,2012-12-31,2012,12,15.421720244051118,8.914294634215022,23.11972621912905,10.0
Riosucio,2013-12-31,2013,12,15.652270710868661,9.718450430039384,23.95940491957252,10.0
Riosucio,2014-12-31,2014,12,15.739273851023372,8.97666839715355,23.826512884822435,10.0
Riosucio,2015-12-31,2015,12,16.09120783085666,9.521105656099405,24.221519144205345,10.0
Riosucio,2016-12-31,2016,12,16.265662894557778,8.441776928618365,25.002641286741493,10.0
Riosucio,2017-12-31,2017,12,15.834471248876598,8.952425344975975,23.40661411984684,10.0
Riosucio,2018-12-31,2018,12,15.772786895042962,8.644418045603393,23.73610133811288,10.0
Riosucio,2019-12-31,2019,12,16.15703316737851,8.941926410737766,24.63920816259953,10.0
Riosucio,2020-12-31,2020,12,16.05304164611884,9.6696155340723,25.18803171574997,10.0
Riosucio,2021-12-31,2021,12,15.598699416300915,9.428742759116254,23.42385954151566,10.0
Riosucio,2022-12-31,2022,12,15.38841059130526,8.292318960930116,23.285614874028404,10.0
Riosucio,2023-12-31,2023,12,16.192774275386963,9.839781530406796,24.97000125156795,10.0
Riosucio,2024-12-31,2024,12,16.645346414952908,10.378302931755467,24.729615812627188,10.0
Riosucio,2025-12-31,2025,12,15.943428210749223,10.099698335090592,23.42186953307105,10.0
Risaralda,2005-12-31,2005,12,18.218526257943445,12.190234035915823,29.202973937988304,4.0
Risaralda,2006-12-31,2006,12,18.067577889545138,12.045657348632838,31.05655771891279,4.0
Risaralda,2007-12-31,2007,12,17.978733431472644,11.160199652777802,27.1344059414334,4.0
Risaralda,2008-12-31,2008,12,17.695642016992508,11.51376817491322,27.89887008666994,4.0
Risaralda,2009-12-31,2009,12,18.137500646236585,12.225958591037347,30.36079449123808,4.0
Risaralda,2010-12-31,2010,12,18.34714973622491,12.46021592881947,32.52431471082902,4.0
Risaralda,2011-12-31,2011,12,17.869996848047,11.376472303602451,29.05939839680992,4.0
Risaralda,2012-12-31,2012,12,17.92932244450219,11.543916829427106,29.754950290256104,4.0
Risaralda,2013-12-31,2013,12,18.13477590961196,12.339000786675372,28.439347245958142,4.0
Risaralda,2014-12-31,2014,12,18.194070110217076,11.75457017686634,28.266709221733965,4.0
Risaralda,2015-12-31,2015,12,18.473718515421535,11.849686008029538,29.526158820258274,4.0
Risaralda,2016-12-31,2016,12,18.676848788001234,11.610702175564262,29.998945448133707,4.0
Risaralda,2017-12-31,2017,12,18.41329577474182,12.048546854654973,29.3474290635851,4.0
Risaralda,2018-12-31,2018,12,18.322816146262664,11.507325236002629,29.095336744520424,4.0
Risaralda,2019-12-31,2019,12,18.636302992127778,11.619254896375892,30.37806532118058,4.0
Risaralda,2020-12-31,2020,12,18.14599402484951,11.110398356119816,30.078634474012617,4.0
Risaralda,2021-12-31,2021,12,17.781818422618855,11.430129326714434,30.5696586608887,4.0
Risaralda,2022-12-31,2022,12,17.629168340670855,11.594129774305578,29.17696228027346,4.0
Risaralda,2023-12-31,2023,12,18.34925825794167,11.291602240668428,30.394764963785835,4.0
Risaralda,2024-12-31,2024,12,18.738685076782424,12.235645548502628,31.12729831271704,4.0
Risaralda,2025-12-31,2025,12,18.152047432979003,12.142569308810788,31.21462529500328,4.0
Salamina,2005-12-31,2005,12,13.937639283636868,7.700821207176847,22.29964324761624,9.0
Salamina,2006-12-31,2006,12,13.76430535449425,7.645705589152294,22.6550863514776,9.0
Salamina,2007-12-31,2007,12,13.59902254694826,6.82062990176754,22.791150850094645,9.0
Salamina,2008-12-31,2008,12,13.284257981809638,7.229871591129681,21.412168609429617,9.0
Salamina,2009-12-31,2009,12,13.772340311139532,7.376109550902585,23.007448980675004,9.0
Salamina,2010-12-31,2010,12,14.029449313470474,7.356557867393754,23.55828000655088,9.0
Salamina,2011-12-31,2011,12,13.430355253535412,7.044937152744103,22.207608525057044,9.0
Salamina,2012-12-31,2012,12,13.598029170098897,6.994316375921994,22.496359423524865,9.0
Salamina,2013-12-31,2013,12,13.82105957658608,6.955069860612405,22.84493569320776,9.0
Salamina,2014-12-31,2014,12,13.964044286566827,7.296678076323538,23.17976944254054,9.0
Salamina,2015-12-31,2015,12,14.32940172681868,7.529736517675197,24.03521775903172,9.0
Salamina,2016-12-31,2016,12,14.510741180973737,7.49797725322086,24.153982676630463,9.0
Salamina,2017-12-31,2017,12,14.034369524600343,6.916411614269968,22.736962663164817,9.0
Salamina,2018-12-31,2018,12,13.994806414258273,7.217081238172092,23.028035816642827,9.0
Salamina,2019-12-31,2019,12,14.41448442288175,7.147056058326886,23.964885754318736,9.0
Salamina,2020-12-31,2020,12,14.11870897132586,6.496176716111483,24.27702432004564,9.0
Salamina,2021-12-31,2021,12,13.626949897320257,7.244182477678595,22.83292298879685,9.0
Salamina,2022-12-31,2022,12,13.293564299409555,7.23288464279651,21.66907761852196,9.0
Salamina,2023-12-31,2023,12,13.935300794901378,6.6142843874345125,23.211404494765404,9.0
Salamina,2024-12-31,2024,12,14.521554240779535,7.205619707759145,24.4154265220121,9.0
Salamina,2025-12-31,2025,12,13.682250504662633,6.738509430500313,21.722843487662576,9.0
Samaná,2005-12-31,2005,12,21.309949689896694,14.543327150144798,30.80375564487894,13.0
Samaná,2006-12-31,2006,12,21.01210757020976,13.638160213754215,31.059242949876843,13.0
Samaná,2007-12-31,2007,12,21.23890536568686,12.464454614987307,30.69726924132333,13.0
Samaná,2008-12-31,2008,12,20.40098185873298,13.069033136386013,29.54277255670025,13.0
Samaná,2009-12-31,2009,12,21.16706514095897,13.972158819296846,31.160739545100693,13.0
Samaná,2010-12-31,2010,12,21.27173014050683,14.1040735340543,31.111092712829176,13.0
Samaná,2011-12-31,2011,12,20.434289321027144,13.749008981907233,29.97759887346099,13.0
Samaná,2012-12-31,2012,12,21.223294370685327,14.40161328567342,31.072648353843444,13.0
Samaná,2013-12-31,2013,12,21.362937165997423,14.303484362428255,31.279671988999567,13.0
Samaná,2014-12-31,2014,12,21.49570834282916,14.434737109592312,31.40828430602604,13.0
Samaná,2015-12-31,2015,12,22.22337560630952,13.73075538630406,32.163081531561055,13.0
Samaná,2016-12-31,2016,12,22.461238259675515,12.539981711570146,32.979599714915786,13.0
Samaná,2017-12-31,2017,12,21.67197168020313,13.183533518040042,31.344954676061263,13.0
Samaná,2018-12-31,2018,12,21.74613996126364,14.093883592492842,31.287750203398808,13.0
Samaná,2019-12-31,2019,12,22.305408992955563,14.918885410354935,32.24604155970319,13.0
Samaná,2020-12-31,2020,12,22.188402682260314,13.716804584908193,31.37654951693372,13.0
Samaná,2021-12-31,2021,12,21.568739664304776,14.5419198881951,30.789903749149488,13.0
Samaná,2022-12-31,2022,12,21.190733466376,14.40814674411395,30.810842076790856,13.0
Samaná,2023-12-31,2023,12,22.07306116168876,13.89397097985912,31.95729812651173,13.0
Samaná,2024-12-31,2024,12,22.5351684777054,14.262342069108117,33.48327089420036,13.0
Samaná,2025-12-31,2025,12,21.310401069009725,13.359418019502714,30.604275438972003,13.0
San José,2005-12-31,2005,12,18.303866707312064,12.60672644042971,29.824525024414086,4.0
San José,2006-12-31,2006,12,18.182871959811703,12.508989379882836,30.79355773925784,4.0
San José,2007-12-31,2007,12,18.09790035707695,11.768140625000024,28.259116699218776,4.0
San José,2008-12-31,2008,12,17.778499101708093,12.016183715820336,28.251803344726586,4.0
San José,2009-12-31,2009,12,18.26391855078838,12.730052246093775,32.51613928222659,4.0
San José,2010-12-31,2010,12,18.428920866286607,13.1592282714844,29.990153686523463,4.0
San José,2011-12-31,2011,12,17.928085398489227,11.678545654296896,29.724428710937527,4.0
San José,2012-12-31,2012,12,18.050556274042346,12.038663940429712,29.426076538085965,4.0
San José,2013-12-31,2013,12,18.261721537847098,12.662577026367211,29.8286091308594,4.0
San José,2014-12-31,2014,12,18.34044831954632,12.474563232421897,28.62082739257815,4.0
San José,2015-12-31,2015,12,18.62015053134243,12.566039306640649,28.38506933593752,4.0
San José,2016-12-31,2016,12,18.784604485253947,11.932259033203149,29.43580261230472,4.0
San José,2017-12-31,2017,12,18.5183750984183,12.484844726562525,29.61391003417972,4.0
San José,2018-12-31,2018,12,18.431781764332126,12.11949011230471,28.66462805175784,4.0
San José,2019-12-31,2019,12,18.780590709424438,12.1213796386719,31.17229418945315,4.0
San José,2020-12-31,2020,12,18.09018495404418,11.91023559570315,30.34480261230471,4.0
San José,2021-12-31,2021,12,17.737417958491,11.787098510742211,28.609354980468773,4.0
San José,2022-12-31,2022,12,17.55829030444598,12.017930664062524,30.45765319824221,4.0
San José,2023-12-31,2023,12,18.28885647973273,11.746498779296898,31.315931884765646,4.0
San José,2024-12-31,2024,12,18.66739165771877,12.79601794433596,29.871429443359403,4.0
San José,2025-12-31,2025,12,18.069893376661643,12.4688874511719,30.97120495605472,4.0
Supia,2005-12-31,2005,12,18.301309639826496,10.973899908179805,27.11076778092709,4.0
Supia,2006-12-31,2006,12,18.089337316576703,10.958404759866804,26.53162287373944,4.0
Supia,2007-12-31,2007,12,17.957961412474813,10.827823751381215,27.11740930564852,4.0
Supia,2008-12-31,2008,12,17.61938182760683,10.900272785809909,25.3937574044642,4.0
Supia,2009-12-31,2009,12,18.105973373937946,11.310629345411344,27.311811567207755,4.0
Supia,2010-12-31,2010,12,18.416603857311543,11.453661464979945,28.155114077381903,4.0
Supia,2011-12-31,2011,12,17.79544482475743,10.027230166249089,25.91067046511223,4.0
Supia,2012-12-31,2012,12,18.00099294224764,10.32222487005107,26.43948586756492,4.0
Supia,2013-12-31,2013,12,18.207165365178806,10.845695623268666,27.42180743578423,4.0
Supia,2014-12-31,2014,12,18.343028958522613,10.93262895682896,27.26931711630044,4.0
Supia,2015-12-31,2015,12,18.768126511242908,11.025732494825409,27.77852929103899,4.0
Supia,2016-12-31,2016,12,18.895190311452648,10.568393880532575,28.636467411603604,4.0
Supia,2017-12-31,2017,12,18.5034480009616,10.796186202455823,27.06664282810168,4.0
Supia,2018-12-31,2018,12,18.47907136995309,10.087287544159324,27.459889847348904,4.0
Supia,2019-12-31,2019,12,18.87008338107209,10.59081311472861,28.47943167515487,4.0
Supia,2020-12-31,2020,12,18.661506988054118,11.319791123591592,28.915796020021496,4.0
Supia,2021-12-31,2021,12,18.101889484693476,10.702136376369545,27.18091115761565,4.0
Supia,2022-12-31,2022,12,17.810531774763856,9.972495005330265,26.387685014337205,4.0
Supia,2023-12-31,2023,12,18.591768040802513,11.042578380326372,28.12533895180997,4.0
Supia,2024-12-31,2024,12,19.076268159421797,11.545943703214506,27.90627021941533,4.0
Supia,2025-12-31,2025,12,18.26383919378972,11.33290055111587,26.56809435840624,4.0
Victoria,2005-12-31,2005,12,24.934568645703948,17.25170699203572,34.79746574177852,11.0
Victoria,2006-12-31,2006,12,24.560994650036076,16.297593649434322,34.873611328968344,11.0
Victoria,2007-12-31,2007,12,24.969380450371983,17.01287012709651,35.60355606210872,11.0
Victoria,2008-12-31,2008,12,23.889931657248937,16.713874339892683,33.53653878852701,11.0
Victoria,2009-12-31,2009,12,24.851557095915435,16.210792499338012,35.00597162592598,11.0
Victoria,2010-12-31,2010,12,24.749621339198754,17.01622993324295,35.89553726011814,11.0
Victoria,2011-12-31,2011,12,23.849294811797858,16.87485642243751,33.74572536224736,11.0
Victoria,2012-12-31,2012,12,24.763784262103044,17.514905923635865,34.93171244935876,11.0
Victoria,2013-12-31,2013,12,25.04999312420782,17.18832525012821,35.12455755836607,11.0
Victoria,2014-12-31,2014,12,25.286084267652793,17.22425882869848,35.63349928781778,11.0
Victoria,2015-12-31,2015,12,26.03653419196186,17.27416202630818,36.399322177709095,11.0
Victoria,2016-12-31,2016,12,26.215777019184912,17.430066740204033,37.28363422927463,11.0
Victoria,2017-12-31,2017,12,25.44166621233927,15.99457165021355,35.66900385459678,11.0
Victoria,2018-12-31,2018,12,25.60843784860636,16.956100105456965,36.0778516436694,11.0
Victoria,2019-12-31,2019,12,26.208422912410303,18.128139684278548,36.472163709993,11.0
Victoria,2020-12-31,2020,12,26.151507699169724,17.152714188070103,36.396726259748775,11.0
Victoria,2021-12-31,2021,12,25.428080372428116,18.05100195955532,35.370165688839215,11.0
Victoria,2022-12-31,2022,12,25.060145100963265,17.69353492749995,35.04729780286089,11.0
Victoria,2023-12-31,2023,12,26.005243347738457,17.724691648598593,36.81688363136201,11.0
Victoria,2024-12-31,2024,12,26.44406865067162,18.058960235015945,37.46649271120064,11.0
Victoria,2025-12-31,2025,12,24.95455409092749,17.395280548780924,34.852881960959444,11.0
Villamaria,2005-12-31,2005,12,11.197698103084226,5.332035610579656,19.94294115459339,10.0
Villamaria,2006-12-31,2006,12,10.93108968488206,4.73278020061001,19.14452930944489,10.0
Villamaria,2007-12-31,2007,12,10.902735285084232,3.893240362924652,19.420570020412462,10.0
Villamaria,2008-12-31,2008,12,10.659236934764426,4.983687790791723,19.00758005777997,10.0
Villamaria,2009-12-31,2009,12,11.06999014930035,5.965652793025789,19.98472414117965,10.0
Villamaria,2010-12-31,2010,12,11.32851082166002,4.995387038050711,20.579392308844653,10.0
Villamaria,2011-12-31,2011,12,10.77216897268631,4.786234978353924,19.851178943933725,10.0
Villamaria,2012-12-31,2012,12,10.786695942536463,4.521465410042236,19.26995355885502,10.0
Villamaria,2013-12-31,2013,12,11.094571858261967,5.085021830111321,20.02545870965203,10.0
Villamaria,2014-12-31,2014,12,11.05191273750586,4.985135269974976,19.568063824242618,10.0
Villamaria,2015-12-31,2015,12,11.367854454226412,5.446470016835877,19.65928875382541,10.0
Villamaria,2016-12-31,2016,12,11.675116276156528,5.309919145912144,20.90460829036253,10.0
Villamaria,2017-12-31,2017,12,11.158253540305429,4.215154647017257,20.578022905418603,10.0
Villamaria,2018-12-31,2018,12,11.041882519098287,5.281764023572291,20.34754210389093,10.0
Villamaria,2019-12-31,2019,12,11.354569994372453,4.854044453809239,19.9025587531412,10.0
Villamaria,2020-12-31,2020,12,11.60473331652972,3.960451927104089,21.008336858081226,10.0
Villamaria,2021-12-31,2021,12,11.189180050240113,5.523256454953745,19.5068754159721,10.0
Villamaria,2022-12-31,2022,12,10.912492418001436,5.097276711109614,20.089257520930804,10.0
Villamaria,2023-12-31,2023,12,11.322062564892214,4.492034607581548,20.07434913327489,10.0
Villamaria,2024-12-31,2024,12,11.779750756310342,5.635380839289143,20.617842545883946,10.0
Villamaria,2025-12-31,2025,12,11.183168740027599,4.481920022822765,19.850983884127043,10.0
Viterbo,2005-12-31,2005,12,18.977080287285492,13.71243495358132,29.087830882509746,4.0
Viterbo,2006-12-31,2006,12,18.86612753741965,13.470687493070264,29.627694302354865,4.0
Viterbo,2007-12-31,2007,12,18.78719492451356,11.680112240720549,28.3081029633768,4.0
Viterbo,2008-12-31,2008,12,18.397636538305544,12.02748890172969,27.50414442037393,4.0
Viterbo,2009-12-31,2009,12,18.947323155609272,13.888662439871066,27.43136945832767,4.0
Viterbo,2010-12-31,2010,12,19.065237331306086,13.714973109882491,30.14435470114631,4.0
Viterbo,2011-12-31,2011,12,18.533640936269553,11.953553005701613,27.51738231942125,4.0
Viterbo,2012-12-31,2012,12,18.74357790197455,13.518313571979927,29.344135027889628,4.0
Viterbo,2013-12-31,2013,12,18.945896175390384,13.551597055493506,27.32271248763308,4.0
Viterbo,2014-12-31,2014,12,19.073654714173056,13.904259054525474,33.97998049540293,4.0
Viterbo,2015-12-31,2015,12,19.348658670025404,14.339957384667564,27.900574956502474,4.0
Viterbo,2016-12-31,2016,12,19.466022416149418,13.433892289207517,30.2341347506994,4.0
Viterbo,2017-12-31,2017,12,19.196043908231808,12.85332694907378,30.382504019258345,4.0
Viterbo,2018-12-31,2018,12,19.118342352409126,11.894108361656512,29.257344768141056,4.0
Viterbo,2019-12-31,2019,12,19.498821259015344,13.48725520637881,29.10656794252356,4.0
Viterbo,2020-12-31,2020,12,19.125651691028015,13.369979285360966,30.04293052973188,4.0
Viterbo,2021-12-31,2021,12,18.76284842540817,13.018634672872908,30.14208027535653,4.0
Viterbo,2022-12-31,2022,12,18.460746353267854,12.282935023411936,31.38477478027346,4.0
Viterbo,2023-12-31,2023,12,19.075724985204303,13.475483083933224,29.27371058568165,4.0
Viterbo,2024-12-31,2024,12,19.510955337181937,14.757267807873076,31.347191916386656,4.0
Viterbo,2025-12-31,2025,12,18.852246597643514,14.016649431120385,29.125217780900336,4.0
