municipio,date,et_real_mm,ndvi_mean,precip_mm,temp_mean,anio,mes,tipo_dato
Aguadas,2026-01-01,82.75669561403508,0.7349683900015734,103.00740211677082,17.49357166769734,2026,1,pronosticado
Aguadas,2026-02-01,82.0793894736842,0.6807474840916706,137.83053105357007,17.53237777747673,2026,2,pronosticado
Aguadas,2026-03-01,102.39399824561403,0.6528663323097276,207.72045830595056,17.54044298058573,2026,3,pronosticado
Aguadas,2026-04-01,98.35705438596491,0.6450439651330028,252.94888221329353,17.59267967488277,2026,4,pronosticado
Aguadas,2026-05-01,93.47082280701753,0.7091446972890234,276.81289704377673,17.54724170036885,2026,5,pronosticado
Aguadas,2026-06-01,89.41504210526315,0.7330634136903427,178.71806194403857,17.525099782573555,2026,6,pronosticado
Aguadas,2026-07-01,91.0921140350877,0.7364357232342423,133.86174106903488,17.59325066717765,2026,7,pronosticado
Aguadas,2026-08-01,97.51271754385964,0.7135986275361786,182.0020293609585,17.564326167678637,2026,8,pronosticado
Aguadas,2026-09-01,99.60173333333333,0.6972030341834332,209.74899176371895,17.55385731628347,2026,9,pronosticado
Aguadas,2026-10-01,93.35967719298245,0.6662588000118551,321.2263043954018,17.40767088555889,2026,10,pronosticado
Aguadas,2026-11-01,87.19404824561403,0.6843441684647559,269.99431909316115,17.45289902657773,2026,11,pronosticado
Aguadas,2026-12-01,87.24330877192982,0.7290051489003494,161.52308662170958,17.54522840117263,2026,12,pronosticado
Aguadas,2027-01-01,82.75669561403508,0.7349683900015734,103.00740211677082,17.53662794557131,2027,1,pronosticado
Aguadas,2027-02-01,82.0793894736842,0.6807474840916706,137.83053105357007,17.560133204569716,2027,2,pronosticado
Aguadas,2027-03-01,102.39399824561403,0.6528663323097276,207.72045830595056,17.55362029819085,2027,3,pronosticado
Aguadas,2027-04-01,98.35705438596491,0.6450439651330028,252.94888221329353,17.543512135057814,2027,4,pronosticado
Aguadas,2027-05-01,93.47082280701753,0.7091446972890234,276.81289704377673,17.563050160001268,2027,5,pronosticado
Aguadas,2027-06-01,89.41504210526315,0.7330634136903427,178.71806194403857,17.54616786939968,2027,6,pronosticado
Aguadas,2027-07-01,91.0921140350877,0.7364357232342423,133.86174106903488,17.551798723661047,2027,7,pronosticado
Aguadas,2027-08-01,97.51271754385964,0.7135986275361786,182.0020293609585,17.547908895970885,2027,8,pronosticado
Aguadas,2027-09-01,99.60173333333333,0.6972030341834332,209.74899176371895,17.547908895970885,2027,9,pronosticado
Aguadas,2027-10-01,93.35967719298245,0.6662588000118551,321.2263043954018,17.530835322022554,2027,10,pronosticado
Aguadas,2027-11-01,87.19404824561403,0.6843441684647559,269.99431909316115,17.55382062576958,2027,11,pronosticado
Aguadas,2027-12-01,87.24330877192982,0.7290051489003494,161.52308662170958,17.55362029819085,2027,12,pronosticado
Anserma,2026-01-01,94.15778711484596,0.7208084798016187,107.74579383435044,18.310300021697714,2026,1,pronosticado
Anserma,2026-02-01,91.45200880352144,0.689309777991357,130.42272075309188,18.3498873963521,2026,2,pronosticado
Anserma,2026-03-01,112.19725890356146,0.6699302894916949,182.78238612002218,18.401844219734333,2026,3,pronosticado
Anserma,2026-04-01,103.00485794317731,0.6730380029379357,238.65780324405063,18.41951863288196,2026,4,pronosticado
Anserma,2026-05-01,96.77440776310527,0.7047048181399256,245.7919528154507,18.489594590103717,2026,5,pronosticado
Anserma,2026-06-01,92.17054221688679,0.7413218058197529,167.55351088693666,18.47306257054514,2026,6,pronosticado
Anserma,2026-07-01,95.82534013605445,0.7414889365689568,127.54665887352922,18.524829418911505,2026,7,pronosticado
Anserma,2026-08-01,103.58608843537418,0.7319800523588013,158.0429640314495,18.46228940283002,2026,8,pronosticado
Anserma,2026-09-01,103.62710084033617,0.7006725806335088,145.60177976582114,18.42205006775222,2026,9,pronosticado
Anserma,2026-10-01,97.6010904361745,0.6741247187196687,245.62028075767432,18.401341260982665,2026,10,pronosticado
Anserma,2026-11-01,93.65504201680676,0.6784955409948565,254.38382495233807,18.45148859158283,2026,11,pronosticado
Anserma,2026-12-01,93.43176470588239,0.7014922651708431,158.36465636577827,18.481621821662873,2026,12,pronosticado
Anserma,2027-01-01,94.15778711484596,0.7208084798016187,107.74579383435044,18.483144735911534,2027,1,pronosticado
Anserma,2027-02-01,91.45200880352144,0.689309777991357,130.42272075309188,18.504332213247192,2027,2,pronosticado
Anserma,2027-03-01,112.19725890356146,0.6699302894916949,182.78238612002218,18.470030243236224,2027,3,pronosticado
Anserma,2027-04-01,103.00485794317731,0.6730380029379357,238.65780324405063,18.496707899719155,2027,4,pronosticado
Anserma,2027-05-01,96.77440776310527,0.7047048181399256,245.7919528154507,18.464176594860884,2027,5,pronosticado
Anserma,2027-06-01,92.17054221688679,0.7413218058197529,167.55351088693666,18.454040096469036,2027,6,pronosticado
Anserma,2027-07-01,95.82534013605445,0.7414889365689568,127.54665887352922,18.44051215498165,2027,7,pronosticado
Anserma,2027-08-01,103.58608843537418,0.7319800523588013,158.0429640314495,18.462483723877057,2027,8,pronosticado
Anserma,2027-09-01,103.62710084033617,0.7006725806335088,145.60177976582114,18.484477081861723,2027,9,pronosticado
Anserma,2027-10-01,97.6010904361745,0.6741247187196687,245.62028075767432,18.49428827832398,2027,10,pronosticado
Anserma,2027-11-01,93.65504201680676,0.6784955409948565,254.38382495233807,18.49214305215748,2027,11,pronosticado
Anserma,2027-12-01,93.43176470588239,0.7014922651708431,158.36465636577827,18.44271827495414,2027,12,pronosticado
Aranzazu,2026-01-01,85.63519832402235,0.679374212128549,104.67303377260686,15.297796609722266,2026,1,pronosticado
Aranzazu,2026-02-01,83.11143854748605,0.5872494327347579,127.04936321369227,15.563098445354605,2026,2,pronosticado
Aranzazu,2026-03-01,97.22618435754191,0.5936412655479522,172.47282334985783,15.519568138036291,2026,3,pronosticado
Aranzazu,2026-04-01,86.83889106145253,0.5903519937473815,231.53244426899096,15.417854058499032,2026,4,pronosticado
Aranzazu,2026-05-01,85.61306424581007,0.6761687542700799,233.3223119420398,15.388290272719484,2026,5,pronosticado
Aranzazu,2026-06-01,80.5576592178771,0.6814475402274814,138.70165012340317,15.10187308103433,2026,6,pronosticado
Aranzazu,2026-07-01,81.75313128491621,0.6862855449646463,97.4020142636671,15.083557315028743,2026,7,pronosticado
Aranzazu,2026-08-01,88.1521620111732,0.6812979277402045,122.65696278410095,15.186911115700964,2026,8,pronosticado
Aranzazu,2026-09-01,92.64240782122906,0.6759359736871845,144.18968450665815,15.210314022593346,2026,9,pronosticado
Aranzazu,2026-10-01,84.95439106145253,0.6579860600271513,288.5343204199537,15.020811989498005,2026,10,pronosticado
Aranzazu,2026-11-01,79.833156424581,0.660387313083588,243.99366537957502,15.065997662441118,2026,11,pronosticado
Aranzazu,2026-12-01,81.93959776536313,0.667785739551082,152.70230137255388,15.180651143835508,2026,12,pronosticado
Aranzazu,2027-01-01,85.63519832402235,0.6909971898022925,104.67303377260686,15.297796609722266,2027,1,pronosticado
Aranzazu,2027-02-01,83.11143854748605,0.6201385250568621,127.04936321369227,15.563098445354605,2027,2,pronosticado
Aranzazu,2027-03-01,97.22618435754191,0.5844093937884374,172.47282334985783,15.519568138036291,2027,3,pronosticado
Aranzazu,2027-04-01,86.83889106145253,0.5975895399967046,231.53244426899096,15.417854058499032,2027,4,pronosticado
Aranzazu,2027-05-01,85.61306424581007,0.669836191194762,233.3223119420398,15.388290272719484,2027,5,pronosticado
Aranzazu,2027-06-01,80.5576592178771,0.677828006144457,138.70165012340317,15.10187308103433,2027,6,pronosticado
Aranzazu,2027-07-01,81.75313128491621,0.6906926610724808,97.4020142636671,15.083557315028743,2027,7,pronosticado
Aranzazu,2027-08-01,88.1521620111732,0.7000335260457807,122.65696278410095,15.186911115700964,2027,8,pronosticado
Aranzazu,2027-09-01,92.64240782122906,0.6881249069644582,144.18968450665815,15.210314022593346,2027,9,pronosticado
Aranzazu,2027-10-01,84.95439106145253,0.6732903971962938,288.5343204199537,15.020811989498005,2027,10,pronosticado
Aranzazu,2027-11-01,79.833156424581,0.6717500157937328,243.99366537957502,15.065997662441118,2027,11,pronosticado
Aranzazu,2027-12-01,81.93959776536313,0.67320936267642,152.70230137255388,15.180651143835508,2027,12,pronosticado
Belalcázar,2026-01-01,93.90064528023599,0.7375746869917404,110.56689918959171,18.256236308558297,2026,1,pronosticado
Belalcázar,2026-02-01,92.97040191740413,0.6976535047524182,141.61340302052136,18.231728766962284,2026,2,pronosticado
Belalcázar,2026-03-01,112.2733702064897,0.6941002542900649,208.59330589875663,18.234621567494102,2026,3,pronosticado
Belalcázar,2026-04-01,104.23370943952803,0.7023340275177565,263.92313854043226,18.207309052992965,2026,4,pronosticado
Belalcázar,2026-05-01,96.39719395280237,0.7246845076953358,247.173659889477,18.18643805100252,2026,5,pronosticado
Belalcázar,2026-06-01,91.67265117994101,0.7382055048187313,183.7754875290853,18.2064627617149,2026,6,pronosticado
Belalcázar,2026-07-01,94.20603982300887,0.7565045710900618,140.40560791256766,18.237836085032075,2026,7,pronosticado
Belalcázar,2026-08-01,104.78831120943956,0.7440387931241672,168.57190211735892,18.217251390965433,2026,8,pronosticado
Belalcázar,2026-09-01,104.02581489675518,0.7304128295182407,143.0202669606298,18.215839237236462,2026,9,pronosticado
Belalcázar,2026-10-01,97.3863679941003,0.7053240921133536,260.1598360228523,18.211411136115906,2026,10,pronosticado
Belalcázar,2026-11-01,94.33793879056047,0.7061911340143331,262.8519032898331,18.220503743097463,2026,11,pronosticado
Belalcázar,2026-12-01,93.48585914454279,0.7309755404863557,171.82325360038385,18.222703067017413,2026,12,pronosticado
Belalcázar,2027-01-01,93.90064528023599,0.7375746869917404,110.56689918959171,18.211045915918337,2027,1,pronosticado
Belalcázar,2027-02-01,92.97040191740413,0.6976535047524182,141.61340302052136,18.232408232464934,2027,2,pronosticado
Belalcázar,2027-03-01,112.2733702064897,0.6941002542900649,208.59330589875663,18.22638382612081,2027,3,pronosticado
Belalcázar,2027-04-01,104.23370943952803,0.7023340275177565,263.92313854043226,18.214637086199538,2027,4,pronosticado
Belalcázar,2027-05-01,96.39719395280237,0.7246845076953358,247.173659889477,18.23244788302682,2027,5,pronosticado
Belalcázar,2027-06-01,91.67265117994101,0.7382055048187313,183.7754875290853,18.226423476682694,2027,6,pronosticado
Belalcázar,2027-07-01,94.20603982300887,0.7565045710900618,140.40560791256766,18.215663433714774,2027,7,pronosticado
Belalcázar,2027-08-01,104.78831120943956,0.7440387931241672,168.57190211735892,18.233474230542054,2027,8,pronosticado
Belalcázar,2027-09-01,104.02581489675518,0.7304128295182407,143.0202669606298,18.22744982419793,2027,9,pronosticado
Belalcázar,2027-10-01,97.3863679941003,0.7053240921133536,260.1598360228523,18.215663433714774,2027,10,pronosticado
Belalcázar,2027-11-01,94.33793879056047,0.7061911340143331,262.8519032898331,18.233474230542054,2027,11,pronosticado
Belalcázar,2027-12-01,93.48585914454279,0.7309755404863557,171.82325360038385,18.22744982419793,2027,12,pronosticado
Chinchiná,2026-01-01,95.6551833460657,0.7443836799159056,136.37796596021934,17.831545879909903,2026,1,pronosticado
Chinchiná,2026-02-01,92.441833460657,0.7159355023439433,181.5798288380182,17.799470231310885,2026,2,pronosticado
Chinchiná,2026-03-01,110.70082887700535,0.7069125945210352,240.01576680169006,17.79127990319181,2026,3,pronosticado
Chinchiná,2026-04-01,100.97072574484339,0.7073600841471697,280.4905913408004,17.72006018628913,2026,4,pronosticado
Chinchiná,2026-05-01,95.12251336898396,0.7377722169199439,266.52471378490645,17.645034729619113,2026,5,pronosticado
Chinchiná,2026-06-01,90.25548510313216,0.7441189194611383,189.8126225870886,17.632288081096856,2026,6,pronosticado
Chinchiná,2026-07-01,95.1346256684492,0.7626317808345107,150.93089197088815,17.671082765973868,2026,7,pronosticado
Chinchiná,2026-08-01,103.94485485103132,0.7513946417694919,182.08301767901577,17.645919321733878,2026,8,pronosticado
Chinchiná,2026-09-01,104.0629640947288,0.7334636216885663,164.68457599117042,17.646728317136773,2026,9,pronosticado
Chinchiná,2026-10-01,96.47245225362873,0.7238103432387598,287.08942352635904,17.647723641749522,2026,10,pronosticado
Chinchiná,2026-11-01,92.95652406417112,0.7163911493710939,297.00513530125227,17.651840756267998,2026,11,pronosticado
Chinchiná,2026-12-01,92.88860962566847,0.7415863946843785,188.39026936652687,17.649385816221645,2026,12,pronosticado
Chinchiná,2027-01-01,95.6551833460657,0.7443836799159056,136.37796596021934,17.649385816221645,2027,1,pronosticado
Chinchiná,2027-02-01,92.441833460657,0.7159355023439433,181.5798288380182,17.643861941021193,2027,2,pronosticado
Chinchiná,2027-03-01,110.70082887700535,0.7069125945210352,240.01576680169006,17.660071268324792,2027,3,pronosticado
Chinchiná,2027-04-01,100.97072574484339,0.7073600841471697,280.4905913408004,17.65020210927756,2027,4,pronosticado
Chinchiná,2027-05-01,95.12251336898396,0.7377722169199439,266.52471378490645,17.65275415122124,2027,5,pronosticado
Chinchiná,2027-06-01,90.25548510313216,0.7441189194611383,189.8126225870886,17.65275415122124,2027,6,pronosticado
Chinchiná,2027-07-01,95.1346256684492,0.7626317808345107,150.93089197088815,17.65098460747147,2027,7,pronosticado
Chinchiná,2027-08-01,103.94485485103132,0.7513946417694919,182.08301767901577,17.65275415122124,2027,8,pronosticado
Chinchiná,2027-09-01,104.0629640947288,0.7334636216885663,164.68457599117042,17.65275415122124,2027,9,pronosticado
Chinchiná,2027-10-01,96.47245225362873,0.7238103432387598,287.08942352635904,17.65275415122124,2027,10,pronosticado
Chinchiná,2027-11-01,92.95652406417112,0.7163911493710939,297.00513530125227,17.65275415122124,2027,11,pronosticado
Chinchiná,2027-12-01,92.88860962566847,0.7415863946843785,188.39026936652687,17.65275415122124,2027,12,pronosticado
Filadelfia,2026-01-01,92.57932291666667,0.7367054315421636,108.26392715795382,19.660606874385184,2026,1,pronosticado
Filadelfia,2026-02-01,90.44344401041667,0.7136807188696127,136.8381188886178,19.92916460115151,2026,2,pronosticado
Filadelfia,2026-03-01,111.98390842013889,0.7098387020893838,182.86037189755734,19.765941823957682,2026,3,pronosticado
Filadelfia,2026-04-01,103.86024956597223,0.7163641612961581,243.21832635053588,19.61286180534425,2026,4,pronosticado
Filadelfia,2026-05-01,98.06357638888889,0.7473688784768678,251.53240395700337,19.548649503408054,2026,5,pronosticado
Filadelfia,2026-06-01,93.60680555555555,0.7571302360639963,145.59676187505823,19.186380794739666,2026,6,pronosticado
Filadelfia,2026-07-01,96.34883463541668,0.7533138911594462,111.6456374130001,19.1351791159205,2026,7,pronosticado
Filadelfia,2026-08-01,104.3884765625,0.7341141202429016,141.5483189299101,19.232808187610228,2026,8,pronosticado
Filadelfia,2026-09-01,104.95883897569445,0.7308832731525895,152.57030019059482,19.26281834088198,2026,9,pronosticado
Filadelfia,2026-10-01,98.19548177083334,0.7144728114345739,282.7226612304965,19.23822438322394,2026,10,pronosticado
Filadelfia,2026-11-01,93.53956380208334,0.7183136527206612,249.46632357988238,19.301730698359588,2026,11,pronosticado
Filadelfia,2026-12-01,92.90889973958335,0.7406363810274017,159.4694037646319,19.47058732099842,2026,12,pronosticado
Filadelfia,2027-01-01,92.57932291666667,0.7367054315421636,108.26392715795382,19.660606874385184,2027,1,pronosticado
Filadelfia,2027-02-01,90.44344401041667,0.7136807188696127,136.8381188886178,19.92916460115151,2027,2,pronosticado
Filadelfia,2027-03-01,111.98390842013889,0.7098387020893838,182.86037189755734,19.765941823957682,2027,3,pronosticado
Filadelfia,2027-04-01,103.86024956597223,0.7163641612961581,243.21832635053588,19.61286180534425,2027,4,pronosticado
Filadelfia,2027-05-01,98.06357638888889,0.7473688784768678,251.53240395700337,19.548649503408054,2027,5,pronosticado
Filadelfia,2027-06-01,93.60680555555555,0.7571302360639963,145.59676187505823,19.186380794739666,2027,6,pronosticado
Filadelfia,2027-07-01,96.34883463541668,0.7533138911594462,111.6456374130001,19.1351791159205,2027,7,pronosticado
Filadelfia,2027-08-01,104.3884765625,0.7341141202429016,141.5483189299101,19.232808187610228,2027,8,pronosticado
Filadelfia,2027-09-01,104.95883897569445,0.7308832731525895,152.57030019059482,19.26281834088198,2027,9,pronosticado
Filadelfia,2027-10-01,98.19548177083334,0.7144728114345739,282.7226612304965,19.23822438322394,2027,10,pronosticado
Filadelfia,2027-11-01,93.53956380208334,0.7183136527206612,249.46632357988238,19.301730698359588,2027,11,pronosticado
Filadelfia,2027-12-01,92.90889973958335,0.7406363810274017,159.4694037646319,19.47058732099842,2027,12,pronosticado
La Dorada,2026-01-01,89.54706634205722,0.7166707901777736,153.04629370709978,26.639843155814212,2026,1,pronosticado
La Dorada,2026-02-01,88.31955493000609,0.6740982622753718,154.4644385033154,27.560689105158083,2026,2,pronosticado
La Dorada,2026-03-01,118.38272748021913,0.7050256724623001,244.9535549637948,27.176298473774388,2026,3,pronosticado
La Dorada,2026-04-01,114.8411138161899,0.7129754695071281,329.98376381364807,26.72906489757303,2026,4,pronosticado
La Dorada,2026-05-01,112.56988207547172,0.7429419725471349,316.98862093053106,26.686222345025758,2026,5,pronosticado
La Dorada,2026-06-01,108.13357577601948,0.7483648273019936,176.63164181939408,27.20907601469817,2026,6,pronosticado
La Dorada,2026-07-01,108.1056139683506,0.6925810414266212,134.93171327210516,27.743744048171823,2026,7,pronosticado
La Dorada,2026-08-01,115.40023737066345,0.6830975356039107,205.298115410296,28.079349644586177,2026,8,pronosticado
La Dorada,2026-09-01,122.45924300060867,0.706370464826106,247.08380693026407,27.987991940132144,2026,9,pronosticado
La Dorada,2026-10-01,112.71393791844189,0.7272469612496008,445.3638623646896,26.270594946616782,2026,10,pronosticado
La Dorada,2026-11-01,105.07580036518566,0.7380909460202824,380.07896389351595,25.375319771384635,2026,11,pronosticado
La Dorada,2026-12-01,105.24623250152163,0.7510373032558691,219.92871747673348,25.813553188140254,2026,12,pronosticado
La Dorada,2027-01-01,89.54706634205722,0.7166707901777736,153.04629370709978,26.639843155814212,2027,1,pronosticado
La Dorada,2027-02-01,88.31955493000609,0.6740982622753718,154.4644385033154,27.560689105158083,2027,2,pronosticado
La Dorada,2027-03-01,118.38272748021913,0.7050256724623001,244.9535549637948,27.176298473774388,2027,3,pronosticado
La Dorada,2027-04-01,114.8411138161899,0.7129754695071281,329.98376381364807,26.72906489757303,2027,4,pronosticado
La Dorada,2027-05-01,112.56988207547172,0.7429419725471349,316.98862093053106,26.686222345025758,2027,5,pronosticado
La Dorada,2027-06-01,108.13357577601948,0.7483648273019936,176.63164181939408,27.20907601469817,2027,6,pronosticado
La Dorada,2027-07-01,108.1056139683506,0.6925810414266212,134.93171327210516,27.743744048171823,2027,7,pronosticado
La Dorada,2027-08-01,115.40023737066345,0.6830975356039107,205.298115410296,28.079349644586177,2027,8,pronosticado
La Dorada,2027-09-01,122.45924300060867,0.706370464826106,247.08380693026407,27.987991940132144,2027,9,pronosticado
La Dorada,2027-10-01,112.71393791844189,0.7272469612496008,445.3638623646896,26.270594946616782,2027,10,pronosticado
La Dorada,2027-11-01,105.07580036518566,0.7380909460202824,380.07896389351595,25.375319771384635,2027,11,pronosticado
La Dorada,2027-12-01,105.24623250152163,0.7510373032558691,219.92871747673348,25.813553188140254,2027,12,pronosticado
La Merced,2026-01-01,89.43675471698114,0.737915012841602,106.05282554031143,19.270769678682154,2026,1,pronosticado
La Merced,2026-02-01,88.76941981132074,0.7050033775145776,132.000438937903,19.500503111902407,2026,2,pronosticado
La Merced,2026-03-01,109.78832075471698,0.7113494154785043,180.26882730925163,19.310613921290727,2026,3,pronosticado
La Merced,2026-04-01,103.00293396226417,0.6998427468099617,245.0566090746068,19.121477253651932,2026,4,pronosticado
La Merced,2026-05-01,97.29152830188679,0.7392456341896383,250.7193620055325,19.0598167851674,2026,5,pronosticado
La Merced,2026-06-01,93.09728773584905,0.7514522586869925,135.7890517922949,18.814405305435304,2026,6,pronosticado
La Merced,2026-07-01,96.13393396226415,0.7474136647293372,105.54942420366942,18.938967092817045,2026,7,pronosticado
La Merced,2026-08-01,103.61386320754715,0.7223659667877228,139.7803190601545,19.083723024598914,2026,8,pronosticado
La Merced,2026-09-01,104.38050471698114,0.7076557220766213,168.11099658466776,19.042446191973912,2026,9,pronosticado
La Merced,2026-10-01,96.88757547169811,0.7018740799666061,290.8226673705006,18.695307338414935,2026,10,pronosticado
La Merced,2026-11-01,91.69921698113208,0.7100549096307651,255.33344547292117,18.66924355308492,2026,11,pronosticado
La Merced,2026-12-01,90.72743396226414,0.7364760334067592,161.6121888200481,18.955844790204157,2026,12,pronosticado
La Merced,2027-01-01,89.43675471698114,0.737915012841602,106.05282554031143,19.270769678682154,2027,1,pronosticado
La Merced,2027-02-01,88.76941981132074,0.7050033775145776,132.000438937903,19.500503111902407,2027,2,pronosticado
La Merced,2027-03-01,109.78832075471698,0.7113494154785043,180.26882730925163,19.310613921290727,2027,3,pronosticado
La Merced,2027-04-01,103.00293396226417,0.6998427468099617,245.0566090746068,19.121477253651932,2027,4,pronosticado
La Merced,2027-05-01,97.29152830188679,0.7392456341896383,250.7193620055325,19.0598167851674,2027,5,pronosticado
La Merced,2027-06-01,93.09728773584905,0.7514522586869925,135.7890517922949,18.814405305435304,2027,6,pronosticado
La Merced,2027-07-01,96.13393396226415,0.7474136647293372,105.54942420366942,18.938967092817045,2027,7,pronosticado
La Merced,2027-08-01,103.61386320754715,0.7223659667877228,139.7803190601545,19.083723024598914,2027,8,pronosticado
La Merced,2027-09-01,104.38050471698114,0.7076557220766213,168.11099658466776,19.042446191973912,2027,9,pronosticado
La Merced,2027-10-01,96.88757547169811,0.7018740799666061,290.8226673705006,18.695307338414935,2027,10,pronosticado
La Merced,2027-11-01,91.69921698113208,0.7100549096307651,255.33344547292117,18.66924355308492,2027,11,pronosticado
La Merced,2027-12-01,90.72743396226414,0.7364760334067592,161.6121888200481,18.955844790204157,2027,12,pronosticado
Manizales,2026-01-01,88.0921951450787,0.6860717127510721,119.40805465311021,15.75210188057427,2026,1,pronosticado
Manizales,2026-02-01,83.62375402996396,0.6334622542814697,142.28213484473602,15.743602807032932,2026,2,pronosticado
Manizales,2026-03-01,100.3042878816613,0.6084533160228254,193.4034410897279,15.739913991812761,2026,3,pronosticado
Manizales,2026-04-01,90.77445002844681,0.5987373391333337,240.12869472230986,15.740704922810314,2026,4,pronosticado
Manizales,2026-05-01,87.68854921297175,0.6364378153179375,234.84993651624353,15.722037197491506,2026,5,pronosticado
Manizales,2026-06-01,82.60529774322018,0.6444756648931091,152.31470735457282,15.722169885475026,2026,6,pronosticado
Manizales,2026-07-01,84.12758771098046,0.6544870033093203,107.79445176433607,15.697424915665671,2026,7,pronosticado
Manizales,2026-08-01,92.06508059927936,0.6450557713459129,137.53744612983166,15.671820926042463,2026,8,pronosticado
Manizales,2026-09-01,95.5172909159871,0.6166267352542276,141.26757614419014,15.608938271851848,2026,9,pronosticado
Manizales,2026-10-01,87.79378152854163,0.5905805947861167,261.20339701597595,15.589583612974355,2026,10,pronosticado
Manizales,2026-11-01,83.31613218281814,0.603845689605671,256.2748647351021,15.72421413867194,2026,11,pronosticado
Manizales,2026-12-01,84.14036127441685,0.663225802734777,158.59101712353626,15.793921877192451,2026,12,pronosticado
Manizales,2027-01-01,88.0921951450787,0.6860717127510721,119.40805465311021,15.661780081207656,2027,1,pronosticado
Manizales,2027-02-01,83.62375402996396,0.6334622542814697,142.28213484473602,15.564607967013137,2027,2,pronosticado
Manizales,2027-03-01,100.3042878816613,0.6084533160228254,193.4034410897279,15.638531069136496,2027,3,pronosticado
Manizales,2027-04-01,90.77445002844681,0.5987373391333337,240.12869472230986,15.56676366545023,2027,4,pronosticado
Manizales,2027-05-01,87.68854921297175,0.6364378153179375,234.84993651624353,15.622861391713897,2027,5,pronosticado
Manizales,2027-06-01,82.60529774322018,0.6444756648931091,152.31470735457282,15.583557033439183,2027,6,pronosticado
Manizales,2027-07-01,84.12758771098046,0.6544870033093203,107.79445176433607,15.628135744198605,2027,7,pronosticado
Manizales,2027-08-01,92.06508059927936,0.6450557713459129,137.53744612983166,15.566587038331317,2027,8,pronosticado
Manizales,2027-09-01,95.5172909159871,0.6166267352542276,141.26757614419014,15.610450804803214,2027,9,pronosticado
Manizales,2027-10-01,87.79378152854163,0.5905805947861167,261.20339701597595,15.579367934908612,2027,10,pronosticado
Manizales,2027-11-01,83.31613218281814,0.603845689605671,256.2748647351021,15.629532563115587,2027,11,pronosticado
Manizales,2027-12-01,84.14036127441685,0.663225802734777,158.59101712353626,15.575389872311266,2027,12,pronosticado
Manzanares,2026-01-01,88.0255513307985,0.6561149003978756,184.6230537844243,16.996172558185542,2026,1,pronosticado
Manzanares,2026-02-01,87.65860583016479,0.5592873274140301,223.97566894226085,17.28715426163104,2026,2,pronosticado
Manzanares,2026-03-01,102.16894381073091,0.5883734397085758,304.7387087955018,17.247076827972872,2026,3,pronosticado
Manzanares,2026-04-01,91.46858048162234,0.6186192954274629,299.38009901680346,17.111517621196292,2026,4,pronosticado
Manzanares,2026-05-01,90.10581960287286,0.7146712133582052,303.50570167326697,17.063330334988436,2026,5,pronosticado
Manzanares,2026-06-01,88.46024926066755,0.7579355256735499,167.80885313035432,17.073550144437736,2026,6,pronosticado
Manzanares,2026-07-01,90.8776172370089,0.7693191592437975,110.43896601949402,17.303294901014006,2026,7,pronosticado
Manzanares,2026-08-01,94.81486692015213,0.7208110114605644,169.098812390428,17.60848105232505,2026,8,pronosticado
Manzanares,2026-09-01,98.25045416138576,0.6881411719074373,207.45538686166194,17.684906292917564,2026,9,pronosticado
Manzanares,2026-10-01,89.95058090409805,0.5795943760506431,366.48928241877564,16.899317463131048,2026,10,pronosticado
Manzanares,2026-11-01,84.31053865652729,0.5988727780192699,320.02553159921456,16.534655432198218,2026,11,pronosticado
Manzanares,2026-12-01,88.43352978453743,0.6597166684529838,217.05457524961028,16.72744365851765,2026,12,pronosticado
Manzanares,2027-01-01,88.0255513307985,0.6561149003978756,184.6230537844243,16.996172558185542,2027,1,pronosticado
Manzanares,2027-02-01,87.65860583016479,0.5592873274140301,223.97566894226085,17.28715426163104,2027,2,pronosticado
Manzanares,2027-03-01,102.16894381073091,0.5883734397085758,304.7387087955018,17.247076827972872,2027,3,pronosticado
Manzanares,2027-04-01,91.46858048162234,0.6186192954274629,299.38009901680346,17.111517621196292,2027,4,pronosticado
Manzanares,2027-05-01,90.10581960287286,0.7146712133582052,303.50570167326697,17.063330334988436,2027,5,pronosticado
Manzanares,2027-06-01,88.46024926066755,0.7579355256735499,167.80885313035432,17.073550144437736,2027,6,pronosticado
Manzanares,2027-07-01,90.8776172370089,0.7693191592437975,110.43896601949402,17.303294901014006,2027,7,pronosticado
Manzanares,2027-08-01,94.81486692015213,0.7208110114605644,169.098812390428,17.60848105232505,2027,8,pronosticado
Manzanares,2027-09-01,98.25045416138576,0.6881411719074373,207.45538686166194,17.684906292917564,2027,9,pronosticado
Manzanares,2027-10-01,89.95058090409805,0.5795943760506431,366.48928241877564,16.899317463131048,2027,10,pronosticado
Manzanares,2027-11-01,84.31053865652729,0.5988727780192699,320.02553159921456,16.534655432198218,2027,11,pronosticado
Manzanares,2027-12-01,88.43352978453743,0.6597166684529838,217.05457524961028,16.72744365851765,2027,12,pronosticado
Marmato,2026-01-01,87.76011520737327,0.7327834232718157,101.20890109599478,19.355236179842095,2026,1,pronosticado
Marmato,2026-02-01,86.7216935483871,0.6988954165854446,128.8338099025694,19.56910380306719,2026,2,pronosticado
Marmato,2026-03-01,108.94496543778803,0.6650701253675725,186.65167395742543,19.39217650593703,2026,3,pronosticado
Marmato,2026-04-01,104.22496543778803,0.6321009366800019,250.24111615430238,19.223872214019636,2026,4,pronosticado
Marmato,2026-05-01,98.53500000000001,0.6751374247184788,259.73760130245216,19.165083622383104,2026,5,pronosticado
Marmato,2026-06-01,93.39390552995393,0.7063392552727025,159.21971720096457,18.982682635796785,2026,6,pronosticado
Marmato,2026-07-01,97.02218894009218,0.7245659090607943,122.83623597006734,19.171726537764066,2026,7,pronosticado
Marmato,2026-08-01,104.43073732718895,0.6905168031779395,173.3800530971955,19.299083382938097,2026,8,pronosticado
Marmato,2026-09-01,105.44407834101385,0.6791249615731174,188.7110302802409,19.264872868855814,2026,9,pronosticado
Marmato,2026-10-01,98.23368663594471,0.6484505264761472,304.9142703220137,18.7644349476648,2026,10,pronosticado
Marmato,2026-11-01,92.21050691244241,0.6329237589150557,253.87766711391455,18.659166906245826,2026,11,pronosticado
Marmato,2026-12-01,92.69994239631338,0.6833121311354569,172.29618179493758,18.979397612501913,2026,12,pronosticado
Marmato,2027-01-01,87.76011520737327,0.7327834232718157,101.20890109599478,19.355236179842095,2027,1,pronosticado
Marmato,2027-02-01,86.7216935483871,0.6988954165854446,128.8338099025694,19.56910380306719,2027,2,pronosticado
Marmato,2027-03-01,108.94496543778803,0.6650701253675725,186.65167395742543,19.39217650593703,2027,3,pronosticado
Marmato,2027-04-01,104.22496543778803,0.6321009366800019,250.24111615430238,19.223872214019636,2027,4,pronosticado
Marmato,2027-05-01,98.53500000000001,0.6751374247184788,259.73760130245216,19.165083622383104,2027,5,pronosticado
Marmato,2027-06-01,93.39390552995393,0.7063392552727025,159.21971720096457,18.982682635796785,2027,6,pronosticado
Marmato,2027-07-01,97.02218894009218,0.7245659090607943,122.83623597006734,19.171726537764066,2027,7,pronosticado
Marmato,2027-08-01,104.43073732718895,0.6905168031779395,173.3800530971955,19.299083382938097,2027,8,pronosticado
Marmato,2027-09-01,105.44407834101385,0.6791249615731174,188.7110302802409,19.264872868855814,2027,9,pronosticado
Marmato,2027-10-01,98.23368663594471,0.6484505264761472,304.9142703220137,18.7644349476648,2027,10,pronosticado
Marmato,2027-11-01,92.21050691244241,0.6329237589150557,253.87766711391455,18.659166906245826,2027,11,pronosticado
Marmato,2027-12-01,92.69994239631338,0.6833121311354569,172.29618179493758,18.979397612501913,2027,12,pronosticado
Marquetalia,2026-01-01,94.09660315985133,0.6758550371751053,263.9081059296947,18.550270668729155,2026,1,pronosticado
Marquetalia,2026-02-01,95.72825743494425,0.6102263733315676,322.40614596183383,18.714499014826163,2026,2,pronosticado
Marquetalia,2026-03-01,110.04389869888477,0.6596125983434377,349.44601672363723,18.818735141118957,2026,3,pronosticado
Marquetalia,2026-04-01,97.73842936802977,0.6608278791638705,366.60134277498975,19.022406415536903,2026,4,pronosticado
Marquetalia,2026-05-01,96.42860130111526,0.7400834113450644,356.5378714963473,19.050491873881708,2026,5,pronosticado
Marquetalia,2026-06-01,93.66017657992566,0.803535322612114,231.913338922742,18.984814330145547,2026,6,pronosticado
Marquetalia,2026-07-01,96.09703066914501,0.8124651837460204,109.3695474671789,18.930018265885813,2026,7,pronosticado
Marquetalia,2026-08-01,100.68350836431229,0.7847716359283226,231.6429979593856,19.18740170722189,2026,8,pronosticado
Marquetalia,2026-09-01,104.33786710037177,0.7518030748325538,249.97473115093098,19.2678771011339,2026,9,pronosticado
Marquetalia,2026-10-01,95.92601765799259,0.6715841684834305,417.33566582963084,18.941520801313448,2026,10,pronosticado
Marquetalia,2026-11-01,90.71092936802975,0.6332484155610003,454.14255440895266,18.779839306916006,2026,11,pronosticado
Marquetalia,2026-12-01,95.26290892193312,0.6735681413241255,381.75410663986844,18.93984830231663,2026,12,pronosticado
Marquetalia,2027-01-01,94.09660315985133,0.6758550371751053,263.9081059296947,19.023572486511014,2027,1,pronosticado
Marquetalia,2027-02-01,95.72825743494425,0.6102263733315676,322.40614596183383,18.976103162381854,2027,2,pronosticado
Marquetalia,2027-03-01,110.04389869888477,0.6596125983434377,349.44601672363723,18.939942016604547,2027,3,pronosticado
Marquetalia,2027-04-01,97.73842936802977,0.6608278791638705,366.60134277498975,19.02297782393098,2027,4,pronosticado
Marquetalia,2027-05-01,96.42860130111526,0.7400834113450644,356.5378714963473,19.050670132711943,2027,5,pronosticado
Marquetalia,2027-06-01,93.66017657992566,0.803535322612114,231.913338922742,18.937696104494037,2027,6,pronosticado
Marquetalia,2027-07-01,96.09703066914501,0.8124651837460204,109.3695474671789,18.94476110237498,2027,7,pronosticado
Marquetalia,2027-08-01,100.68350836431229,0.7847716359283226,231.6429979593856,19.19959452480495,2027,8,pronosticado
Marquetalia,2027-09-01,104.33786710037177,0.7518030748325538,249.97473115093098,19.246690203495483,2027,9,pronosticado
Marquetalia,2027-10-01,95.92601765799259,0.6715841684834305,417.33566582963084,18.867556150997338,2027,10,pronosticado
Marquetalia,2027-11-01,90.71092936802975,0.6332484155610003,454.14255440895266,18.85815933867307,2027,11,pronosticado
Marquetalia,2027-12-01,95.26290892193312,0.6735681413241255,381.75410663986844,19.003129560113265,2027,12,pronosticado
Marulanda,2026-01-01,76.1868891855808,0.6612251372501452,117.62516987842112,13.10387587920776,2026,1,pronosticado
Marulanda,2026-02-01,73.6352314196707,0.550909479034973,142.1984525635527,13.33547380347768,2026,2,pronosticado
Marulanda,2026-03-01,87.51045060080111,0.5069500150274537,194.61523731030584,13.320697631224862,2026,3,pronosticado
Marulanda,2026-04-01,79.92390965732089,0.5107740591942895,232.16720522104265,13.262289206810728,2026,4,pronosticado
Marulanda,2026-05-01,79.26106030262575,0.6137529162669798,228.95737222204298,13.262127498788114,2026,5,pronosticado
Marulanda,2026-06-01,76.24051735647532,0.6331676742701547,156.12666436976093,13.065884444340048,2026,6,pronosticado
Marulanda,2026-07-01,76.12862928348912,0.6366217210180727,100.22387496405612,13.082563921696817,2026,7,pronosticado
Marulanda,2026-08-01,81.8235436137072,0.6202416652845104,136.87653992526197,13.255077153509884,2026,8,pronosticado
Marulanda,2026-09-01,85.91842567868272,0.5917680802204889,148.1185935161139,13.289604552951252,2026,9,pronosticado
Marulanda,2026-10-01,79.21121940364934,0.5213771377269248,293.1335799405431,12.93258941333751,2026,10,pronosticado
Marulanda,2026-11-01,73.72672674677351,0.5333574538254228,239.25593875236478,12.872780026383674,2026,11,pronosticado
Marulanda,2026-12-01,76.3179428126391,0.6455774511317879,154.32410730562356,12.964668110121847,2026,12,pronosticado
Marulanda,2027-01-01,76.1868891855808,0.6612251372501452,117.62516987842112,13.10387587920776,2027,1,pronosticado
Marulanda,2027-02-01,73.6352314196707,0.550909479034973,142.1984525635527,13.33547380347768,2027,2,pronosticado
Marulanda,2027-03-01,87.51045060080111,0.5069500150274537,194.61523731030584,13.320697631224862,2027,3,pronosticado
Marulanda,2027-04-01,79.92390965732089,0.5107740591942895,232.16720522104265,13.262289206810728,2027,4,pronosticado
Marulanda,2027-05-01,79.26106030262575,0.6137529162669798,228.95737222204298,13.262127498788114,2027,5,pronosticado
Marulanda,2027-06-01,76.24051735647532,0.6331676742701547,156.12666436976093,13.065884444340048,2027,6,pronosticado
Marulanda,2027-07-01,76.12862928348912,0.6366217210180727,100.22387496405612,13.082563921696817,2027,7,pronosticado
Marulanda,2027-08-01,81.8235436137072,0.6202416652845104,136.87653992526197,13.255077153509884,2027,8,pronosticado
Marulanda,2027-09-01,85.91842567868272,0.5917680802204889,148.1185935161139,13.289604552951252,2027,9,pronosticado
Marulanda,2027-10-01,79.21121940364934,0.5213771377269248,293.1335799405431,12.93258941333751,2027,10,pronosticado
Marulanda,2027-11-01,73.72672674677351,0.5333574538254228,239.25593875236478,12.872780026383674,2027,11,pronosticado
Marulanda,2027-12-01,76.3179428126391,0.6455774511317879,154.32410730562356,12.964668110121847,2027,12,pronosticado
Neira,2026-01-01,87.57997395833334,0.6939838745865705,109.34532625756182,15.953219068713997,2026,1,pronosticado
Neira,2026-02-01,83.81629189311596,0.6430028533649201,129.00140671646463,15.953570508830047,2026,2,pronosticado
Neira,2026-03-01,101.61128170289855,0.6119279391480617,184.55513209642572,16.081179659888917,2026,3,pronosticado
Neira,2026-04-01,92.32769587862319,0.6117831427151514,237.99448416387207,16.07967952155886,2026,4,pronosticado
Neira,2026-05-01,88.74277966485508,0.6581497212226359,229.42121191749607,16.009438240386096,2026,5,pronosticado
Neira,2026-06-01,83.85479732789855,0.6785065400390669,144.8382077858201,16.01894142359833,2026,6,pronosticado
Neira,2026-07-01,85.068115942029,0.6757182053439128,99.73898810725656,16.055461490776384,2026,7,pronosticado
Neira,2026-08-01,93.31459239130436,0.6651278849877025,122.72641485235603,16.06655511431957,2026,8,pronosticado
Neira,2026-09-01,96.18771399456523,0.6341492069914738,131.28668895226224,16.0420331713506,2026,9,pronosticado
Neira,2026-10-01,88.9852785326087,0.5892437430531084,286.7414267010114,16.05787002229765,2026,10,pronosticado
Neira,2026-11-01,83.89465126811595,0.5973067425580919,252.8128689485779,16.07244682934007,2026,11,pronosticado
Neira,2026-12-01,85.01717164855073,0.6633552675611305,153.120291064618,16.042749097052436,2026,12,pronosticado
Neira,2027-01-01,87.57997395833334,0.6939838745865705,109.34532625756182,16.061110794188295,2027,1,pronosticado
Neira,2027-02-01,83.81629189311596,0.6430028533649201,129.00140671646463,16.07335308779806,2027,2,pronosticado
Neira,2027-03-01,101.61128170289855,0.6119279391480617,184.55513209642572,16.057097462382227,2027,3,pronosticado
Neira,2027-04-01,92.32769587862319,0.6117831427151514,237.99448416387207,16.0655825483427,2027,4,pronosticado
Neira,2027-05-01,88.74277966485508,0.6581497212226359,229.42121191749607,16.069324063585054,2027,5,pronosticado
Neira,2027-06-01,83.85479732789855,0.6785065400390669,144.8382077858201,16.071932505396997,2027,6,pronosticado
Neira,2027-07-01,85.068115942029,0.6757182053439128,99.73898810725656,16.062371675671358,2027,7,pronosticado
Neira,2027-08-01,93.31459239130436,0.6651278849877025,122.72641485235603,16.0599863891006,2027,8,pronosticado
Neira,2027-09-01,96.18771399456523,0.6341492069914738,131.28668895226224,16.06753137131364,2027,9,pronosticado
Neira,2027-10-01,88.9852785326087,0.5892437430531084,286.7414267010114,16.06705350142654,2027,10,pronosticado
Neira,2027-11-01,83.89465126811595,0.5973067425580919,252.8128689485779,16.06705350142654,2027,11,pronosticado
Neira,2027-12-01,85.01717164855073,0.6633552675611305,153.120291064618,16.071523754819673,2027,12,pronosticado
Norcasia,2026-01-01,93.86309191176473,0.7243205887295525,212.08815948466608,24.418633354939125,2026,1,pronosticado
Norcasia,2026-02-01,92.25415441176473,0.715278973179493,215.91057942713715,25.271798707737215,2026,2,pronosticado
Norcasia,2026-03-01,115.3845735294118,0.7252283115567695,336.4000185644717,25.076442617221286,2026,3,pronosticado
Norcasia,2026-04-01,112.74949816176475,0.7280091489494067,415.39567182196436,24.71336385395844,2026,4,pronosticado
Norcasia,2026-05-01,110.03362867647061,0.7799956145122072,392.21032198515815,24.836232518119544,2026,5,pronosticado
Norcasia,2026-06-01,104.45155147058827,0.8096743138672385,228.44665162899332,25.331291817120864,2026,6,pronosticado
Norcasia,2026-07-01,106.1082867647059,0.7990786421952505,173.23659909845233,25.89444429797687,2026,7,pronosticado
Norcasia,2026-08-01,112.45850000000003,0.7920761536214395,269.20167157311454,26.1138383109878,2026,8,pronosticado
Norcasia,2026-09-01,118.36270588235297,0.7770292250652441,316.40170309113483,25.919064812462732,2026,9,pronosticado
Norcasia,2026-10-01,108.88842095588238,0.7461343556024802,503.4920244507802,24.33222442478966,2026,10,pronosticado
Norcasia,2026-11-01,102.37636580882356,0.713636193957666,467.4238438932161,23.524591295141374,2026,11,pronosticado
Norcasia,2026-12-01,106.52015992647061,0.7326987897976368,278.78352675037985,23.802184349827996,2026,12,pronosticado
Norcasia,2027-01-01,93.86309191176473,0.7243205887295525,212.08815948466608,24.418633354939125,2027,1,pronosticado
Norcasia,2027-02-01,92.25415441176473,0.715278973179493,215.91057942713715,25.271798707737215,2027,2,pronosticado
Norcasia,2027-03-01,115.3845735294118,0.7252283115567695,336.4000185644717,25.076442617221286,2027,3,pronosticado
Norcasia,2027-04-01,112.74949816176475,0.7280091489494067,415.39567182196436,24.71336385395844,2027,4,pronosticado
Norcasia,2027-05-01,110.03362867647061,0.7799956145122072,392.21032198515815,24.836232518119544,2027,5,pronosticado
Norcasia,2027-06-01,104.45155147058827,0.8096743138672385,228.44665162899332,25.331291817120864,2027,6,pronosticado
Norcasia,2027-07-01,106.1082867647059,0.7990786421952505,173.23659909845233,25.89444429797687,2027,7,pronosticado
Norcasia,2027-08-01,112.45850000000003,0.7920761536214395,269.20167157311454,26.1138383109878,2027,8,pronosticado
Norcasia,2027-09-01,118.36270588235297,0.7770292250652441,316.40170309113483,25.919064812462732,2027,9,pronosticado
Norcasia,2027-10-01,108.88842095588238,0.7461343556024802,503.4920244507802,24.33222442478966,2027,10,pronosticado
Norcasia,2027-11-01,102.37636580882356,0.713636193957666,467.4238438932161,23.524591295141374,2027,11,pronosticado
Norcasia,2027-12-01,106.52015992647061,0.7326987897976368,278.78352675037985,23.802184349827996,2027,12,pronosticado
Palestina,2026-01-01,96.37805741983595,0.7662070914054605,134.59601293975555,18.35554658593577,2026,1,pronosticado
Palestina,2026-02-01,91.87802386278896,0.7355012274725207,173.0165554926852,18.32521970623329,2026,2,pronosticado
Palestina,2026-03-01,114.04368754660702,0.742939569249334,218.862323511239,18.27534918867898,2026,3,pronosticado
Palestina,2026-04-01,104.47301267710664,0.7394809460695796,280.17859715111337,18.23868427951823,2026,4,pronosticado
Palestina,2026-05-01,97.25808351976139,0.7648078337237989,269.45737961347544,18.06850600714233,2026,5,pronosticado
Palestina,2026-06-01,92.78831096196868,0.7662022283498151,187.47118924692128,18.010859378170817,2026,6,pronosticado
Palestina,2026-07-01,96.15475018642805,0.7756923361799799,148.02460191712944,17.93847105384922,2026,7,pronosticado
Palestina,2026-08-01,106.03200596569725,0.769055954256746,185.13052622378194,17.861660892744652,2026,8,pronosticado
Palestina,2026-09-01,105.10898956002984,0.7614620983210296,171.6427523847425,17.843145703578696,2026,9,pronosticado
Palestina,2026-10-01,98.49889634601044,0.7589760031972006,277.77372082968185,17.80914861048075,2026,10,pronosticado
Palestina,2026-11-01,94.38287472035795,0.758159886613468,287.4786947309262,17.930793409728384,2026,11,pronosticado
Palestina,2026-12-01,92.41611111111112,0.7692451987443503,182.06712975029183,18.056272193089338,2026,12,pronosticado
Palestina,2027-01-01,96.37805741983595,0.7662070914054605,134.59601293975555,18.102712788237714,2027,1,pronosticado
Palestina,2027-02-01,91.87802386278896,0.7355012274725207,173.0165554926852,18.236083773164648,2027,2,pronosticado
Palestina,2027-03-01,114.04368754660702,0.742939569249334,218.862323511239,18.053800802961966,2027,3,pronosticado
Palestina,2027-04-01,104.47301267710664,0.7394809460695796,280.17859715111337,18.021358319945968,2027,4,pronosticado
Palestina,2027-05-01,97.25808351976139,0.7648078337237989,269.45737961347544,17.930713018300313,2027,5,pronosticado
Palestina,2027-06-01,92.78831096196868,0.7662022283498151,187.47118924692128,17.90428913913677,2027,6,pronosticado
Palestina,2027-07-01,96.15475018642805,0.7756923361799799,148.02460191712944,17.85968814681413,2027,7,pronosticado
Palestina,2027-08-01,106.03200596569725,0.769055954256746,185.13052622378194,17.815556460101345,2027,8,pronosticado
Palestina,2027-09-01,105.10898956002984,0.7614620983210296,171.6427523847425,17.803877589016867,2027,9,pronosticado
Palestina,2027-10-01,98.49889634601044,0.7589760031972006,277.77372082968185,17.726660890838914,2027,10,pronosticado
Palestina,2027-11-01,94.38287472035795,0.758159886613468,287.4786947309262,17.616658950345496,2027,11,pronosticado
Palestina,2027-12-01,92.41611111111112,0.7692451987443503,182.06712975029183,17.722177659171123,2027,12,pronosticado
Pensilvania,2026-01-01,83.7075082814071,0.566531999861052,178.22091066638347,16.13749199482164,2026,1,pronosticado
Pensilvania,2026-02-01,87.88865536609768,0.48751163151347526,212.817375157547,16.487527859080156,2026,2,pronosticado
Pensilvania,2026-03-01,93.3432280068188,0.48872812378764946,291.37508289033474,16.484415985794353,2026,3,pronosticado
Pensilvania,2026-04-01,85.9971237691618,0.5191816227146723,302.5909780717164,16.440390707245477,2026,4,pronosticado
Pensilvania,2026-05-01,85.26911026204338,0.6281948067491426,331.29782914676446,16.498551142025452,2026,5,pronosticado
Pensilvania,2026-06-01,82.68633668548941,0.6894006768851282,198.71542603746136,16.55121372420384,2026,6,pronosticado
Pensilvania,2026-07-01,87.61375308655178,0.7192301886848427,141.1957623933569,16.851789230386697,2026,7,pronosticado
Pensilvania,2026-08-01,92.84134142116557,0.6792616813949283,198.92499280462957,17.16571894151569,2026,8,pronosticado
Pensilvania,2026-09-01,86.86372344371252,0.6220271045760543,232.23679724259793,17.191891163676996,2026,9,pronosticado
Pensilvania,2026-10-01,93.10005614524005,0.5083302502284524,408.5180855135254,16.216482544770294,2026,10,pronosticado
Pensilvania,2026-11-01,83.69041097581241,0.5190794148222877,322.9866536134021,15.784504018552306,2026,11,pronosticado
Pensilvania,2026-12-01,83.9447870053316,0.5760970791628429,224.38366227428494,15.902277616205042,2026,12,pronosticado
Pensilvania,2027-01-01,82.10499539572128,0.566531999861052,178.22091066638347,16.13749199482164,2027,1,pronosticado
Pensilvania,2027-02-01,86.72413350846183,0.48751163151347526,212.817375157547,16.487527859080156,2027,2,pronosticado
Pensilvania,2027-03-01,91.81471694165838,0.48872812378764946,291.37508289033474,16.484415985794353,2027,3,pronosticado
Pensilvania,2027-04-01,83.70158704053264,0.5191816227146723,302.5909780717164,16.440390707245477,2027,4,pronosticado
Pensilvania,2027-05-01,85.08002343414476,0.6281948067491426,331.29782914676446,16.498551142025452,2027,5,pronosticado
Pensilvania,2027-06-01,82.5019219397763,0.6894006768851282,198.71542603746136,16.55121372420384,2027,6,pronosticado
Pensilvania,2027-07-01,85.89631518084161,0.7192301886848427,141.1957623933569,16.851789230386697,2027,7,pronosticado
Pensilvania,2027-08-01,90.25965137939673,0.6792616813949283,198.92499280462957,17.16571894151569,2027,8,pronosticado
Pensilvania,2027-09-01,85.84754051083101,0.6220271045760543,232.23679724259793,17.191891163676996,2027,9,pronosticado
Pensilvania,2027-10-01,89.16836455740422,0.5083302502284524,408.5180855135254,16.216482544770294,2027,10,pronosticado
Pensilvania,2027-11-01,82.6947792071525,0.5190794148222877,322.9866536134021,15.784504018552306,2027,11,pronosticado
Pensilvania,2027-12-01,84.48316696419369,0.5760970791628429,224.38366227428494,15.902277616205042,2027,12,pronosticado
Pácora,2026-01-01,84.87716027308191,0.7136907556245597,100.09134488722823,17.12540198613722,2026,1,pronosticado
Pácora,2026-02-01,84.6875,0.6674427250380935,134.86827394617245,17.356390373516387,2026,2,pronosticado
Pácora,2026-03-01,102.9334167750325,0.6445157675563176,191.10149446955626,17.222541138505722,2026,3,pronosticado
Pácora,2026-04-01,96.76252438231468,0.632629079451072,249.47404964362374,17.079912612691608,2026,4,pronosticado
Pácora,2026-05-01,92.53765279583874,0.6944412705431217,254.2462646614187,17.05318095803768,2026,5,pronosticado
Pácora,2026-06-01,88.50689206762027,0.7133868179409327,158.9696847269011,16.911013923811954,2026,6,pronosticado
Pácora,2026-07-01,90.57913524057217,0.7221032996241523,115.18466417423339,17.202911007586987,2026,7,pronosticado
Pácora,2026-08-01,97.64700097529257,0.7028523363334271,158.25913372563497,17.411707430530697,2026,8,pronosticado
Pácora,2026-09-01,99.67051365409623,0.662352217251828,186.56333007849383,17.30170768253389,2026,9,pronosticado
Pácora,2026-10-01,92.18762353706111,0.6056339035776664,307.77334327847285,16.67739280767945,2026,10,pronosticado
Pácora,2026-11-01,85.85148407022106,0.6208446190932693,268.0613918861467,16.579764640949037,2026,11,pronosticado
Pácora,2026-12-01,87.26775520156046,0.6904805362306724,164.30800219202783,16.852561287111914,2026,12,pronosticado
Pácora,2027-01-01,84.87716027308191,0.7136907556245597,100.09134488722823,17.12540198613722,2027,1,pronosticado
Pácora,2027-02-01,84.6875,0.6674427250380935,134.86827394617245,17.356390373516387,2027,2,pronosticado
Pácora,2027-03-01,102.9334167750325,0.6445157675563176,191.10149446955626,17.222541138505722,2027,3,pronosticado
Pácora,2027-04-01,96.76252438231468,0.632629079451072,249.47404964362374,17.079912612691608,2027,4,pronosticado
Pácora,2027-05-01,92.53765279583874,0.6944412705431217,254.2462646614187,17.05318095803768,2027,5,pronosticado
Pácora,2027-06-01,88.50689206762027,0.7133868179409327,158.9696847269011,16.911013923811954,2027,6,pronosticado
Pácora,2027-07-01,90.57913524057217,0.7221032996241523,115.18466417423339,17.202911007586987,2027,7,pronosticado
Pácora,2027-08-01,97.64700097529257,0.7028523363334271,158.25913372563497,17.411707430530697,2027,8,pronosticado
Pácora,2027-09-01,99.67051365409623,0.662352217251828,186.56333007849383,17.30170768253389,2027,9,pronosticado
Pácora,2027-10-01,92.18762353706111,0.6056339035776664,307.77334327847285,16.67739280767945,2027,10,pronosticado
Pácora,2027-11-01,85.85148407022106,0.6208446190932693,268.0613918861467,16.579764640949037,2027,11,pronosticado
Pácora,2027-12-01,87.26775520156046,0.6904805362306724,164.30800219202783,16.852561287111914,2027,12,pronosticado
Riosucio,2026-01-01,84.33099261511731,0.6775445633272894,100.32956704745361,15.761313145988643,2026,1,pronosticado
Riosucio,2026-02-01,82.86257819287577,0.6504007699751556,222.10242520329683,15.886986161426234,2026,2,pronosticado
Riosucio,2026-03-01,99.19359035621201,0.6131463144467704,240.60798157708325,15.836653143121193,2026,3,pronosticado
Riosucio,2026-04-01,92.6038281928758,0.6084596779746158,262.9616846415415,15.793546921376892,2026,4,pronosticado
Riosucio,2026-05-01,88.27223935708082,0.6859166548312532,243.36663433834568,15.788455078266027,2026,5,pronosticado
Riosucio,2026-06-01,85.83313966116422,0.7391937754152705,191.3194774854075,15.77869226732928,2026,6,pronosticado
Riosucio,2026-07-01,89.84310925282365,0.7597817989091535,105.99568789925425,15.939857406312889,2026,7,pronosticado
Riosucio,2026-08-01,95.25294309296267,0.7095068398627017,118.27687633130608,15.984644104578132,2026,8,pronosticado
Riosucio,2026-09-01,95.47171589921808,0.6506223091808656,143.8095387762942,15.971116931191352,2026,9,pronosticado
Riosucio,2026-10-01,88.38369352736753,0.570352574819515,212.1156775940832,16.0060777832446,2026,10,pronosticado
Riosucio,2026-11-01,83.24605886185927,0.5823321829520337,253.79505044852655,16.0117285355117,2026,11,pronosticado
Riosucio,2026-12-01,83.94646503040836,0.6466541672303715,169.18770965800203,15.990175759854106,2026,12,pronosticado
Riosucio,2027-01-01,84.33099261511731,0.6775445633272894,107.05221267280615,15.988827861666755,2027,1,pronosticado
Riosucio,2027-02-01,82.86257819287577,0.6504007699751556,143.63458447141247,16.0002142738735,2027,2,pronosticado
Riosucio,2027-03-01,99.19359035621201,0.6131463144467704,183.471575546052,16.005885811130515,2027,3,pronosticado
Riosucio,2027-04-01,92.6038281928758,0.6084596779746158,270.8084544016776,15.991124376509259,2027,4,pronosticado
Riosucio,2027-05-01,88.27223935708082,0.6859166548312532,246.5645634737982,15.986621725537299,2027,5,pronosticado
Riosucio,2027-06-01,85.83313966116422,0.7391937754152705,211.0818047954624,16.003708618838303,2027,6,pronosticado
Riosucio,2027-07-01,89.84310925282365,0.7597817989091535,183.92188685540833,16.008159185376694,2027,7,pronosticado
Riosucio,2027-08-01,95.25294309296267,0.7095068398627017,129.46960896256348,15.991938534842411,2027,8,pronosticado
Riosucio,2027-09-01,95.47171589921808,0.6506223091808656,170.72106436874714,15.988396697533585,2027,9,pronosticado
Riosucio,2027-10-01,88.38369352736753,0.570352574819515,215.39954578512427,16.000234313164025,2027,10,pronosticado
Riosucio,2027-11-01,83.24605886185927,0.5823321829520337,267.79574916806143,16.00600126461633,2027,11,pronosticado
Riosucio,2027-12-01,83.94646503040836,0.6466541672303715,162.52371311081444,15.991938534842411,2027,12,pronosticado
Risaralda,2026-01-01,95.42791589648799,0.7303308851568466,114.02081833543286,18.22919766546051,2026,1,pronosticado
Risaralda,2026-02-01,92.29042513863217,0.6964592110016528,145.24427229961066,18.450552786818502,2026,2,pronosticado
Risaralda,2026-03-01,113.15402957486137,0.6907033724056437,200.36853698416365,18.387307364450862,2026,3,pronosticado
Risaralda,2026-04-01,103.59032347504622,0.6927685727347525,247.95124641195451,18.41407940630772,2026,4,pronosticado
Risaralda,2026-05-01,96.86219963031424,0.7095536061433804,260.24267106305257,18.41729963504125,2026,5,pronosticado
Risaralda,2026-06-01,92.32579020332717,0.7359866418524844,183.1993947248931,18.088080167349922,2026,6,pronosticado
Risaralda,2026-07-01,95.8228696857671,0.7482904814625921,143.90978353310337,17.955139603283595,2026,7,pronosticado
Risaralda,2026-08-01,104.9319316081331,0.7421582975406226,172.6347219580818,17.969396305187338,2026,8,pronosticado
Risaralda,2026-09-01,104.19559611829945,0.7181159576057045,145.79233117997114,18.01174980432691,2026,9,pronosticado
Risaralda,2026-10-01,98.09411737523106,0.6876405764253772,257.8781114761426,18.062156340028356,2026,10,pronosticado
Risaralda,2026-11-01,94.33226432532348,0.6961061610670415,263.34512412740344,18.103091684237175,2026,11,pronosticado
Risaralda,2026-12-01,93.50482902033272,0.7125462682334048,168.74384943034198,18.136662987902604,2026,12,pronosticado
Risaralda,2027-01-01,95.42791589648799,0.7303308851568466,114.02081833543286,18.22919766546051,2027,1,pronosticado
Risaralda,2027-02-01,92.29042513863217,0.6964592110016528,145.24427229961066,18.450552786818502,2027,2,pronosticado
Risaralda,2027-03-01,113.15402957486137,0.6907033724056437,200.36853698416365,18.387307364450862,2027,3,pronosticado
Risaralda,2027-04-01,103.59032347504622,0.6927685727347525,247.95124641195451,18.41407940630772,2027,4,pronosticado
Risaralda,2027-05-01,96.86219963031424,0.7095536061433804,260.24267106305257,18.41729963504125,2027,5,pronosticado
Risaralda,2027-06-01,92.32579020332717,0.7359866418524844,183.1993947248931,18.088080167349922,2027,6,pronosticado
Risaralda,2027-07-01,95.8228696857671,0.7482904814625921,143.90978353310337,17.955139603283595,2027,7,pronosticado
Risaralda,2027-08-01,104.9319316081331,0.7421582975406226,172.6347219580818,17.969396305187338,2027,8,pronosticado
Risaralda,2027-09-01,104.19559611829945,0.7181159576057045,145.79233117997114,18.01174980432691,2027,9,pronosticado
Risaralda,2027-10-01,98.09411737523106,0.6876405764253772,257.8781114761426,18.062156340028356,2027,10,pronosticado
Risaralda,2027-11-01,94.33226432532348,0.6961061610670415,263.34512412740344,18.103091684237175,2027,11,pronosticado
Risaralda,2027-12-01,93.50482902033272,0.7125462682334048,168.74384943034198,18.136662987902604,2027,12,pronosticado
Salamina,2026-01-01,79.80946528676152,0.699198451617481,97.3922505229279,13.854475319501072,2026,1,pronosticado
Salamina,2026-02-01,77.88212376024148,0.6515225709435777,127.90931368811141,14.097330634928644,2026,2,pronosticado
Salamina,2026-03-01,93.58577404053472,0.6103844934154031,172.9922865934976,14.073197302448127,2026,3,pronosticado
Salamina,2026-04-01,86.30967335058213,0.595412204193836,226.29494698928795,14.007484956425628,2026,4,pronosticado
Salamina,2026-05-01,84.4154905131522,0.6708755950454178,228.72038073702794,14.001621939096244,2026,5,pronosticado
Salamina,2026-06-01,81.50968520914186,0.6822435307656752,140.52747970035702,13.767211585038773,2026,6,pronosticado
Salamina,2026-07-01,82.54459034066409,0.6822644995243078,98.59471004017706,13.855600929793479,2026,7,pronosticado
Salamina,2026-08-01,87.99882276843466,0.6407192251566196,129.05277493032318,14.03522773577295,2026,8,pronosticado
Salamina,2026-09-01,91.47620957309184,0.6082581972899661,158.00399808153838,14.015330442255422,2026,9,pronosticado
Salamina,2026-10-01,84.25163324708925,0.5597190815295905,292.78790681127293,13.624240173801757,2026,10,pronosticado
Salamina,2026-11-01,78.44014014661491,0.5920156629522872,248.33408529649856,13.610071535798433,2026,11,pronosticado
Salamina,2026-12-01,80.76071798188875,0.6763737194915312,151.56692169598355,13.722570334407042,2026,12,pronosticado
Salamina,2027-01-01,79.80946528676152,0.699198451617481,97.3922505229279,13.854475319501072,2027,1,pronosticado
Salamina,2027-02-01,77.88212376024148,0.6515225709435777,127.90931368811141,14.097330634928644,2027,2,pronosticado
Salamina,2027-03-01,93.58577404053472,0.6103844934154031,172.9922865934976,14.073197302448127,2027,3,pronosticado
Salamina,2027-04-01,86.30967335058213,0.595412204193836,226.29494698928795,14.007484956425628,2027,4,pronosticado
Salamina,2027-05-01,84.4154905131522,0.6708755950454178,228.72038073702794,14.001621939096244,2027,5,pronosticado
Salamina,2027-06-01,81.50968520914186,0.6822435307656752,140.52747970035702,13.767211585038773,2027,6,pronosticado
Salamina,2027-07-01,82.54459034066409,0.6822644995243078,98.59471004017706,13.855600929793479,2027,7,pronosticado
Salamina,2027-08-01,87.99882276843466,0.6407192251566196,129.05277493032318,14.03522773577295,2027,8,pronosticado
Salamina,2027-09-01,91.47620957309184,0.6082581972899661,158.00399808153838,14.015330442255422,2027,9,pronosticado
Salamina,2027-10-01,84.25163324708925,0.5597190815295905,292.78790681127293,13.624240173801757,2027,10,pronosticado
Salamina,2027-11-01,78.44014014661491,0.5920156629522872,248.33408529649856,13.610071535798433,2027,11,pronosticado
Salamina,2027-12-01,80.76071798188875,0.6763737194915312,151.56692169598355,13.722570334407042,2027,12,pronosticado
Samaná,2026-01-01,95.27959236439654,0.6173478206103236,235.9956303969971,20.874096119793062,2026,1,pronosticado
Samaná,2026-02-01,95.14165639784356,0.6055599816913105,272.2239453979657,21.55037551870614,2026,2,pronosticado
Samaná,2026-03-01,112.28101496314227,0.5996657899070388,388.58017642254777,21.527193053544075,2026,3,pronosticado
Samaná,2026-04-01,103.11205358125207,0.6293308722540245,412.76506548254486,21.373226561567343,2026,4,pronosticado
Samaná,2026-05-01,101.5050698646716,0.7155572425777419,408.6392871553248,21.513986773306822,2026,5,pronosticado
Samaná,2026-06-01,97.09388326548576,0.779156355348612,221.77358768917276,21.85314231531852,2026,6,pronosticado
Samaná,2026-07-01,98.4067185608978,0.8077051968311084,165.26296877491546,22.34546607921805,2026,7,pronosticado
Samaná,2026-08-01,104.70262185058864,0.7776643360510019,256.70562773513353,22.683003906728285,2026,8,pronosticado
Samaná,2026-09-01,109.64641874793708,0.7330536154664835,300.18276729499775,22.638211580497973,2026,9,pronosticado
Samaná,2026-10-01,100.84521344482343,0.6449938774878288,506.64510959138914,21.159087746766254,2026,10,pronosticado
Samaná,2026-11-01,94.35228187919463,0.6188098758180103,444.15247980699485,20.375849965154114,2026,11,pronosticado
Samaná,2026-12-01,98.65034987347343,0.6364622591531937,297.4308027507427,20.501566086989936,2026,12,pronosticado
Samaná,2027-01-01,95.27959236439654,0.6173478206103236,235.9956303969971,20.874096119793062,2027,1,pronosticado
Samaná,2027-02-01,95.14165639784356,0.6055599816913105,272.2239453979657,21.55037551870614,2027,2,pronosticado
Samaná,2027-03-01,112.28101496314227,0.5996657899070388,388.58017642254777,21.527193053544075,2027,3,pronosticado
Samaná,2027-04-01,103.11205358125207,0.6293308722540245,412.76506548254486,21.373226561567343,2027,4,pronosticado
Samaná,2027-05-01,101.5050698646716,0.7155572425777419,408.6392871553248,21.513986773306822,2027,5,pronosticado
Samaná,2027-06-01,97.09388326548576,0.779156355348612,221.77358768917276,21.85314231531852,2027,6,pronosticado
Samaná,2027-07-01,98.4067185608978,0.8077051968311084,165.26296877491546,22.34546607921805,2027,7,pronosticado
Samaná,2027-08-01,104.70262185058864,0.7776643360510019,256.70562773513353,22.683003906728285,2027,8,pronosticado
Samaná,2027-09-01,109.64641874793708,0.7330536154664835,300.18276729499775,22.638211580497973,2027,9,pronosticado
Samaná,2027-10-01,100.84521344482343,0.6449938774878288,506.64510959138914,21.159087746766254,2027,10,pronosticado
Samaná,2027-11-01,94.35228187919463,0.6188098758180103,444.15247980699485,20.375849965154114,2027,11,pronosticado
Samaná,2027-12-01,98.65034987347343,0.6364622591531937,297.4308027507427,20.501566086989936,2027,12,pronosticado
San José,2026-01-01,94.78370677731675,0.7302450760699758,110.16742243474933,18.285780909704812,2026,1,pronosticado
San José,2026-02-01,93.12343706777318,0.6910933410981408,140.72151058675087,18.48134621640061,2026,2,pronosticado
San José,2026-03-01,111.93760719225452,0.6800246921702895,198.06673120153192,18.41206468878073,2026,3,pronosticado
San José,2026-04-01,103.26754495159062,0.6940454222997074,249.5495979203865,18.432342826205485,2026,4,pronosticado
San José,2026-05-01,96.58295988934995,0.7078549276045015,248.6038258512098,18.458974584404675,2026,5,pronosticado
San José,2026-06-01,92.06029045643155,0.7332090711698216,183.43336088998203,18.20196138497007,2026,6,pronosticado
San José,2026-07-01,95.35401798063626,0.7488499221271181,145.85423894769897,18.103651176940975,2026,7,pronosticado
San José,2026-08-01,105.2874481327801,0.7407801436746074,171.21603436172094,18.109832048852713,2026,8,pronosticado
San José,2026-09-01,104.18181189488246,0.7202810216519864,140.3573460106586,18.13272751812004,2026,9,pronosticado
San José,2026-10-01,97.49886583679117,0.6850617283679808,250.9870931324766,18.08971913485278,2026,10,pronosticado
San José,2026-11-01,94.46340940525589,0.6869308792404666,258.75473963758145,18.090146971970032,2026,11,pronosticado
San José,2026-12-01,94.45253112033197,0.7105095710178256,169.17809762926214,18.163924763239557,2026,12,pronosticado
San José,2027-01-01,94.78370677731675,0.7302450760699758,110.16742243474933,18.285780909704812,2027,1,pronosticado
San José,2027-02-01,93.12343706777318,0.6910933410981408,140.72151058675087,18.48134621640061,2027,2,pronosticado
San José,2027-03-01,111.93760719225452,0.6800246921702895,198.06673120153192,18.41206468878073,2027,3,pronosticado
San José,2027-04-01,103.26754495159062,0.6940454222997074,249.5495979203865,18.432342826205485,2027,4,pronosticado
San José,2027-05-01,96.58295988934995,0.7078549276045015,248.6038258512098,18.458974584404675,2027,5,pronosticado
San José,2027-06-01,92.06029045643155,0.7332090711698216,183.43336088998203,18.20196138497007,2027,6,pronosticado
San José,2027-07-01,95.35401798063626,0.7488499221271181,145.85423894769897,18.103651176940975,2027,7,pronosticado
San José,2027-08-01,105.2874481327801,0.7407801436746074,171.21603436172094,18.109832048852713,2027,8,pronosticado
San José,2027-09-01,104.18181189488246,0.7202810216519864,140.3573460106586,18.13272751812004,2027,9,pronosticado
San José,2027-10-01,97.49886583679117,0.6850617283679808,250.9870931324766,18.08971913485278,2027,10,pronosticado
San José,2027-11-01,94.46340940525589,0.6869308792404666,258.75473963758145,18.090146971970032,2027,11,pronosticado
San José,2027-12-01,94.45253112033197,0.7105095710178256,169.17809762926214,18.163924763239557,2027,12,pronosticado
Supia,2026-01-01,88.04893887362638,0.7220327479767824,99.39377295662804,18.237413056350825,2026,1,pronosticado
Supia,2026-02-01,87.78061469780222,0.6890188569864445,206.18802603937837,18.23395286149718,2026,2,pronosticado
Supia,2026-03-01,109.1297355769231,0.6725373206190041,248.3006155687923,18.354033862796125,2026,3,pronosticado
Supia,2026-04-01,104.2337671703297,0.6623951035139054,267.5649515004307,18.352581168610264,2026,4,pronosticado
Supia,2026-05-01,97.858021978022,0.6972576811911577,282.02491697472476,18.316456221156958,2026,5,pronosticado
Supia,2026-06-01,93.22799450549452,0.7339604545427153,199.4404819488543,18.37776748243545,2026,6,pronosticado
Supia,2026-07-01,97.16110920329672,0.7435788770443267,130.16325313775772,18.437549997193234,2026,7,pronosticado
Supia,2026-08-01,103.79733516483518,0.7082341047159033,152.7790768585512,18.476875303293443,2026,8,pronosticado
Supia,2026-09-01,104.54298420329671,0.6902983426568081,162.18499539964412,18.538920178279653,2026,9,pronosticado
Supia,2026-10-01,97.4046050824176,0.6456258115324944,242.09409742615645,18.763768585088044,2026,10,pronosticado
Supia,2026-11-01,92.0541723901099,0.6483299810432489,246.81396910420807,18.58979013393108,2026,11,pronosticado
Supia,2026-12-01,91.68304601648353,0.6916649881451189,169.99607698093118,18.576168725806102,2026,12,pronosticado
Supia,2027-01-01,88.04893887362638,0.7220327479767824,101.14842659707833,18.634218627015922,2027,1,pronosticado
Supia,2027-02-01,87.78061469780222,0.6890188569864445,168.3598566615141,18.58802619085894,2027,2,pronosticado
Supia,2027-03-01,109.1297355769231,0.6725373206190041,172.7111830441355,18.61430572154419,2027,3,pronosticado
Supia,2027-04-01,104.2337671703297,0.6623951035139054,234.87373613930197,18.59945897169933,2027,4,pronosticado
Supia,2027-05-01,97.858021978022,0.6972576811911577,256.36468980044674,18.61597662988897,2027,5,pronosticado
Supia,2027-06-01,93.22799450549452,0.7339604545427153,231.21339113883172,18.602250727571242,2027,6,pronosticado
Supia,2027-07-01,97.16110920329672,0.7435788770443267,174.53764679223582,18.623476365453865,2027,7,pronosticado
Supia,2027-08-01,103.79733516483518,0.7082341047159033,103.18513827108504,18.591587524599916,2027,8,pronosticado
Supia,2027-09-01,104.54298420329671,0.6902983426568081,125.29410459524044,18.626477284019646,2027,9,pronosticado
Supia,2027-10-01,97.4046050824176,0.6456258115324944,183.37229602123327,18.599456078511565,2027,10,pronosticado
Supia,2027-11-01,92.0541723901099,0.6483299810432489,242.8364295066023,18.62428075960184,2027,11,pronosticado
Supia,2027-12-01,91.68304601648353,0.6916649881451189,170.23888869105903,18.59464851963589,2027,12,pronosticado
Victoria,2026-01-01,92.6843164822016,0.7589088371567332,212.8257722881513,24.735969454910727,2026,1,pronosticado
Victoria,2026-02-01,91.2781192043075,0.7253908566956982,210.59449605567326,25.612962805975425,2026,2,pronosticado
Victoria,2026-03-01,115.25927535148071,0.7527792366496261,309.10388639824913,25.41596312165262,2026,3,pronosticado
Victoria,2026-04-01,112.25385806162129,0.7514346574382791,365.0974413753568,25.11258375654468,2026,4,pronosticado
Victoria,2026-05-01,109.68710065809152,0.7927250591642221,365.12678625991333,25.10280241466733,2026,5,pronosticado
Victoria,2026-06-01,104.9002707149267,0.8095051675934035,191.29547410117146,25.555979534347227,2026,6,pronosticado
Victoria,2026-07-01,106.98387301824707,0.7838222218749874,133.65129917698127,26.04751412109254,2026,7,pronosticado
Victoria,2026-08-01,113.92161980257254,0.7725704928260198,216.58427300340654,26.422546651815278,2026,8,pronosticado
Victoria,2026-09-01,117.80630795692491,0.771881764024675,263.93690277132646,26.422754709915694,2026,9,pronosticado
Victoria,2026-10-01,109.06603350284176,0.7502461695798733,497.32967498944674,24.79642794880063,2026,10,pronosticado
Victoria,2026-11-01,102.91511740951242,0.7381143184914636,458.513266258097,23.814084671051134,2026,11,pronosticado
Victoria,2026-12-01,104.6809258151361,0.7693858821063875,277.38821790463027,24.080209523877016,2026,12,pronosticado
Victoria,2027-01-01,92.6843164822016,0.7589088371567332,212.8257722881513,24.735969454910727,2027,1,pronosticado
Victoria,2027-02-01,91.2781192043075,0.7253908566956982,210.59449605567326,25.612962805975425,2027,2,pronosticado
Victoria,2027-03-01,115.25927535148071,0.7527792366496261,309.10388639824913,25.41596312165262,2027,3,pronosticado
Victoria,2027-04-01,112.25385806162129,0.7514346574382791,365.0974413753568,25.11258375654468,2027,4,pronosticado
Victoria,2027-05-01,109.68710065809152,0.7927250591642221,365.12678625991333,25.10280241466733,2027,5,pronosticado
Victoria,2027-06-01,104.9002707149267,0.8095051675934035,191.29547410117146,25.555979534347227,2027,6,pronosticado
Victoria,2027-07-01,106.98387301824707,0.7838222218749874,133.65129917698127,26.04751412109254,2027,7,pronosticado
Victoria,2027-08-01,113.92161980257254,0.7725704928260198,216.58427300340654,26.422546651815278,2027,8,pronosticado
Victoria,2027-09-01,117.80630795692491,0.771881764024675,263.93690277132646,26.422754709915694,2027,9,pronosticado
Victoria,2027-10-01,109.06603350284176,0.7502461695798733,497.32967498944674,24.79642794880063,2027,10,pronosticado
Victoria,2027-11-01,102.91511740951242,0.7381143184914636,458.513266258097,23.814084671051134,2027,11,pronosticado
Victoria,2027-12-01,104.6809258151361,0.7693858821063875,277.38821790463027,24.080209523877016,2027,12,pronosticado
Villamaria,2026-01-01,73.37988984762255,0.5747198128002469,119.58462844670922,11.231776148749155,2026,1,pronosticado
Villamaria,2026-02-01,68.83830824306958,0.4839477391921628,153.7064957606331,11.25295853480089,2026,2,pronosticado
Villamaria,2026-03-01,83.35763539563064,0.4212194568577617,203.59694489456228,11.262401350008785,2026,3,pronosticado
Villamaria,2026-04-01,75.60904075637967,0.39590662394407744,230.75045558800866,11.275499144541584,2026,4,pronosticado
Villamaria,2026-05-01,74.93876078575363,0.42748077144445323,221.4997360652922,11.269008012375181,2026,5,pronosticado
Villamaria,2026-06-01,69.99652928217367,0.46685977520390987,154.71949795398658,11.257852090418085,2026,6,pronosticado
Villamaria,2026-07-01,71.41489994492382,0.4682571899228549,101.00830258566224,11.270386547592853,2026,7,pronosticado
Villamaria,2026-08-01,77.20686800073436,0.4616451407131751,126.72377120198709,11.190418445137482,2026,8,pronosticado
Villamaria,2026-09-01,82.33918487240683,0.42870847793746725,134.8641144261813,11.16397751642688,2026,9,pronosticado
Villamaria,2026-10-01,74.43249311547642,0.38325699457586165,263.72770143268235,11.134541197115544,2026,10,pronosticado
Villamaria,2026-11-01,70.93912245272628,0.4318299258568861,242.08920374356612,11.192172986354965,2026,11,pronosticado
Villamaria,2026-12-01,73.06960345144117,0.5211782905680287,155.35481817400228,11.204131857638888,2026,12,pronosticado
Villamaria,2027-01-01,73.37988984762255,0.5747198128002469,119.58462844670922,11.225484960791396,2027,1,pronosticado
Villamaria,2027-02-01,68.83830824306958,0.4839477391921628,153.7064957606331,11.255647250931302,2027,2,pronosticado
Villamaria,2027-03-01,83.35763539563064,0.4212194568577617,203.59694489456228,11.244927467219918,2027,3,pronosticado
Villamaria,2027-04-01,75.60904075637967,0.39590662394407744,230.75045558800866,11.247196774862532,2027,4,pronosticado
Villamaria,2027-05-01,74.93876078575363,0.42748077144445323,221.4997360652922,11.252172253048325,2027,5,pronosticado
Villamaria,2027-06-01,69.99652928217367,0.46685977520390987,154.71949795398658,11.253540469671314,2027,6,pronosticado
Villamaria,2027-07-01,71.41489994492382,0.4682571899228549,101.00830258566224,11.247196774862532,2027,7,pronosticado
Villamaria,2027-08-01,77.20686800073436,0.4616451407131751,126.72377120198709,11.264499088253151,2027,8,pronosticado
Villamaria,2027-09-01,82.33918487240683,0.42870847793746725,134.8641144261813,11.261405356282298,2027,9,pronosticado
Villamaria,2027-10-01,74.43249311547642,0.38325699457586165,263.72770143268235,11.252528813108427,2027,10,pronosticado
Villamaria,2027-11-01,70.93912245272628,0.4318299258568861,242.08920374356612,11.27783044844401,2027,11,pronosticado
Villamaria,2027-12-01,73.06960345144117,0.5211782905680287,155.35481817400228,11.27298582231996,2027,12,pronosticado
Viterbo,2026-01-01,94.87157345264728,0.7366063265734587,121.57229545391993,19.065529475949294,2026,1,pronosticado
Viterbo,2026-02-01,91.37115958240119,0.703189872253259,149.5508441588915,19.196355392542756,2026,2,pronosticado
Viterbo,2026-03-01,114.45594332587623,0.713252630443584,211.73250280140348,19.083423117445054,2026,3,pronosticado
Viterbo,2026-04-01,106.2185533184191,0.7422667886420404,265.22906077999704,19.06792985681649,2026,4,pronosticado
Viterbo,2026-05-01,97.35442580164057,0.7613225720170438,257.38479296883366,19.137356063976572,2026,5,pronosticado
Viterbo,2026-06-01,92.16367263236391,0.7604739717573195,186.36993299993594,18.99304914592374,2026,6,pronosticado
Viterbo,2026-07-01,94.62746085011187,0.7491870407545749,160.1181130581048,18.96363517570292,2026,7,pronosticado
Viterbo,2026-08-01,103.94050335570469,0.7351866374057412,175.63556937372286,18.98848350563765,2026,8,pronosticado
Viterbo,2026-09-01,104.20299403430276,0.72757193039265,150.06411332089883,19.00221327463524,2026,9,pronosticado
Viterbo,2026-10-01,98.92895600298286,0.7323773018948504,263.24546136351034,18.76882328637874,2026,10,pronosticado
Viterbo,2026-11-01,95.68160328113348,0.7411003914684283,275.9645978475557,18.71983926595079,2026,11,pronosticado
Viterbo,2026-12-01,92.36566741237883,0.7513892971656799,181.64317424010878,18.872466152076218,2026,12,pronosticado
Viterbo,2027-01-01,94.87157345264728,0.7366063265734587,121.57229545391993,19.065529475949294,2027,1,pronosticado
Viterbo,2027-02-01,91.37115958240119,0.703189872253259,149.5508441588915,19.196355392542756,2027,2,pronosticado
Viterbo,2027-03-01,114.45594332587623,0.713252630443584,211.73250280140348,19.083423117445054,2027,3,pronosticado
Viterbo,2027-04-01,106.2185533184191,0.7422667886420404,265.22906077999704,19.06792985681649,2027,4,pronosticado
Viterbo,2027-05-01,97.35442580164057,0.7613225720170438,257.38479296883366,19.137356063976572,2027,5,pronosticado
Viterbo,2027-06-01,92.16367263236391,0.7604739717573195,186.36993299993594,18.99304914592374,2027,6,pronosticado
Viterbo,2027-07-01,94.62746085011187,0.7491870407545749,160.1181130581048,18.96363517570292,2027,7,pronosticado
Viterbo,2027-08-01,103.94050335570469,0.7351866374057412,175.63556937372286,18.98848350563765,2027,8,pronosticado
Viterbo,2027-09-01,104.20299403430276,0.72757193039265,150.06411332089883,19.00221327463524,2027,9,pronosticado
Viterbo,2027-10-01,98.92895600298286,0.7323773018948504,263.24546136351034,18.76882328637874,2027,10,pronosticado
Viterbo,2027-11-01,95.68160328113348,0.7411003914684283,275.9645978475557,18.71983926595079,2027,11,pronosticado
Viterbo,2027-12-01,92.36566741237883,0.7513892971656799,181.64317424010878,18.872466152076218,2027,12,pronosticado
