Region,Mes,PDSI,aet,def,pet,ppt,q,soil,srad,swe,tmax,tmin,vap,vpd,ws
Caldas,2015-01,-0.7917191977077356,105.32722063037251,5.857306590257879,111.18452722063037,108.25816618911175,12.956160458452722,44.14240687679083,225.08510028653293,0.0,24.6354441260745,15.462808022922637,1.9656561604584528,0.6127220630372493,1.211948424068768
Caldas,2015-02,-0.7757306590257871,92.08538681948424,6.577077363896849,98.6624641833811,106.96103151862465,18.188538681948426,40.82636103151863,214.42836676217766,0.0,24.264097421203438,16.361891117478514,2.0175042979942694,0.581002865329513,1.2818624641833811
Caldas,2015-03,0.988051575931233,106.16934097421203,0.0,106.16934097421203,213.3702005730659,93.92034383954156,54.104871060171924,202.96160458452724,0.0011461318051575933,24.396790830945562,16.02214899713467,1.9908968481375358,0.5929799426934098,1.1011461318051576
Caldas,2015-04,-0.5444412607449848,103.28739255014328,0.0,103.28739255014328,194.01260744985674,90.6567335243553,54.173638968481384,206.01747851002867,0.0011461318051575933,24.362005730659025,15.906704871060173,2.042077363896848,0.5348710601719198,1.1430945558739254
Caldas,2015-05,-1.5333237822349561,102.13467048710602,0.34699140401146134,102.48166189111747,132.8352435530086,31.293123209169057,53.58051575931233,198.38567335243556,0.0002865329512893983,24.502664756446993,15.802550143266478,2.0280085959885388,0.5516332378223496,1.041375358166189
Caldas,2015-06,-2.1866189111747842,73.80315186246419,19.635816618911175,93.43896848137535,50.14183381088825,2.5054441260744986,27.41604584527221,185.53982808022923,0.0,24.255501432664758,15.886446991404014,1.9934699140401146,0.571432664756447,1.103438395415473
Caldas,2015-07,-2.2039541547277928,88.12836676217766,6.230659025787966,94.35902578796562,94.97392550143267,5.460744985673353,28.798567335243554,176.36676217765046,0.000859598853868195,24.90203438395416,16.361833810888253,2.002091690544413,0.6651002865329513,1.1220916905444127
Caldas,2015-08,-2.4722922636103144,101.376217765043,2.8868194842406876,104.26303724928367,122.52148997134671,13.710888252148997,36.22578796561605,192.52779369627507,0.0002865329512893983,25.683868194842407,16.18627507163324,2.014816618911175,0.7234957020057307,1.284297994269341
Caldas,2015-09,-2.9761604584527217,108.51002865329512,1.643839541547278,110.15386819484242,127.13323782234957,16.13409742120344,38.72263610315186,217.50487106017192,0.0,25.32601719197708,15.869627507163326,2.016888252148997,0.6532951289398281,1.228166189111748
Caldas,2015-10,-3.6643553008595977,100.35845272206303,0.0,100.35845272206303,219.90401146131805,104.09713467048711,54.173638968481384,193.05730659025787,0.0011461318051575933,24.03934097421204,15.523180515759316,1.9807650429799428,0.536189111747851,1.0959885386819483
Caldas,2015-11,-3.8618051575931225,91.72750716332379,0.0,91.72750716332379,194.42636103151864,102.69942693409742,54.173638968481384,191.03667621776506,0.0005730659025787966,23.218595988538684,16.520429799426935,2.0938739255014327,0.4043839541547278,1.0263323782234957
Caldas,2015-12,-4.338424068767908,73.79025787965617,28.852722063037252,102.64297994269342,44.83037249283668,2.240974212034384,22.977936962750718,205.8578796561605,0.0,24.861547277936964,15.448567335243556,2.0273610315186246,0.562865329512894,1.2851002865329513
Caldas,2016-01,-4.4656160458452705,84.46418338108883,22.044126074498568,106.5083094555874,86.38825214899714,4.672492836676218,20.22808022922636,212.80458452722064,0.0,25.58022922636103,16.1163323782235,2.046704871060172,0.672836676217765,1.0962464183381089
Caldas,2016-02,-4.73724928366762,52.903151862464185,47.98825214899714,100.89140401146132,50.20315186246419,2.509169054441261,15.01977077363897,218.86819484240687,0.0,24.99656160458453,17.187965616045847,2.1928252148997136,0.7358739255014326,1.261031518624642
Caldas,2016-03,-4.47134670487106,109.11289398280803,0.17564469914040115,109.28853868194844,155.38796561604585,20.149283667621777,41.14441260744986,211.13438395415474,0.0005730659025787966,24.685386819484243,15.9163323782235,2.106186246418338,0.6805444126074498,1.1349570200573067
Caldas,2016-04,-4.118624641833809,96.78481375358166,0.0,96.78481375358166,254.09111747851003,144.28051575931232,54.173638968481384,190.37478510028654,0.000859598853868195,24.394842406876794,16.6676217765043,2.1119083094555875,0.52621776504298,1.0387679083094556
Caldas,2016-05,-4.093696275071632,91.1730659025788,0.0,91.1730659025788,198.14555873925502,106.97249283667622,54.173638968481384,171.23467048710603,0.0005730659025787966,24.445558739255013,16.552435530085962,2.149297994269341,0.5536389684813754,1.136246418338109
Caldas,2016-06,-4.540687679083093,85.02464183381089,5.294842406876791,90.31948424068769,80.32664756446991,4.400859598853868,45.07593123209169,177.54297994269342,0.0002865329512893983,24.19914040114613,16.48280802292264,2.066621776504298,0.6176790830945559,1.192865329512894
Caldas,2016-07,-4.214899713467047,90.90573065902579,2.036389684813754,92.94212034383955,105.46590257879656,13.57707736389685,46.060171919770774,169.20114613180516,0.00171919770773639,24.87277936962751,15.632951289398285,1.9241948424068767,0.6677363896848137,1.2400286532951288
Caldas,2016-08,-3.759312320916904,102.2945558739255,0.02206303724928367,102.31661891117479,162.69398280802292,54.38681948424069,52.07220630372493,186.4624641833811,0.0005730659025787966,25.70573065902579,15.812320916905447,1.9566733524355302,0.7706590257879655,1.3530945558739256
Caldas,2016-09,-3.0323782234957006,100.27077363896848,0.0,100.27077363896848,212.66074498567338,110.28911174785101,54.173638968481384,195.3951289398281,0.0011461318051575933,24.59570200573066,15.589684813753586,1.9680515759312323,0.6419484240687678,1.1798567335243553
Caldas,2016-10,-3.3042979942693393,92.22435530085961,0.0,92.22435530085961,244.22836676217764,152.00372492836678,54.173638968481384,175.15845272206303,0.0014326647564469914,23.836962750716335,15.638108882521491,2.020060171919771,0.4642406876790831,1.1949570200573068
Caldas,2016-11,-4.254441260744984,82.62664756446992,0.0,82.62664756446992,121.5028653295129,38.87621776504298,54.173638968481384,171.4601719197708,0.0014326647564469914,22.41489971346705,16.079369627507166,2.0889656160458454,0.4063323782234957,1.1993696275071632
Caldas,2016-12,-3.7297994269340955,87.26418338108883,0.010315186246418338,87.27449856733526,142.50429799426934,55.257593123209176,54.15587392550144,174.26131805157596,0.002005730659025788,23.508595988538683,15.444699140401148,1.9986074498567334,0.4421203438395416,1.005616045845272
Caldas,2017-01,-3.345272206303723,94.065329512894,4.884813753581662,98.95014326647564,97.27822349570201,11.601719197707736,45.766189111747856,202.90974212034385,0.0,23.369627507163326,14.981661891117483,1.9483266475644698,0.5188252148997134,1.159942693409742
Caldas,2017-02,-2.838681948424067,101.18309455587394,2.1564469914040116,103.33954154727793,133.4538681948424,32.103724928366766,45.9381088825215,235.49455587392552,0.0,23.833524355300863,15.39684813753582,1.9888739255014325,0.6786532951289398,1.2304011461318052
Caldas,2017-03,-2.8833810888252134,104.73753581661892,3.7297994269340977,108.46733524355301,118.48309455587392,16.373925501432666,43.310028653295134,217.86934097421207,0.0,23.33954154727794,15.582808022922638,2.0002005730659027,0.5114040114613181,1.068166189111748
Caldas,2017-04,-3.0512893982808005,104.55014326647564,0.0,104.55014326647564,218.78366762177652,103.36848137535816,54.173638968481384,214.73696275071632,0.00171919770773639,23.897994269340977,16.023209169054446,2.068111747851003,0.5526647564469914,1.0941260744985675
Caldas,2017-05,-3.5690544412607434,98.32922636103152,0.0,98.32922636103152,155.84441260744987,57.51547277936963,54.173638968481384,193.42578796561605,0.0011461318051575933,23.781948424068773,15.842406876790834,2.0653982808022926,0.482378223495702,0.9491117478510029
Caldas,2017-06,-3.5604584527220613,87.81002865329513,0.013180515759312322,87.82320916905445,131.1191977077364,43.32836676217765,54.1512893982808,175.02091690544412,0.004584527220630373,23.75243553008596,15.42550143266476,1.944785100286533,0.4911174785100287,0.922836676217765
Caldas,2017-07,-3.7209169054441245,81.23409742120344,12.06676217765043,93.30085959885388,64.02636103151863,3.3770773638968485,33.57249283667622,172.35386819484242,0.000859598853868195,24.687965616045847,15.752435530085963,1.9281174785100288,0.6986819484240688,1.3241547277936963
Caldas,2017-08,-2.7252148997134658,96.7787965616046,0.0,96.7787965616046,217.4730659025788,99.94183381088827,54.1730659025788,191.2727793696275,0.14727793696275074,22.28194842406877,14.814040114613185,1.87432664756447,0.6675931232091691,1.0818911174785102
Caldas,2017-09,-2.739541547277936,95.03237822349571,0.0,95.03237822349571,153.2077363896848,58.28280802292264,54.173638968481384,194.28252148997137,0.03925501432664757,23.050429799426936,15.183381088825218,1.8946074498567333,0.6173352435530086,1.1536676217765043
Caldas,2017-10,-2.4323782234957005,92.76131805157593,0.0,92.76131805157593,307.09398280802293,214.3412607449857,54.173638968481384,182.6541547277937,0.031232091690544413,22.945845272206306,14.907163323782239,1.9406160458452721,0.4747277936962751,1.162893982808023
Caldas,2017-11,-2.034097421203437,87.69856733524357,0.0,87.69856733524357,253.9759312320917,166.30458452722064,54.173638968481384,171.89541547277938,0.0037249283667621777,24.270200573065907,14.402578796561608,1.8489169054441261,0.398567335243553,1.2368194842406879
Caldas,2017-12,-1.6123209169054429,91.80114613180517,0.004297994269340974,91.8054441260745,158.06103151862465,66.26848137535816,54.16618911174785,186.2942693409742,0.0028653295128939836,23.418624641833812,15.243266475644702,2.0029770773638966,0.4783381088825215,1.1882808022922635
Caldas,2018-01,-0.48710601719197527,97.58309455587393,0.9169054441260746,98.5,144.19598853868195,48.18309455587393,52.598853868194844,201.38166189111746,0.0,23.56275071633238,15.071919770773643,1.9279398280802291,0.5178510028653295,0.7527220630372494
Caldas,2018-02,-0.34584527220630196,80.45386819484241,2.554441260744986,83.0083094555874,96.97650429799428,20.202005730659025,48.918624641833816,178.42836676217766,0.0,23.802578796561605,15.406876790830948,1.9622005730659025,0.449541547277937,0.7627507163323782
Caldas,2018-03,-0.28395415472779256,105.04469914040114,0.10458452722063037,105.14928366762177,143.765329512894,36.33409742120344,51.305444126074505,204.6896848137536,0.0002865329512893983,24.43925501432665,15.682521489971348,1.9822005730659027,0.5620343839541547,0.8647564469914041
Caldas,2018-04,0.033237822349571323,95.55530085959886,0.0,95.55530085959886,254.01747851002867,155.58338108882523,54.173638968481384,192.51919770773637,0.009742120343839542,23.123209169054444,15.290544412607455,1.9724498567335242,0.4572492836676218,0.8263610315186247
Caldas,2018-05,1.7166189111747865,86.43180515759313,0.0,86.43180515759313,352.18882521489974,265.7595988538682,54.173638968481384,165.54871060171922,0.007449856733524355,23.511747851002866,15.181088825214902,1.9460974212034383,0.3517478510028653,0.7303724928366763
Caldas,2018-06,1.401719197707738,85.0487106017192,0.0,85.0487106017192,147.28882521489973,62.24297994269342,54.173638968481384,170.15071633237824,0.004297994269340974,23.863896848137536,15.509169054441262,1.967140401146132,0.3081948424068768,0.7830945558739255
Caldas,2018-07,1.340401146131807,89.79856733524356,0.4578796561604585,90.25644699140402,118.48366762177652,29.47335243553009,53.38796561604585,169.35616045845273,0.004011461318051576,24.657306590257885,15.36389684813754,1.9104154727793696,0.29988538681948423,0.9475644699140401
Caldas,2018-08,0.9994269340974226,102.87449856733525,0.3515759312320917,103.22607449856734,140.69340974212034,38.25787965616046,52.952435530085964,194.46074498567336,0.0025787965616045844,25.03896848137536,14.932091690544416,1.867733524355301,0.41561604584527223,1.0971346704871061
Caldas,2018-09,1.462177650429801,92.83123209169055,0.0,92.83123209169055,223.1541547277937,129.10085959885387,54.173638968481384,181.62263610315188,0.00171919770773639,24.599713467048712,15.124355300859603,1.926252148997135,0.38515759312320924,0.7830945558739255
Caldas,2018-10,1.1965616045845282,89.36876790830945,0.0,89.36876790830945,290.5318051575931,201.16103151862464,54.173638968481384,172.19140401146132,0.0037249283667621777,23.488252148997137,15.172779369627511,1.9733065902578795,0.37148997134670486,0.6739255014326648
Caldas,2018-11,1.4575931232091706,87.7189111747851,0.0,87.7189111747851,274.97077363896847,187.25329512893984,54.173638968481384,182.3710601719198,0.0022922636103151865,23.341260744985675,15.434097421203441,2.0200143266475643,0.41060171919770777,0.7464183381088825
Caldas,2018-12,-0.10343839541547048,82.68223495702006,19.50114613180516,102.18338108882521,58.37163323782235,2.9194842406876793,26.95100286532951,210.36217765042983,0.0,24.29140401146132,14.693982808022925,1.920057306590258,0.6112893982808023,0.9209169054441262
Caldas,2019-01,-0.8441260744985658,83.00659025787967,24.335530085959885,107.34212034383954,85.79025787965617,5.382234957020057,24.349570200573066,210.56160458452723,0.0,25.361031518624642,16.174212034383956,1.8327106017191976,0.8811747851002866,0.9292263610315187
Caldas,2019-02,-0.6487106017191958,93.64441260744987,4.635243553008596,98.27965616045844,125.33094555873926,20.393123209169058,35.64183381088825,208.3372492836676,0.0,25.865329512893982,16.551002865329515,2.02,0.7641260744985674,0.9819484240687679
Caldas,2019-03,-0.239255014326646,108.41891117478511,2.342406876790831,110.76131805157594,165.99856733524356,51.460458452722065,41.76246418338109,210.6601719197708,0.0005730659025787966,25.480515759312322,16.637249283667625,2.0692005730659027,0.67378223495702,0.9607449856733524
Caldas,2019-04,-0.22636103151862305,100.60200573065902,0.0,100.60200573065902,252.06532951289398,139.0510028653295,54.173638968481384,196.04441260744986,0.0011461318051575933,25.070200573065904,16.466762177650434,2.0787707736389684,0.6115759312320916,0.8934097421203439
Caldas,2019-05,-0.3206303724928352,103.10143266475644,0.0,103.10143266475644,239.1297994269341,136.02865329512895,54.173638968481384,195.21977077363897,0.0005730659025787966,25.093123209169054,16.740401146131806,2.027997134670487,0.6740687679083095,0.9979942693409742
Caldas,2019-06,-0.8753581661891101,104.71318051575932,0.5243553008595988,105.23753581661892,146.94756446991406,43.136962750716336,53.274785100286536,203.16103151862464,0.0002865329512893983,25.710601719197708,16.923209169054445,1.9796876790830946,0.8007449856733524,1.1954154727793695
Caldas,2019-07,-1.6300859598853854,81.82750716332379,38.012320916905445,119.83982808022922,58.509742120343844,3.9727793696275073,25.981088825214897,221.9005730659026,0.0005730659025787966,26.214613180515762,16.536389684813756,1.8270716332378225,0.9964183381088825,1.319484240687679
Caldas,2019-08,-2.8653295128939815,55.54355300859599,73.143553008596,128.68710601719198,50.232664756446994,3.0303724928366766,17.638681948424072,235.68939828080232,0.0,26.01948424068768,16.498853868194846,1.749616045845272,1.0501432664756447,1.4684813753581663
Caldas,2019-09,-3.5495702005730645,111.94928366762178,4.265042979942693,116.21432664756448,126.77564469914041,7.580229226361031,24.889971346704872,226.8765042979943,0.0,25.720916905444128,16.469340974212038,1.8429570200573067,0.9154727793696275,1.080515759312321
Caldas,2019-10,-3.9733524355300847,106.50744985673352,0.980515759312321,107.48796561604586,234.50544412607454,107.52865329512893,45.35501432664757,209.69455587392554,0.00171919770773639,24.21375358166189,15.867908309455588,1.9274871060171919,0.6338681948424069,0.9851002865329513
Caldas,2019-11,-4.128653295128938,93.92005730659025,0.0,93.92005730659025,206.63323782234957,104.74641833810888,53.32177650429799,192.08939828080227,0.0005730659025787966,24.337535816618914,16.081375358166195,2.020828080229226,0.5612034383954155,0.9779369627507164
Caldas,2019-12,-3.7323782234957004,98.51633237822351,1.4309455587392552,99.94727793696275,135.28280802292264,39.04183381088826,51.048424068767915,200.32836676217767,0.0002865329512893983,24.979369627507168,16.40716332378224,1.9863065902578796,0.6907163323782235,0.877650429799427
Caldas,2020-01,-3.6921489971346695,97.44957020057306,19.18166189111748,116.63123209169055,82.88739255014328,5.689398280802292,30.7974212034384,231.85931232091693,0.0,25.21117478510029,16.37220630372493,1.8521260744985675,0.8402578796561605,1.2300859598853868
Caldas,2020-02,-4.1663610315186235,61.749283667621775,54.19598853868195,115.94527220630373,51.35501432664757,2.5690544412607452,17.83810888252149,244.54670487106017,0.0,26.22779369627507,16.949856733524356,1.8591232091690546,0.9897421203438396,1.3011461318051576
Caldas,2020-03,-4.606246418338108,90.66876790830946,36.46991404011462,127.13868194842408,93.54928366762178,4.770773638968481,15.949283667621778,237.24441260744987,0.0,26.05386819484241,17.529226361031522,1.9020945558739255,0.9760458452722063,1.1693409742120344
Caldas,2020-04,-5.137879656160457,96.72865329512895,15.543839541547278,112.27249283667621,169.33810888252148,52.783381088825216,35.77106017191977,215.7727793696275,0.000859598853868195,25.29971346704871,17.219484240687684,1.9312664756446993,0.8487392550143266,1.027220630372493
Caldas,2020-05,-4.592292263610314,105.52320916905444,0.0,105.52320916905444,247.82607449856735,128.1464183381089,49.92779369627507,190.1785100286533,0.0002865329512893983,25.698280802292267,17.390544412607454,1.950243553008596,0.8668767908309456,1.1234957020057308
Caldas,2020-06,-4.3866475644699126,104.47765042979944,0.06332378223495702,104.5409742120344,152.8111747851003,46.34441260744986,51.91575931232092,205.0137535816619,0.000859598853868195,25.064183381088828,16.540114613180517,1.8974813753581663,0.7961604584527221,1.0467048710601718
Caldas,2020-07,-3.264727793696274,106.30888252148998,0.10888252148997135,106.41776504297995,179.0381088825215,70.99169054441262,53.65243553008596,197.82865329512893,0.000859598853868195,25.931518624641836,16.097994269340976,1.821458452722063,0.9374785100286533,1.0802292263610316
Caldas,2020-08,-2.6204584527220622,110.06876790830945,0.3017191977077364,110.3704871060172,196.59914040114614,86.64469914040114,53.538395415472785,204.65300859598855,0.0005730659025787966,25.490544412607452,16.142406876790833,1.8435128939828078,0.8678510028653295,1.1621776504297996
Caldas,2020-09,-2.5495128939828073,111.76361031518624,0.027220630372492838,111.79083094555874,173.31461318051578,60.977936962750725,54.11174785100287,221.57994269340978,0.000859598853868195,24.92492836676218,15.705730659025791,1.8551461318051576,0.7657879656160458,1.1398280802292264
Caldas,2020-10,-3.2288825214899703,104.45616045845273,0.6504297994269341,105.10659025787967,204.58538681948426,101.18252148997136,53.05787965616046,200.69283667621778,0.0014326647564469914,24.179083094555875,16.11031518624642,1.902154727793696,0.6759025787965617,1.1421203438395415
Caldas,2020-11,-3.220458452722062,98.97650429799428,0.0,98.97650429799428,225.67191977077363,125.57908309455587,54.173638968481384,205.60200573065904,0.0014326647564469914,23.577363896848137,15.699140401146135,1.9282005730659026,0.5555587392550144,1.0458452722063036
Caldas,2020-12,-2.6317478510028645,99.2406876790831,0.17736389684813755,99.41805157593123,161.8051575931232,62.87335243553009,53.86676217765043,200.5352435530086,0.0,23.888538681948425,15.953868194842409,1.9217765042979944,0.6087679083094556,1.0613180515759313
Caldas,2021-01,-2.8656733524355293,70.69140401146133,38.938395415472776,109.63438395415473,54.06303724928367,10.36189111747851,26.874498567335245,211.05243553008597,0.0,25.03810888252149,16.198853868194846,1.7176103151862465,0.9578510028653295,1.1902578796561605
Caldas,2021-02,-2.5523495702005725,89.2839541547278,13.479942693409741,102.76704871060173,129.954441260745,28.14154727793696,39.39770773638969,215.21002865329513,0.0,25.35845272206304,16.080515759312323,1.8777908309455589,0.8282234957020058,1.1988538681948424
Caldas,2021-03,-1.7892550143266468,108.20487106017193,1.1020057306590259,109.30716332378225,189.2183381088825,74.93151862464184,45.47822349570201,210.0842406876791,0.0031518624641833815,24.050143266475644,15.525787965616049,1.8987650429799428,0.6336389684813754,1.0369627507163324
Caldas,2021-04,-2.157392550143266,98.5624641833811,0.0,98.5624641833811,195.2114613180516,90.55186246418339,51.57478510028654,191.5948424068768,0.0025787965616045844,24.27765042979943,16.19656160458453,1.8810143266475645,0.7236676217765043,0.963896848137536
Caldas,2021-05,-1.9436962750716322,98.2355300859599,0.0,98.2355300859599,253.13381088825219,152.30143266475645,54.173638968481384,185.99742120343842,0.0011461318051575933,24.546131805157593,16.237535816618916,1.9778796561604584,0.6330372492836677,0.9584527220630372
Caldas,2021-06,-1.502979942693409,96.24813753581661,0.0,96.24813753581661,191.8813753581662,95.63151862464184,54.173638968481384,192.48080229226363,0.0028653295128939836,24.30200573065903,15.779369627507165,1.925358166189112,0.6441833810888252,0.9555873925501432
Caldas,2021-07,-1.0316332378223487,103.00200573065904,2.2303724928366764,105.23295128939829,142.7467048710602,43.57994269340975,50.33925501432665,194.8243553008596,0.002005730659025788,25.663323782234958,15.828939828080232,1.8034297994269342,0.9146418338108881,1.1848137535816619
Caldas,2021-08,0.13438395415472867,106.61088825214901,0.0679083094555874,106.6779369627507,227.96275071633238,117.6432664756447,54.0461318051576,203.6412607449857,0.002005730659025788,24.80573065902579,15.457593123209172,1.9442378223495702,0.6597421203438395,1.0965616045845272
Caldas,2021-09,-0.0542120343839534,104.84785100286534,0.032664756446991405,104.88080229226361,168.97249283667622,64.0541547277937,54.11776504297995,203.85472779369627,0.0011461318051575933,24.805444126074498,15.585959885386822,1.765618911174785,0.8436103151862465,1.1212034383954155
Caldas,2021-10,-0.06607449856733427,96.45186246418339,0.0,96.45186246418339,299.7272206303725,203.21805157593124,54.173638968481384,185.47965616045846,0.0014326647564469914,23.77736389684814,15.708882521489972,1.9611547277936963,0.5406876790830946,0.9876790830945559
Caldas,2021-11,-0.6354441260744975,91.21518624641834,0.0,91.21518624641834,200.39283667621777,109.1779369627507,54.173638968481384,187.28624641833812,0.0011461318051575933,23.547851002865333,15.669627507163327,1.9863180515759313,0.49252148997134676,0.9681948424068769
Caldas,2021-12,-0.22828080229226272,93.98194842406878,0.24383954154727797,94.22607449856734,163.60888252148996,70.04527220630374,53.756160458452726,187.43438395415475,0.0005730659025787966,24.28338108882522,16.350143266475648,2.0221260744985674,0.5731805157593123,0.9656160458452722
Caldas,2022-01,-0.29349570200572983,89.74469914040115,8.445558739255015,98.19025787965616,89.82234957020057,11.638108882521491,42.19312320916906,194.74183381088827,0.0,24.160744985673354,15.48710601719198,1.9215100286532951,0.6244985673352436,1.03810888252149
Caldas,2022-02,-0.05647564469913949,85.24183381088825,7.728366762177651,92.97134670487107,123.34985673352438,38.23352435530086,42.065042979942696,200.70744985673355,0.0,24.24785100286533,15.355873925501434,1.9271146131805157,0.6210888252148997,0.995702005730659
Caldas,2022-03,0.9672206303724936,102.45386819484241,0.0,102.45386819484241,226.47650429799427,113.54957020057307,52.53667621776504,197.34441260744984,0.00171919770773639,24.097994269340976,15.80143266475645,1.998008595988539,0.547106017191977,0.9759312320916906
Caldas,2022-04,0.8976790830945568,96.64068767908309,0.0,96.64068767908309,244.50544412607454,146.22578796561606,54.173638968481384,190.64212034383957,0.0028653295128939827,23.97736389684814,15.97191977077364,1.9648280802292264,0.5864183381088826,0.9492836676217765
Caldas,2022-05,0.2665902578796572,98.29828080229225,1.1472779369627508,99.44469914040116,193.60916905444128,97.28280802292265,52.202292263610325,188.27363896848138,0.00171919770773639,24.445845272206306,16.21977077363897,1.909329512893983,0.6998853868194843,1.002865329512894
Caldas,2022-06,2.719025787965617,86.62206303724929,0.0,86.62206303724929,334.7730659025788,246.17507163323785,54.173638968481384,174.33982808022924,0.008882521489971347,23.2432664756447,14.96246418338109,1.980318051575931,0.4343266475644699,0.7793696275071633
Caldas,2022-07,3.175644699140402,96.66504297994268,0.2842406876790831,96.94957020057306,159.71977077363897,63.5487106017192,53.68624641833811,186.62836676217765,0.0028653295128939836,24.93438395415473,15.22091690544413,1.844458452722063,0.7540401146131805,0.9707736389684815
Caldas,2022-08,2.9564756446991414,103.65501432664756,0.6292263610315187,104.28510028653295,166.68796561604586,63.85071633237823,52.86991404011462,198.12550143266478,0.0022922636103151865,24.626934097421206,15.346418338108885,1.8331690544412609,0.7512320916905444,1.0911174785100286
Caldas,2022-09,2.6276504297994276,102.18338108882521,0.0,102.18338108882521,182.2919770773639,78.8974212034384,54.07936962750716,202.51260744985674,0.00171919770773639,24.30085959885387,15.256446991404014,1.8839770773638969,0.6544699140401146,1.1014326647564472
Caldas,2022-10,2.4811174785100296,89.53696275071634,0.0,89.53696275071634,314.4495702005731,224.8169054441261,54.173638968481384,170.54555873925503,0.00343839541547278,23.33896848137536,15.328366762177653,1.966567335243553,0.4757593123209169,1.0564469914040113
Caldas,2022-11,2.1869054441260753,88.45873925501434,0.0,88.45873925501434,244.65272206303726,156.19426934097422,54.173638968481384,182.04498567335244,0.0028653295128939836,23.074785100286533,15.37736389684814,1.950991404011461,0.4692263610315186,1.0191977077363896
Caldas,2022-12,1.4315759312320926,93.45931232091691,3.460171919770774,96.9191977077364,110.71375358166189,23.203151862464185,48.22664756446992,198.11031518624642,0.0,23.29598853868195,15.532378223495705,1.8886160458452723,0.5697421203438395,0.9994269340974212
Caldas,2023-01,1.8147277936962762,99.6647564469914,4.163323782234957,103.82722063037251,144.14441260744985,46.77879656160459,45.925214899713474,207.63409742120345,0.0,23.864756446991407,15.19111747851003,1.8641805157593125,0.6345272206303726,1.0220630372492836
Caldas,2023-02,1.3195988538681958,84.26475644699141,17.319197707736393,101.58366762177651,94.4704871060172,17.575358166189112,38.55931232091691,220.59369627507164,0.0,24.54527220630373,15.653295128939831,1.813378223495702,0.7897134670487106,1.1530085959885388
Caldas,2023-03,2.080945558739256,99.14928366762177,0.01346704871060172,99.16275071633238,227.9406876790831,116.6166189111748,50.730085959885386,188.55616045845275,0.002005730659025788,23.98252148997135,15.685959885386824,1.98243553008596,0.5458166189111748,0.9707736389684815
Caldas,2023-04,1.6867048710601729,97.03266475644699,0.0,97.03266475644699,245.41805157593126,144.94183381088826,54.173638968481384,191.95816618911178,0.0011461318051575933,24.03896848137536,16.033524355300862,1.991833810888252,0.5667908309455587,0.9260744985673353
Caldas,2023-05,1.2873925501432675,101.35358166189113,0.0,101.35358166189113,223.83381088825215,122.48137535816619,54.173638968481384,190.878223495702,0.0005730659025787966,25.11146131805158,16.885386819484243,1.9888997134670487,0.7266189111747852,1.0148997134670488
Caldas,2023-06,0.8200573065902588,100.17077363896848,1.4148997134670487,101.58424068767908,146.88510028653295,49.14441260744986,51.74469914040115,197.90630372492836,0.0005730659025787966,25.12951289398281,16.8487106017192,1.949166189111748,0.7718051575931233,1.0799426934097422
Caldas,2023-07,0.4946704871060181,101.69111747851004,3.3621776504297998,105.0492836676218,109.66848137535817,12.673352435530086,47.05300859598854,190.81547277936966,0.0002865329512893983,26.19054441260745,16.47707736389685,1.9284269340974212,0.8838108882521489,1.1977077363896849
Caldas,2023-08,1.247679083094557,109.44269340974212,0.43323782234957026,109.8756446991404,245.7272206303725,130.7595988538682,52.57908309455588,201.3618911174785,0.0002865329512893983,25.839541547277936,16.55902578796562,1.9258796561604585,0.8529799426934097,1.2048710601719197
Caldas,2023-09,-0.32346704871060095,107.3787965616046,9.658452722063037,117.03896848137535,113.01977077363897,19.975358166189114,38.24469914040115,223.88481375358168,0.0,25.89627507163324,16.851862464183384,1.8114183381088826,0.9926647564469914,1.2716332378223496
Caldas,2023-10,-1.1539541547277927,99.96418338108883,0.3785100286532952,100.34240687679083,242.91232091690546,132.47249283667622,48.71518624641834,186.732664756447,0.000859598853868195,24.51547277936963,16.504871060171922,1.9845845272206304,0.6536389684813754,1.0616045845272206
Caldas,2023-11,-1.7790830945558729,97.82435530085961,0.0,97.82435530085961,202.60372492836674,101.07793696275073,52.41719197707737,198.83982808022924,0.0005730659025787966,24.11289398280803,16.41547277936963,2.0008166189111747,0.582378223495702,1.0994269340974212
Caldas,2023-12,-1.898280802292263,97.31146131805158,1.594269340974212,98.90458452722065,124.38080229226361,29.017191977077363,50.47020057306591,195.6787965616046,0.0002865329512893983,24.459885386819483,16.69598853868195,2.0202808022922634,0.6195988538681949,1.0429799426934097
Caldas,2024-01,-2.6949570200573056,59.43581661891118,64.63610315186246,124.06934097421205,31.953295128939832,1.6673352435530084,21.32406876790831,249.24928366762177,0.0,25.62005730659026,16.946418338108884,1.816765042979943,0.9688538681948424,1.233810888252149
Caldas,2024-02,-2.886131805157592,80.02865329512893,25.334097421203438,105.36103151862464,85.13896848137536,4.7438395415472785,21.688825214899715,223.77736389684816,0.0,25.45358166189112,16.561604584527224,2.0181833810888254,0.7168767908309456,1.1578796561604585
Caldas,2024-03,-3.263553008595988,87.27994269340975,35.178796561604585,122.45644699140402,100.0191977077364,12.158739255014329,22.269054441260746,229.63409742120345,0.0,25.92005730659026,17.623495702005734,1.9638338108882523,0.8967621776504299,1.1659025787965618
Caldas,2024-04,-3.811805157593122,105.91489971346705,0.0,105.91489971346705,210.97191977077364,73.50143266475645,53.82750716332378,203.35616045845273,0.0005730659025787966,24.903151862464185,16.897707736389687,1.9610945558739257,0.7451862464183381,1.0160458452722063
Caldas,2024-05,-3.448051575931231,96.15128939828081,0.07908309455587392,96.23037249283668,232.67163323782236,136.5383954154728,53.80888252148997,177.87421203438396,0.0002865329512893983,25.20515759312321,16.979083094555875,2.106885386819484,0.6169340974212034,0.9885386819484241
Caldas,2024-06,-2.437793696275071,90.24785100286535,0.0,90.24785100286535,219.29799426934096,128.68481375358166,54.173638968481384,174.82636103151862,0.0011461318051575933,24.664756446991404,16.383954154727796,2.040077363896848,0.6001719197707737,0.9040114613180515
Caldas,2024-07,-2.244899713467048,102.06303724928367,2.884240687679083,104.94670487106018,119.82578796561606,22.719197707736388,49.220630372492835,195.9922636103152,0.000859598853868195,25.767335243553013,16.05386819484241,1.9674871060171921,0.7683667621776505,1.1893982808022923
Caldas,2024-08,-2.403667621776503,109.32664756446991,3.605730659025788,112.93209169054442,132.0214899713467,25.933810888252147,45.98022922636103,212.16389684813754,0.0002865329512893983,25.304297994269344,16.02378223495702,1.8585329512893984,0.8332378223495702,1.2146131805157594
Caldas,2024-09,-3.078796561604584,105.6779369627507,11.402292263610315,117.07965616045846,106.88681948424069,12.415759312320917,34.773925501432664,229.2856733524355,0.0,25.577363896848137,16.532951289398284,1.8765042979942692,0.863868194842407,1.2601719197707737
Caldas,2024-10,-3.63106017191977,102.85530085959886,0.0,102.85530085959886,231.765329512894,110.53123209169055,53.14727793696275,194.52893982808024,0.0011461318051575933,24.21174785100287,16.20114613180516,1.9235759312320917,0.6582521489971347,1.0957020057306592
Caldas,2024-11,-2.423896848137535,86.89083094555875,0.0,86.89083094555875,314.85300859598857,226.93438395415475,54.173638968481384,175.29025787965617,0.0025787965616045844,23.2163323782235,15.518911174785105,1.982303724928367,0.4561318051575931,1.0240687679083096
Caldas,2024-12,-1.3722636103151853,90.06189111747851,0.0,90.06189111747851,194.99914040114612,104.93896848137537,54.173638968481384,178.89054441260745,0.0011461318051575933,23.814899713467053,16.051002865329515,2.0026389684813757,0.5281661891117478,0.9977077363896848
